{
  "pauseDelayAmount": 100,
  "frames": [
    {
      "itemType": 61,
      "tilePositionOfsets": [
        5643
      ],
      "shouldPause": false
    },
    {
      "itemType": 80,
      "tilePositionOfsets": [
        6338
      ],
      "shouldPause": false
    },
    {
      "itemType": 52,
      "tilePositionOfsets": [
        5950
      ],
      "shouldPause": false
    },
    {
      "itemType": 74,
      "tilePositionOfsets": [
        4451
      ],
      "shouldPause": false
    },
    {
      "itemType": 77,
      "tilePositionOfsets": [
        5465
      ],
      "shouldPause": false
    },
    {
      "itemType": 92,
      "tilePositionOfsets": [
        5432
      ],
      "shouldPause": false
    },
    {
      "itemType": 75,
      "tilePositionOfsets": [
        4851
      ],
      "shouldPause": false
    },
    {
      "itemType": 54,
      "tilePositionOfsets": [
        3639
      ],
      "shouldPause": false
    },
    {
      "itemType": 97,
      "tilePositionOfsets": [
        3444
      ],
      "shouldPause": false
    },
    {
      "itemType": 54,
      "tilePositionOfsets": [
        3239
      ],
      "shouldPause": false
    },
    {
      "itemType": 52,
      "tilePositionOfsets": [
        5965
      ],
      "shouldPause": false
    },
    {
      "itemType": 52,
      "tilePositionOfsets": [
        5955
      ],
      "shouldPause": false
    },
    {
      "itemType": 52,
      "tilePositionOfsets": [
        5960
      ],
      "shouldPause": false
    },
    {
      "itemType": 52,
      "tilePositionOfsets": [
        5455
      ],
      "shouldPause": false
    },
    {
      "itemType": 75,
      "tilePositionOfsets": [
        4438
      ],
      "shouldPause": false
    },
    {
      "itemType": 342,
      "tilePositionOfsets": [
        6352
      ],
      "shouldPause": false
    },
    {
      "itemType": 50,
      "tilePositionOfsets": [
        4561
      ],
      "shouldPause": false
    },
    {
      "itemType": 81,
      "tilePositionOfsets": [
        5361
      ],
      "shouldPause": false
    },
    {
      "itemType": 106,
      "tilePositionOfsets": [
        3824,
        3871,
        3724,
        3725,
        3726,
        3771,
        3624,
        3625,
        3626,
        3671,
        3524,
        3525,
        3526,
        3570,
        3571,
        3424,
        3425,
        3426,
        3470,
        3471,
        3324,
        3325,
        3370,
        3371,
        3224,
        3225,
        3270,
        3124,
        3125,
        3170,
        3024,
        3025,
        3070,
        2925,
        2970,
        2971,
        2825,
        2870,
        2871,
        2725,
        2770,
        2771,
        2625,
        2670,
        2671,
        2525,
        2570,
        2571,
        2425,
        2470,
        2325,
        2370,
        2225,
        2270,
        2125,
        2169,
        2170,
        2025,
        2026,
        2069,
        2070,
        1926,
        1927,
        1928,
        1968,
        1969,
        1827,
        1828,
        1829,
        1830,
        1831,
        1868,
        1729,
        1730,
        1731,
        1732,
        1733,
        1768,
        1631,
        1632,
        1633,
        1634,
        1668,
        1669,
        1532,
        1533,
        1534,
        1535,
        1536,
        1537,
        1568,
        1435,
        1436,
        1437,
        1468,
        1336,
        1337,
        1338,
        1339,
        1340,
        1341,
        1363,
        1364,
        1365,
        1240,
        1241,
        1242,
        1243,
        1244,
        1262,
        1263,
        1264,
        1142,
        1143,
        1144,
        1145,
        1146,
        1147,
        1161,
        1162,
        1163,
        1046,
        1047,
        1055,
        1056,
        1057,
        1058,
        1059,
        1060,
        1061
      ],
      "shouldPause": false
    },
    {
      "itemType": 106,
      "tilePositionOfsets": [
        1366,
        1367,
        1368
      ],
      "shouldPause": false
    },
    {
      "itemType": 87,
      "tilePositionOfsets": [
        3758
      ],
      "shouldPause": false
    },
    {
      "itemType": 330,
      "tilePositionOfsets": [
        4963
      ],
      "shouldPause": false
    },
    {
      "itemType": 25,
      "tilePositionOfsets": [
        6336,
        6236,
        6136,
        6036,
        5936,
        5836,
        5736
      ],
      "shouldPause": false
    },
    {
      "itemType": 25,
      "tilePositionOfsets": [
        5731,
        5732,
        5733,
        5734,
        5735
      ],
      "shouldPause": false
    },
    {
      "itemType": 25,
      "tilePositionOfsets": [
        6436,
        6437,
        6438,
        6439,
        6440,
        6441,
        6442,
        6443,
        6444,
        6445,
        6446,
        6447,
        6448,
        6449,
        6450,
        6451,
        6452,
        6453,
        6454,
        6455,
        6456,
        6457,
        6458,
        6459,
        6460,
        6461,
        6462,
        6463,
        6464,
        6465,
        6466,
        6467,
        6468,
        6469
      ],
      "shouldPause": false
    },
    {
      "itemType": 25,
      "tilePositionOfsets": [
        6470,
        6370,
        6270,
        6170,
        6070,
        5970,
        5870,
        5770,
        5670,
        5570,
        5470,
        5370,
        5270,
        5170,
        5070,
        4970,
        4870,
        4770,
        4670,
        4570,
        4470,
        4370,
        4270,
        4170,
        4070
      ],
      "shouldPause": false
    },
    {
      "itemType": 25,
      "tilePositionOfsets": [
        4030,
        4031,
        4032,
        4033,
        4034,
        4035,
        4036,
        4037,
        4038,
        4039,
        4040,
        4041,
        4048,
        4054,
        4055,
        4056,
        4057,
        4058,
        4059,
        4060,
        4061,
        4062,
        4063,
        4064,
        4065,
        4066,
        4067,
        4068,
        4069
      ],
      "shouldPause": false
    },
    {
      "itemType": 25,
      "tilePositionOfsets": [
        5027,
        5028,
        5029,
        4926,
        4826,
        4726,
        4626,
        4526,
        4426,
        4326,
        4226,
        4126,
        4027,
        4028,
        4029
      ],
      "shouldPause": false
    },
    {
      "itemType": 25,
      "tilePositionOfsets": [
        5026
      ],
      "shouldPause": false
    },
    {
      "itemType": 25,
      "tilePositionOfsets": [
        4026
      ],
      "shouldPause": false
    },
    {
      "itemType": 144,
      "tilePositionOfsets": [
        4049
      ],
      "shouldPause": false
    },
    {
      "itemType": 25,
      "tilePositionOfsets": [
        5730,
        5630,
        5530,
        5430,
        5330,
        5230,
        5130,
        5030
      ],
      "shouldPause": false
    },
    {
      "itemType": 54,
      "tilePositionOfsets": [
        6474
      ],
      "shouldPause": false
    },
    {
      "itemType": 54,
      "tilePositionOfsets": [
        4674
      ],
      "shouldPause": false
    },
    {
      "itemType": 76,
      "tilePositionOfsets": [
        4838
      ],
      "shouldPause": false
    },
    {
      "itemType": 54,
      "tilePositionOfsets": [
        2144
      ],
      "shouldPause": false
    },
    {
      "itemType": 342,
      "tilePositionOfsets": [
        2152
      ],
      "shouldPause": false
    },
    {
      "itemType": 54,
      "tilePositionOfsets": [
        2148
      ],
      "shouldPause": false
    },
    {
      "itemType": 54,
      "tilePositionOfsets": [
        4620
      ],
      "shouldPause": false
    },
    {
      "itemType": 54,
      "tilePositionOfsets": [
        6422
      ],
      "shouldPause": false
    },
    {
      "itemType": 95,
      "tilePositionOfsets": [
        4855
      ],
      "shouldPause": false
    },
    {
      "itemType": 75,
      "tilePositionOfsets": [
        3634
      ],
      "shouldPause": false
    },
    {
      "itemType": 50,
      "tilePositionOfsets": [
        2739
      ],
      "shouldPause": false
    },
    {
      "itemType": 76,
      "tilePositionOfsets": [
        3234
      ],
      "shouldPause": false
    },
    {
      "itemType": 176,
      "tilePositionOfsets": [
        7234
      ],
      "shouldPause": false
    },
    {
      "itemType": 96,
      "tilePositionOfsets": [
        4927
      ],
      "shouldPause": false
    },
    {
      "itemType": 54,
      "tilePositionOfsets": [
        2339
      ],
      "shouldPause": false
    },
    {
      "itemType": 75,
      "tilePositionOfsets": [
        4565
      ],
      "shouldPause": false
    },
    {
      "itemType": 54,
      "tilePositionOfsets": [
        7167
      ],
      "shouldPause": false
    },
    {
      "itemType": 76,
      "tilePositionOfsets": [
        1738
      ],
      "shouldPause": false
    },
    {
      "itemType": 176,
      "tilePositionOfsets": [
        7244
      ],
      "shouldPause": false
    },
    {
      "itemType": 176,
      "tilePositionOfsets": [
        7254
      ],
      "shouldPause": false
    },
    {
      "itemType": 176,
      "tilePositionOfsets": [
        7264
      ],
      "shouldPause": false
    },
    {
      "itemType": 176,
      "tilePositionOfsets": [
        5977
      ],
      "shouldPause": false
    },
    {
      "itemType": 176,
      "tilePositionOfsets": [
        4977
      ],
      "shouldPause": false
    },
    {
      "itemType": 176,
      "tilePositionOfsets": [
        5922
      ],
      "shouldPause": false
    },
    {
      "itemType": 176,
      "tilePositionOfsets": [
        4922
      ],
      "shouldPause": false
    },
    {
      "itemType": 96,
      "tilePositionOfsets": [
        6627
      ],
      "shouldPause": false
    },
    {
      "itemType": 113,
      "tilePositionOfsets": [
        7037
      ],
      "shouldPause": false
    },
    {
      "itemType": 113,
      "tilePositionOfsets": [
        7057
      ],
      "shouldPause": false
    },
    {
      "itemType": 113,
      "tilePositionOfsets": [
        5624
      ],
      "shouldPause": false
    },
    {
      "itemType": 113,
      "tilePositionOfsets": [
        5671
      ],
      "shouldPause": false
    },
    {
      "itemType": 75,
      "tilePositionOfsets": [
        6366
      ],
      "shouldPause": false
    },
    {
      "itemType": 185,
      "tilePositionOfsets": [
        4046
      ],
      "shouldPause": false
    },
    {
      "itemType": 184,
      "tilePositionOfsets": [
        4045
      ],
      "shouldPause": false
    },
    {
      "itemType": 183,
      "tilePositionOfsets": [
        4044
      ],
      "shouldPause": false
    },
    {
      "itemType": 182,
      "tilePositionOfsets": [
        4043
      ],
      "shouldPause": false
    },
    {
      "itemType": 181,
      "tilePositionOfsets": [
        4042
      ],
      "shouldPause": false
    },
    {
      "itemType": 75,
      "tilePositionOfsets": [
        6362
      ],
      "shouldPause": false
    },
    {
      "itemType": 50,
      "tilePositionOfsets": [
        2734
      ],
      "shouldPause": false
    },
    {
      "itemType": 92,
      "tilePositionOfsets": [
        2334
      ],
      "shouldPause": false
    },
    {
      "itemType": 93,
      "tilePositionOfsets": [
        2627
      ],
      "shouldPause": false
    },
    {
      "itemType": 88,
      "tilePositionOfsets": [
        3628
      ],
      "shouldPause": false
    },
    {
      "itemType": 80,
      "tilePositionOfsets": [
        5938
      ],
      "shouldPause": false
    },
    {
      "itemType": 25,
      "tilePositionOfsets": [
        6536
      ],
      "shouldPause": false
    },
    {
      "itemType": 25,
      "tilePositionOfsets": [
        5726,
        5727,
        5728,
        5729
      ],
      "shouldPause": false
    },
    {
      "itemType": 25,
      "tilePositionOfsets": [
        5631,
        5632,
        5633,
        5634,
        5635,
        5636
      ],
      "shouldPause": false
    },
    {
      "itemType": 25,
      "tilePositionOfsets": [
        6543,
        6544,
        6545,
        6546,
        6547,
        6548,
        6549,
        6550,
        6551,
        6552,
        6553,
        6554,
        6555,
        6556
      ],
      "shouldPause": false
    },
    {
      "itemType": 25,
      "tilePositionOfsets": [
        6563,
        6564,
        6565,
        6566,
        6567,
        6568,
        6569,
        6570
      ],
      "shouldPause": false
    },
    {
      "itemType": 25,
      "tilePositionOfsets": [
        6571,
        6471,
        6371,
        6271,
        6171,
        6071,
        5971,
        5871,
        5771
      ],
      "shouldPause": false
    },
    {
      "itemType": 25,
      "tilePositionOfsets": [
        5071,
        4971
      ],
      "shouldPause": false
    },
    {
      "itemType": 25,
      "tilePositionOfsets": [
        3954,
        3955,
        3956,
        3957,
        3958,
        3959,
        3960,
        3961,
        3962,
        3963,
        3964,
        3965,
        3966,
        3967,
        3968,
        3969,
        3970
      ],
      "shouldPause": false
    },
    {
      "itemType": 25,
      "tilePositionOfsets": [
        3925,
        3926,
        3927,
        3928,
        3929,
        3930,
        3931,
        3932,
        3933,
        3934,
        3935,
        3936,
        3937,
        3938,
        3939,
        3940,
        3941,
        3942,
        3943,
        3944,
        3945,
        3946,
        3947,
        3948
      ],
      "shouldPause": false
    },
    {
      "itemType": 25,
      "tilePositionOfsets": [
        5025,
        4925,
        4825,
        4725,
        4625,
        4525,
        4425,
        4325,
        4225,
        4125,
        4025
      ],
      "shouldPause": false
    },
    {
      "itemType": 25,
      "tilePositionOfsets": [
        6337,
        6237,
        6137,
        6037,
        5937,
        5837,
        5737,
        5637
      ],
      "shouldPause": false
    },
    {
      "itemType": 146,
      "tilePositionOfsets": [
        1548
      ],
      "shouldPause": false
    },
    {
      "itemType": 99,
      "tilePositionOfsets": [
        5677,
        5577,
        5477,
        5478,
        5479,
        5377,
        5277,
        5177,
        5178,
        5179,
        5079
      ],
      "shouldPause": false
    },
    {
      "itemType": 99,
      "tilePositionOfsets": [
        7157,
        7158,
        7159,
        7160,
        7161,
        7162,
        7163,
        7063,
        6963,
        6964,
        6864
      ],
      "shouldPause": false
    },
    {
      "itemType": 99,
      "tilePositionOfsets": [
        7238,
        7239,
        7137,
        7138,
        7139,
        7140,
        7141,
        7142,
        7043,
        6943
      ],
      "shouldPause": false
    },
    {
      "itemType": 99,
      "tilePositionOfsets": [
        5623,
        5523,
        5423,
        5322,
        5323,
        5223,
        5121,
        5122,
        5123
      ],
      "shouldPause": false
    },
    {
      "itemType": 99,
      "tilePositionOfsets": [
        3754,
        3654
      ],
      "shouldPause": false
    },
    {
      "itemType": 25,
      "tilePositionOfsets": [
        6636
      ],
      "shouldPause": false
    },
    {
      "itemType": 25,
      "tilePositionOfsets": [
        6643,
        6644,
        6645,
        6646,
        6647,
        6648,
        6649,
        6650,
        6651,
        6652,
        6653,
        6654,
        6655,
        6656
      ],
      "shouldPause": false
    },
    {
      "itemType": 25,
      "tilePositionOfsets": [
        6663,
        6664,
        6665,
        6666,
        6667,
        6668,
        6669,
        6670,
        6671,
        6672
      ],
      "shouldPause": false
    },
    {
      "itemType": 25,
      "tilePositionOfsets": [
        6572,
        6472,
        6372,
        6272,
        6172,
        6072,
        5972,
        5872,
        5772
      ],
      "shouldPause": false
    },
    {
      "itemType": 25,
      "tilePositionOfsets": [
        5072,
        4972,
        4871,
        4771,
        4671,
        4571,
        4471,
        4371,
        4271,
        4171,
        4071,
        3971
      ],
      "shouldPause": false
    },
    {
      "itemType": 25,
      "tilePositionOfsets": [
        3855,
        3856,
        3857,
        3858,
        3859,
        3860,
        3861,
        3862,
        3863,
        3864,
        3865,
        3866,
        3867,
        3868,
        3869,
        3870
      ],
      "shouldPause": false
    },
    {
      "itemType": 25,
      "tilePositionOfsets": [
        3972,
        3872
      ],
      "shouldPause": false
    },
    {
      "itemType": 25,
      "tilePositionOfsets": [
        4872,
        4772,
        4672,
        4572,
        4472,
        4372,
        4272,
        4172,
        4072
      ],
      "shouldPause": false
    },
    {
      "itemType": 25,
      "tilePositionOfsets": [
        3828,
        3829,
        3830,
        3831,
        3832,
        3833,
        3834,
        3835,
        3836,
        3837,
        3838,
        3839,
        3840,
        3841,
        3842,
        3843,
        3844,
        3845,
        3846,
        3847
      ],
      "shouldPause": false
    },
    {
      "itemType": 25,
      "tilePositionOfsets": [
        3854
      ],
      "shouldPause": false
    },
    {
      "itemType": 25,
      "tilePositionOfsets": [
        3848
      ],
      "shouldPause": false
    },
    {
      "itemType": 25,
      "tilePositionOfsets": [
        3825,
        3826,
        3827
      ],
      "shouldPause": false
    },
    {
      "itemType": 99,
      "tilePositionOfsets": [
        3748,
        3648
      ],
      "shouldPause": false
    },
    {
      "itemType": 99,
      "tilePositionOfsets": [
        3323,
        3223,
        3123,
        3023,
        2923,
        2924,
        2824,
        2724,
        2624
      ],
      "shouldPause": false
    },
    {
      "itemType": 99,
      "tilePositionOfsets": [
        3372,
        3271,
        3272,
        3171,
        3071,
        3072,
        2972,
        2872,
        2772
      ],
      "shouldPause": false
    },
    {
      "itemType": 74,
      "tilePositionOfsets": [
        2358
      ],
      "shouldPause": false
    },
    {
      "itemType": 76,
      "tilePositionOfsets": [
        2361
      ],
      "shouldPause": false
    },
    {
      "itemType": 75,
      "tilePositionOfsets": [
        1956
      ],
      "shouldPause": false
    },
    {
      "itemType": 75,
      "tilePositionOfsets": [
        1556
      ],
      "shouldPause": false
    },
    {
      "itemType": 54,
      "tilePositionOfsets": [
        1642
      ],
      "shouldPause": false
    },
    {
      "itemType": 95,
      "tilePositionOfsets": [
        1962
      ],
      "shouldPause": false
    },
    {
      "itemType": 106,
      "tilePositionOfsets": [
        3772,
        3773,
        3672,
        3673,
        3572,
        3573,
        3574,
        3472,
        3473,
        3474,
        3373,
        3374,
        3273,
        3274,
        3173,
        3174,
        3073,
        3074,
        2973,
        2974,
        2873,
        2874,
        2773,
        2774,
        2672,
        2673,
        2674,
        2572,
        2573,
        2574,
        2471,
        2472,
        2473,
        2371,
        2372,
        2373,
        2271,
        2272,
        2273,
        2171,
        2172,
        2071,
        2072,
        1970,
        1971,
        1972,
        1869,
        1870,
        1871,
        1872,
        1769,
        1770,
        1771,
        1670,
        1569,
        1570,
        1469,
        1470,
        1369,
        1370,
        1265,
        1266,
        1267,
        1268,
        1269,
        1270,
        1164,
        1165,
        1166,
        1167,
        1168,
        1169,
        1062,
        1063,
        1064,
        955,
        956,
        957,
        958,
        959,
        960,
        961,
        962,
        963,
        964,
        855,
        856,
        857,
        858,
        859,
        860,
        861,
        862,
        863,
        762,
        763
      ],
      "shouldPause": false
    },
    {
      "itemType": 106,
      "tilePositionOfsets": [
        3923,
        3924,
        3823,
        3722,
        3723,
        3622,
        3623,
        3522,
        3523,
        3421,
        3422,
        3423,
        3321,
        3322,
        3221,
        3222,
        3121,
        3122,
        3021,
        3022,
        2922,
        2822,
        2823,
        2722,
        2723,
        2622,
        2623,
        2522,
        2523,
        2524,
        2423,
        2424,
        2323,
        2324,
        2223,
        2224,
        2123,
        2124,
        2023,
        2024,
        1924,
        1925,
        1824,
        1825,
        1826,
        1725,
        1726,
        1727,
        1728,
        1626,
        1627,
        1628,
        1629,
        1630,
        1527,
        1528,
        1529,
        1530,
        1531,
        1428,
        1429,
        1430,
        1431,
        1432,
        1433,
        1434,
        1331,
        1332,
        1333,
        1334,
        1335,
        1231,
        1232,
        1233,
        1234,
        1235,
        1236,
        1237,
        1238,
        1239,
        1135,
        1136,
        1137,
        1138,
        1139,
        1140,
        1141,
        1039,
        1040,
        1041,
        1042,
        1043,
        1044,
        1045,
        942,
        943,
        944,
        945,
        946,
        947,
        846,
        847
      ],
      "shouldPause": false
    },
    {
      "itemType": 92,
      "tilePositionOfsets": [
        6342
      ],
      "shouldPause": false
    },
    {
      "itemType": 99,
      "tilePositionOfsets": [
        3172
      ],
      "shouldPause": false
    },
    {
      "itemType": 176,
      "tilePositionOfsets": [
        2375
      ],
      "shouldPause": false
    },
    {
      "itemType": 176,
      "tilePositionOfsets": [
        1572
      ],
      "shouldPause": false
    },
    {
      "itemType": 176,
      "tilePositionOfsets": [
        966
      ],
      "shouldPause": false
    },
    {
      "itemType": 54,
      "tilePositionOfsets": [
        6347
      ],
      "shouldPause": false
    },
    {
      "itemType": 54,
      "tilePositionOfsets": [
        6356
      ],
      "shouldPause": false
    },
    {
      "itemType": 75,
      "tilePositionOfsets": [
        4966
      ],
      "shouldPause": false
    },
    {
      "itemType": 80,
      "tilePositionOfsets": [
        5538
      ],
      "shouldPause": false
    },
    {
      "itemType": 50,
      "tilePositionOfsets": [
        2365
      ],
      "shouldPause": false
    }
  ],
  "miscItems": [
    {
      "positionOfset": 5373,
      "itemType": 3,
      "number": 0
    },
    {
      "positionOfset": 6759,
      "itemType": 3,
      "number": 1
    },
    {
      "positionOfset": 6739,
      "itemType": 3,
      "number": 2
    },
    {
      "positionOfset": 5426,
      "itemType": 3,
      "number": 3
    },
    {
      "positionOfset": 5326,
      "itemType": 3,
      "number": 4
    },
    {
      "positionOfset": 3851,
      "itemType": 6,
      "number": 0
    },
    {
      "positionOfset": 5326,
      "itemType": 6,
      "number": 1
    },
    {
      "positionOfset": 6739,
      "itemType": 6,
      "number": 2
    },
    {
      "positionOfset": 6759,
      "itemType": 6,
      "number": 3
    },
    {
      "positionOfset": 5473,
      "itemType": 6,
      "number": 4
    },
    {
      "positionOfset": 1251,
      "itemType": 6,
      "number": 5
    },
    {
      "positionOfset": 5373,
      "itemType": 6,
      "number": 6
    },
    {
      "positionOfset": 6839,
      "itemType": 6,
      "number": 7
    },
    {
      "positionOfset": 6860,
      "itemType": 6,
      "number": 8
    },
    {
      "positionOfset": 5327,
      "itemType": 20,
      "number": 0
    },
    {
      "positionOfset": 6740,
      "itemType": 20,
      "number": 1
    },
    {
      "positionOfset": 6760,
      "itemType": 20,
      "number": 2
    },
    {
      "positionOfset": 5374,
      "itemType": 20,
      "number": 3
    },
    {
      "positionOfset": 3850,
      "itemType": 20,
      "number": 4
    },
    {
      "positionOfset": 1150,
      "itemType": 20,
      "number": 5
    },
    {
      "positionOfset": 5346,
      "itemType": 20,
      "number": 6
    },
    {
      "positionOfset": 5326,
      "itemType": 20,
      "number": 7
    }
  ]
}