{
  "pauseDelayAmount": 100,
  "frames": [
    {
      "itemType": 61,
      "tilePositionOfsets": [
        5643
      ],
      "shouldPause": false
    },
    {
      "itemType": 80,
      "tilePositionOfsets": [
        4838
      ],
      "shouldPause": false
    },
    {
      "itemType": 77,
      "tilePositionOfsets": [
        5837
      ],
      "shouldPause": false
    },
    {
      "itemType": 74,
      "tilePositionOfsets": [
        6047
      ],
      "shouldPause": false
    },
    {
      "itemType": 92,
      "tilePositionOfsets": [
        6442
      ],
      "shouldPause": false
    },
    {
      "itemType": 75,
      "tilePositionOfsets": [
        5733
      ],
      "shouldPause": false
    },
    {
      "itemType": 54,
      "tilePositionOfsets": [
        6337
      ],
      "shouldPause": false
    },
    {
      "itemType": 54,
      "tilePositionOfsets": [
        3231
      ],
      "shouldPause": false
    },
    {
      "itemType": 76,
      "tilePositionOfsets": [
        6452
      ],
      "shouldPause": false
    },
    {
      "itemType": 97,
      "tilePositionOfsets": [
        3040
      ],
      "shouldPause": false
    },
    {
      "itemType": 52,
      "tilePositionOfsets": [
        5455
      ],
      "shouldPause": false
    },
    {
      "itemType": 52,
      "tilePositionOfsets": [
        5460
      ],
      "shouldPause": false
    },
    {
      "itemType": 52,
      "tilePositionOfsets": [
        5465
      ],
      "shouldPause": false
    },
    {
      "itemType": 52,
      "tilePositionOfsets": [
        4965
      ],
      "shouldPause": false
    },
    {
      "itemType": 52,
      "tilePositionOfsets": [
        5965
      ],
      "shouldPause": false
    },
    {
      "itemType": 342,
      "tilePositionOfsets": [
        5960
      ],
      "shouldPause": false
    },
    {
      "itemType": 54,
      "tilePositionOfsets": [
        3235
      ],
      "shouldPause": false
    },
    {
      "itemType": 81,
      "tilePositionOfsets": [
        6447
      ],
      "shouldPause": false
    },
    {
      "itemType": 87,
      "tilePositionOfsets": [
        4851
      ],
      "shouldPause": false
    },
    {
      "itemType": 54,
      "tilePositionOfsets": [
        4716
      ],
      "shouldPause": false
    },
    {
      "itemType": 106,
      "tilePositionOfsets": [
        3523,
        3575,
        3423,
        3475,
        3476,
        3323,
        3375,
        3224,
        3275,
        3124,
        3174,
        3024,
        3074,
        2925,
        2974,
        2825,
        2874,
        2725,
        2774,
        2625,
        2673,
        2525,
        2573,
        2425,
        2473,
        2326,
        2373,
        2226,
        2272,
        2273,
        2126,
        2172,
        2027,
        2071,
        2072,
        1927,
        1971,
        1827,
        1870,
        1871,
        1728,
        1770,
        1629,
        1670
      ],
      "shouldPause": false
    },
    {
      "itemType": 106,
      "tilePositionOfsets": [
        2924
      ],
      "shouldPause": false
    },
    {
      "itemType": 176,
      "tilePositionOfsets": [
        2976
      ],
      "shouldPause": false
    },
    {
      "itemType": 176,
      "tilePositionOfsets": [
        2822
      ],
      "shouldPause": false
    },
    {
      "itemType": 176,
      "tilePositionOfsets": [
        2223
      ],
      "shouldPause": false
    },
    {
      "itemType": 342,
      "tilePositionOfsets": [
        5725
      ],
      "shouldPause": false
    },
    {
      "itemType": 176,
      "tilePositionOfsets": [
        2275
      ],
      "shouldPause": false
    },
    {
      "itemType": 176,
      "tilePositionOfsets": [
        1672
      ],
      "shouldPause": false
    },
    {
      "itemType": 176,
      "tilePositionOfsets": [
        1625
      ],
      "shouldPause": false
    },
    {
      "itemType": 25,
      "tilePositionOfsets": [
        6724,
        6725,
        6726,
        6727,
        6728,
        6729,
        6730,
        6731,
        6732,
        6733,
        6734,
        6735,
        6736,
        6737,
        6738,
        6739,
        6740,
        6741,
        6742,
        6743,
        6744,
        6745,
        6746,
        6747,
        6748,
        6749,
        6750,
        6751,
        6752,
        6753,
        6754,
        6755,
        6756,
        6757,
        6758,
        6759,
        6771,
        6772,
        6773,
        6774
      ],
      "shouldPause": false
    },
    {
      "itemType": 54,
      "tilePositionOfsets": [
        4427
      ],
      "shouldPause": false
    },
    {
      "itemType": 54,
      "tilePositionOfsets": [
        5816
      ],
      "shouldPause": false
    },
    {
      "itemType": 25,
      "tilePositionOfsets": [
        7061,
        7062,
        7063,
        7064,
        7065,
        7066,
        7067,
        7068,
        7069,
        6960,
        6970,
        6860,
        6870,
        6760,
        6770
      ],
      "shouldPause": false
    },
    {
      "itemType": 25,
      "tilePositionOfsets": [
        7060
      ],
      "shouldPause": false
    },
    {
      "itemType": 25,
      "tilePositionOfsets": [
        7070
      ],
      "shouldPause": false
    },
    {
      "itemType": 25,
      "tilePositionOfsets": [
        6674,
        6574,
        6474,
        6374,
        6274,
        6174,
        6074,
        5974,
        5874,
        5774,
        5674,
        5574,
        5474,
        5374,
        5274,
        5174,
        5074,
        4974,
        4874,
        4774,
        4674,
        4574,
        4474,
        4374,
        4274,
        4174,
        4074,
        3974,
        3874,
        3774
      ],
      "shouldPause": false
    },
    {
      "itemType": 25,
      "tilePositionOfsets": [
        3724,
        3725,
        3726,
        3727,
        3728,
        3729,
        3730,
        3731,
        3732,
        3733,
        3741,
        3742,
        3743,
        3744,
        3745,
        3746,
        3747,
        3748,
        3749,
        3750,
        3751,
        3752,
        3753,
        3754,
        3755,
        3756,
        3757,
        3758,
        3759,
        3760,
        3761,
        3762,
        3763,
        3764,
        3765,
        3766,
        3767,
        3768,
        3769,
        3770,
        3771,
        3772,
        3773
      ],
      "shouldPause": false
    },
    {
      "itemType": 54,
      "tilePositionOfsets": [
        4779
      ],
      "shouldPause": false
    },
    {
      "itemType": 54,
      "tilePositionOfsets": [
        5979
      ],
      "shouldPause": false
    },
    {
      "itemType": 146,
      "tilePositionOfsets": [
        4034
      ],
      "shouldPause": false
    },
    {
      "itemType": 308,
      "tilePositionOfsets": [
        5852
      ],
      "shouldPause": false
    },
    {
      "itemType": 25,
      "tilePositionOfsets": [
        6624,
        6524,
        6424,
        6324,
        6224,
        6124,
        6024,
        5924,
        5824,
        5724,
        5624,
        5524,
        5424,
        5324,
        5224,
        5124,
        5024,
        4924,
        4824,
        4724,
        4624,
        4524,
        4424,
        4324,
        4224,
        4124,
        4024,
        3924,
        3824
      ],
      "shouldPause": false
    },
    {
      "itemType": 95,
      "tilePositionOfsets": [
        4831
      ],
      "shouldPause": false
    },
    {
      "itemType": 75,
      "tilePositionOfsets": [
        3154
      ],
      "shouldPause": false
    },
    {
      "itemType": 75,
      "tilePositionOfsets": [
        2754
      ],
      "shouldPause": false
    },
    {
      "itemType": 50,
      "tilePositionOfsets": [
        5956
      ],
      "shouldPause": false
    },
    {
      "itemType": 50,
      "tilePositionOfsets": [
        3159
      ],
      "shouldPause": false
    },
    {
      "itemType": 75,
      "tilePositionOfsets": [
        5227
      ],
      "shouldPause": false
    },
    {
      "itemType": 96,
      "tilePositionOfsets": [
        6961
      ],
      "shouldPause": false
    },
    {
      "itemType": 75,
      "tilePositionOfsets": [
        5729
      ],
      "shouldPause": false
    },
    {
      "itemType": 54,
      "tilePositionOfsets": [
        6457
      ],
      "shouldPause": false
    },
    {
      "itemType": 330,
      "tilePositionOfsets": [
        4962
      ],
      "shouldPause": false
    },
    {
      "itemType": 330,
      "tilePositionOfsets": [
        2736
      ],
      "shouldPause": false
    },
    {
      "itemType": 50,
      "tilePositionOfsets": [
        2759
      ],
      "shouldPause": false
    },
    {
      "itemType": 113,
      "tilePositionOfsets": [
        6775
      ],
      "shouldPause": false
    },
    {
      "itemType": 113,
      "tilePositionOfsets": [
        5475
      ],
      "shouldPause": false
    },
    {
      "itemType": 76,
      "tilePositionOfsets": [
        1861
      ],
      "shouldPause": false
    },
    {
      "itemType": 113,
      "tilePositionOfsets": [
        4375
      ],
      "shouldPause": false
    },
    {
      "itemType": 113,
      "tilePositionOfsets": [
        4318
      ],
      "shouldPause": false
    },
    {
      "itemType": 113,
      "tilePositionOfsets": [
        5418
      ],
      "shouldPause": false
    },
    {
      "itemType": 113,
      "tilePositionOfsets": [
        6718
      ],
      "shouldPause": false
    },
    {
      "itemType": 106,
      "tilePositionOfsets": [
        1669,
        1530,
        1531,
        1568,
        1569,
        1431,
        1432,
        1467,
        1468,
        1332,
        1365,
        1366,
        1233,
        1234,
        1262,
        1263,
        1264,
        1265,
        1135,
        1160,
        1161,
        1036,
        1037,
        1038,
        1059,
        939,
        940,
        956,
        957,
        958,
        841,
        842,
        843,
        851,
        852,
        853,
        854,
        855
      ],
      "shouldPause": false
    },
    {
      "itemType": 106,
      "tilePositionOfsets": [
        844,
        845
      ],
      "shouldPause": false
    },
    {
      "itemType": 25,
      "tilePositionOfsets": [
        3641,
        3642,
        3643,
        3644,
        3645,
        3646,
        3647,
        3648,
        3649,
        3650,
        3651,
        3652,
        3653,
        3654,
        3655,
        3656,
        3657,
        3658,
        3659,
        3660,
        3661,
        3662,
        3663,
        3664,
        3665,
        3666,
        3667,
        3668,
        3669,
        3670,
        3671,
        3672,
        3673,
        3674,
        3675
      ],
      "shouldPause": false
    },
    {
      "itemType": 25,
      "tilePositionOfsets": [
        6875,
        6175,
        6075,
        5975,
        5875,
        5775,
        5675,
        5575,
        4875,
        4775,
        4675,
        4575,
        4475,
        3775
      ],
      "shouldPause": false
    },
    {
      "itemType": 25,
      "tilePositionOfsets": [
        6871,
        6872,
        6873,
        6874
      ],
      "shouldPause": false
    },
    {
      "itemType": 25,
      "tilePositionOfsets": [
        6823,
        6824,
        6825,
        6826,
        6827,
        6828,
        6829,
        6830,
        6831,
        6832,
        6833,
        6834,
        6835,
        6836,
        6837,
        6838,
        6839,
        6840,
        6841,
        6842,
        6843,
        6844,
        6845,
        6846,
        6847,
        6848,
        6849,
        6850,
        6851,
        6852,
        6853,
        6854,
        6855,
        6856,
        6857,
        6858,
        6859
      ],
      "shouldPause": false
    },
    {
      "itemType": 25,
      "tilePositionOfsets": [
        6123,
        6023,
        5923,
        5823,
        5723,
        5623,
        5523,
        4823,
        4723,
        4623,
        4523,
        4423,
        3723,
        3623
      ],
      "shouldPause": false
    },
    {
      "itemType": 25,
      "tilePositionOfsets": [
        3624,
        3625,
        3626,
        3627,
        3628,
        3629,
        3630,
        3631,
        3632,
        3633
      ],
      "shouldPause": false
    },
    {
      "itemType": 88,
      "tilePositionOfsets": [
        3464
      ],
      "shouldPause": false
    },
    {
      "itemType": 92,
      "tilePositionOfsets": [
        1740
      ],
      "shouldPause": false
    },
    {
      "itemType": 95,
      "tilePositionOfsets": [
        4368
      ],
      "shouldPause": false
    },
    {
      "itemType": 176,
      "tilePositionOfsets": [
        7456
      ],
      "shouldPause": false
    },
    {
      "itemType": 176,
      "tilePositionOfsets": [
        7444
      ],
      "shouldPause": false
    },
    {
      "itemType": 176,
      "tilePositionOfsets": [
        7433
      ],
      "shouldPause": false
    },
    {
      "itemType": 75,
      "tilePositionOfsets": [
        2731
      ],
      "shouldPause": false
    },
    {
      "itemType": 75,
      "tilePositionOfsets": [
        2331
      ],
      "shouldPause": false
    },
    {
      "itemType": 50,
      "tilePositionOfsets": [
        4827
      ],
      "shouldPause": false
    },
    {
      "itemType": 25,
      "tilePositionOfsets": [
        6971,
        6972,
        6973,
        6974,
        6975
      ],
      "shouldPause": false
    },
    {
      "itemType": 25,
      "tilePositionOfsets": [
        6923,
        6924,
        6925,
        6926,
        6927,
        6928,
        6929,
        6930,
        6931,
        6932,
        6933,
        6934,
        6935,
        6936,
        6937,
        6938,
        6939,
        6940,
        6941,
        6942,
        6943,
        6944,
        6945,
        6946,
        6947,
        6948,
        6949,
        6950,
        6951,
        6952,
        6953,
        6954,
        6955,
        6956,
        6957,
        6958,
        6959
      ],
      "shouldPause": false
    },
    {
      "itemType": 25,
      "tilePositionOfsets": [
        6922,
        6822,
        6122,
        6022,
        5922,
        5822,
        5722,
        5622,
        5522,
        4822,
        4722,
        4622,
        4522,
        4422,
        3722,
        3622
      ],
      "shouldPause": false
    },
    {
      "itemType": 25,
      "tilePositionOfsets": [
        6976,
        6876,
        6176,
        6076,
        5976,
        5876,
        5776,
        5676,
        5576,
        4876,
        4776,
        4676,
        4576,
        4476,
        3776,
        3676
      ],
      "shouldPause": false
    },
    {
      "itemType": 25,
      "tilePositionOfsets": [
        3825,
        3826,
        3827,
        3828,
        3829,
        3830,
        3831,
        3832,
        3833
      ],
      "shouldPause": false
    },
    {
      "itemType": 25,
      "tilePositionOfsets": [
        3841,
        3842,
        3843,
        3844,
        3845,
        3846,
        3847,
        3848,
        3849,
        3850,
        3851,
        3852,
        3853,
        3854,
        3855,
        3856,
        3857,
        3858,
        3859,
        3860,
        3861,
        3862,
        3863,
        3864,
        3865,
        3866,
        3867
      ],
      "shouldPause": false
    },
    {
      "itemType": 93,
      "tilePositionOfsets": [
        2254
      ],
      "shouldPause": false
    },
    {
      "itemType": 144,
      "tilePositionOfsets": [
        1046
      ],
      "shouldPause": false
    },
    {
      "itemType": 96,
      "tilePositionOfsets": [
        6625
      ],
      "shouldPause": false
    },
    {
      "itemType": 50,
      "tilePositionOfsets": [
        1834
      ],
      "shouldPause": false
    },
    {
      "itemType": 80,
      "tilePositionOfsets": [
        5238
      ],
      "shouldPause": false
    },
    {
      "itemType": 80,
      "tilePositionOfsets": [
        5234
      ],
      "shouldPause": false
    },
    {
      "itemType": 74,
      "tilePositionOfsets": [
        2261
      ],
      "shouldPause": false
    },
    {
      "itemType": 54,
      "tilePositionOfsets": [
        3442
      ],
      "shouldPause": false
    },
    {
      "itemType": 76,
      "tilePositionOfsets": [
        1649
      ],
      "shouldPause": false
    },
    {
      "itemType": 75,
      "tilePositionOfsets": [
        2827
      ],
      "shouldPause": false
    },
    {
      "itemType": 95,
      "tilePositionOfsets": [
        3525
      ],
      "shouldPause": false
    },
    {
      "itemType": 106,
      "tilePositionOfsets": [
        3522,
        3524,
        3576,
        3422,
        3424,
        3474,
        3322,
        3324,
        3374,
        3376,
        3222,
        3223,
        3274,
        3122,
        3123,
        3175,
        3022,
        3023,
        3075,
        2923,
        2975,
        2824,
        2873,
        2875,
        2724,
        2773,
        2623,
        2624,
        2674,
        2524,
        2574,
        2424,
        2474,
        2324,
        2325,
        2372,
        2374,
        2225,
        2125,
        2173,
        2025,
        2026,
        2073,
        1926,
        1972,
        1973,
        1826,
        1872,
        1873,
        1726,
        1727,
        1771,
        1772,
        1627,
        1628,
        1671,
        1527,
        1528,
        1529,
        1570,
        1571,
        1428,
        1429,
        1430,
        1469,
        1470,
        1328,
        1329,
        1330,
        1331,
        1367,
        1368,
        1229,
        1230,
        1231,
        1232,
        1266,
        1130,
        1131,
        1132,
        1133,
        1134,
        1162,
        1163,
        1164,
        1165,
        1166,
        1032,
        1033,
        1034,
        1035,
        1060,
        1061,
        1062,
        1063,
        1064,
        935,
        936,
        937,
        938,
        959,
        960,
        961,
        962,
        836,
        837,
        838,
        839,
        840,
        856,
        857,
        858,
        859,
        860,
        738,
        739,
        740,
        741,
        742,
        743,
        744,
        745,
        751,
        752,
        753,
        754,
        755,
        641,
        642,
        643,
        644,
        645
      ],
      "shouldPause": false
    },
    {
      "itemType": 50,
      "tilePositionOfsets": [
        1555
      ],
      "shouldPause": false
    },
    {
      "itemType": 76,
      "tilePositionOfsets": [
        2364
      ],
      "shouldPause": false
    },
    {
      "itemType": 92,
      "tilePositionOfsets": [
        3569
      ],
      "shouldPause": false
    },
    {
      "itemType": 25,
      "tilePositionOfsets": [
        7022,
        7023,
        7024,
        7025,
        7026,
        7027,
        7028,
        7029,
        7030,
        7031,
        7032,
        7033,
        7034,
        7035,
        7036,
        7037,
        7038,
        7039,
        7040,
        7041,
        7042,
        7043,
        7044,
        7045,
        7046,
        7047,
        7048,
        7049,
        7050,
        7051,
        7052,
        7053,
        7054,
        7055,
        7056,
        7057,
        7058,
        7059,
        7071,
        7072,
        7073,
        7074,
        7075,
        7076
      ],
      "shouldPause": false
    },
    {
      "itemType": 25,
      "tilePositionOfsets": [
        7122,
        7123,
        7124,
        7125,
        7126,
        7127,
        7128,
        7129,
        7130,
        7131,
        7132,
        7133,
        7134,
        7135,
        7136,
        7137,
        7138,
        7139,
        7140,
        7141,
        7142,
        7143,
        7144,
        7145,
        7146,
        7147,
        7148,
        7149,
        7150,
        7151,
        7152,
        7153,
        7154,
        7155,
        7156,
        7157,
        7158,
        7159,
        7160,
        7161,
        7162,
        7163,
        7164,
        7165,
        7166,
        7167,
        7168,
        7169,
        7170,
        7171,
        7172,
        7173,
        7174,
        7175,
        7176
      ],
      "shouldPause": false
    },
    {
      "itemType": 25,
      "tilePositionOfsets": [
        7121,
        7021,
        6921,
        6821
      ],
      "shouldPause": false
    },
    {
      "itemType": 25,
      "tilePositionOfsets": [
        6121,
        6021,
        5921,
        5821,
        5721,
        5621,
        5521
      ],
      "shouldPause": false
    },
    {
      "itemType": 25,
      "tilePositionOfsets": [
        4821,
        4721,
        4621,
        4521,
        4421
      ],
      "shouldPause": false
    },
    {
      "itemType": 25,
      "tilePositionOfsets": [
        3721,
        3621
      ],
      "shouldPause": false
    },
    {
      "itemType": 25,
      "tilePositionOfsets": [
        4877,
        4777,
        4677,
        4577,
        4477
      ],
      "shouldPause": false
    },
    {
      "itemType": 25,
      "tilePositionOfsets": [
        6177,
        6077,
        5977,
        5877,
        5777,
        5677,
        5577
      ],
      "shouldPause": false
    },
    {
      "itemType": 25,
      "tilePositionOfsets": [
        7177,
        7077,
        6977,
        6877
      ],
      "shouldPause": false
    },
    {
      "itemType": 75,
      "tilePositionOfsets": [
        4264
      ],
      "shouldPause": false
    },
    {
      "itemType": 99,
      "tilePositionOfsets": [
        3080,
        2980,
        2880,
        2779,
        2679,
        2578,
        2579,
        2479,
        2379
      ],
      "shouldPause": false
    },
    {
      "itemType": 99,
      "tilePositionOfsets": [
        1778,
        1677,
        1678,
        1576,
        1476,
        1374,
        1375
      ],
      "shouldPause": false
    },
    {
      "itemType": 99,
      "tilePositionOfsets": [
        1879
      ],
      "shouldPause": false
    },
    {
      "itemType": 99,
      "tilePositionOfsets": [
        2780
      ],
      "shouldPause": false
    },
    {
      "itemType": 99,
      "tilePositionOfsets": [
        3419,
        3319,
        3218,
        3118,
        3018,
        3019,
        2919,
        2819,
        2719
      ],
      "shouldPause": false
    },
    {
      "itemType": 99,
      "tilePositionOfsets": [
        2220,
        2120,
        2020,
        1921,
        1822,
        1722,
        1622,
        1522
      ],
      "shouldPause": false
    },
    {
      "itemType": 99,
      "tilePositionOfsets": [
        5316,
        5216,
        5116,
        5016,
        4916
      ],
      "shouldPause": false
    },
    {
      "itemType": 99,
      "tilePositionOfsets": [
        4816
      ],
      "shouldPause": false
    },
    {
      "itemType": 99,
      "tilePositionOfsets": [
        4216,
        4116,
        4016,
        3916,
        3816,
        3716
      ],
      "shouldPause": false
    },
    {
      "itemType": 99,
      "tilePositionOfsets": [
        3817
      ],
      "shouldPause": false
    },
    {
      "itemType": 99,
      "tilePositionOfsets": [
        6919,
        6816,
        6817,
        6818,
        6716,
        6616
      ],
      "shouldPause": false
    },
    {
      "itemType": 99,
      "tilePositionOfsets": [
        7338,
        7339,
        7340
      ],
      "shouldPause": false
    },
    {
      "itemType": 99,
      "tilePositionOfsets": [
        7341
      ],
      "shouldPause": false
    },
    {
      "itemType": 99,
      "tilePositionOfsets": [
        7351,
        7353,
        7354
      ],
      "shouldPause": false
    },
    {
      "itemType": 99,
      "tilePositionOfsets": [
        7355
      ],
      "shouldPause": false
    },
    {
      "itemType": 99,
      "tilePositionOfsets": [
        7352
      ],
      "shouldPause": false
    },
    {
      "itemType": 99,
      "tilePositionOfsets": [
        7367,
        7368,
        7369,
        7370
      ],
      "shouldPause": false
    },
    {
      "itemType": 99,
      "tilePositionOfsets": [
        7376,
        7377,
        7378,
        7278,
        7178,
        7078,
        7079
      ],
      "shouldPause": false
    },
    {
      "itemType": 99,
      "tilePositionOfsets": [
        5282,
        5182,
        5082
      ],
      "shouldPause": false
    }
  ],
  "miscItems": [
    {
      "positionOfset": 6578,
      "itemType": 3,
      "number": 0
    },
    {
      "positionOfset": 4020,
      "itemType": 3,
      "number": 1
    },
    {
      "positionOfset": 6521,
      "itemType": 3,
      "number": 2
    },
    {
      "positionOfset": 4077,
      "itemType": 3,
      "number": 3
    },
    {
      "positionOfset": 5277,
      "itemType": 3,
      "number": 4
    },
    {
      "positionOfset": 6577,
      "itemType": 6,
      "number": 0
    },
    {
      "positionOfset": 5178,
      "itemType": 6,
      "number": 1
    },
    {
      "positionOfset": 4077,
      "itemType": 6,
      "number": 2
    },
    {
      "positionOfset": 4021,
      "itemType": 6,
      "number": 3
    },
    {
      "positionOfset": 5120,
      "itemType": 6,
      "number": 4
    },
    {
      "positionOfset": 6420,
      "itemType": 6,
      "number": 5
    },
    {
      "positionOfset": 6847,
      "itemType": 6,
      "number": 6
    },
    {
      "positionOfset": 4178,
      "itemType": 6,
      "number": 7
    },
    {
      "positionOfset": 848,
      "itemType": 6,
      "number": 8
    },
    {
      "positionOfset": 6847,
      "itemType": 20,
      "number": 0
    },
    {
      "positionOfset": 6848,
      "itemType": 20,
      "number": 1
    },
    {
      "positionOfset": 6421,
      "itemType": 20,
      "number": 2
    },
    {
      "positionOfset": 5120,
      "itemType": 20,
      "number": 3
    },
    {
      "positionOfset": 5121,
      "itemType": 20,
      "number": 4
    },
    {
      "positionOfset": 6477,
      "itemType": 20,
      "number": 5
    },
    {
      "positionOfset": 5177,
      "itemType": 20,
      "number": 6
    },
    {
      "positionOfset": 4078,
      "itemType": 20,
      "number": 7
    }
  ]
}