{
  "pauseDelayAmount": 30,
  "frames": [
    {
      "itemType": 61,
      "tilePositionOfsets": [
        5643
      ],
      "shouldPause": false
    },
    {
      "itemType": 80,
      "tilePositionOfsets": [
        6143
      ],
      "shouldPause": false
    },
    {
      "itemType": 80,
      "tilePositionOfsets": [
        6543
      ],
      "shouldPause": false
    },
    {
      "itemType": 52,
      "tilePositionOfsets": [
        4950
      ],
      "shouldPause": false
    },
    {
      "itemType": 52,
      "tilePositionOfsets": [
        4450
      ],
      "shouldPause": false
    },
    {
      "itemType": 51,
      "tilePositionOfsets": [
        7844
      ],
      "shouldPause": false
    },
    {
      "itemType": 51,
      "tilePositionOfsets": [
        7444
      ],
      "shouldPause": false
    },
    {
      "itemType": 54,
      "tilePositionOfsets": [
        7548
      ],
      "shouldPause": false
    },
    {
      "itemType": 54,
      "tilePositionOfsets": [
        8048
      ],
      "shouldPause": false
    },
    {
      "itemType": 54,
      "tilePositionOfsets": [
        8947
      ],
      "shouldPause": false
    },
    {
      "itemType": 54,
      "tilePositionOfsets": [
        8942
      ],
      "shouldPause": false
    },
    {
      "itemType": 54,
      "tilePositionOfsets": [
        6662
      ],
      "shouldPause": false
    },
    {
      "itemType": 54,
      "tilePositionOfsets": [
        7076
      ],
      "shouldPause": false
    },
    {
      "itemType": 54,
      "tilePositionOfsets": [
        3664
      ],
      "shouldPause": false
    },
    {
      "itemType": 86,
      "tilePositionOfsets": [
        7863
      ],
      "shouldPause": false
    },
    {
      "itemType": 77,
      "tilePositionOfsets": [
        8442
      ],
      "shouldPause": false
    },
    {
      "itemType": 330,
      "tilePositionOfsets": [
        7044
      ],
      "shouldPause": false
    },
    {
      "itemType": 330,
      "tilePositionOfsets": [
        7953
      ],
      "shouldPause": false
    },
    {
      "itemType": 76,
      "tilePositionOfsets": [
        4145
      ],
      "shouldPause": false
    },
    {
      "itemType": 145,
      "tilePositionOfsets": [
        6655
      ],
      "shouldPause": false
    },
    {
      "itemType": 110,
      "tilePositionOfsets": [
        6957
      ],
      "shouldPause": false
    },
    {
      "itemType": 110,
      "tilePositionOfsets": [
        6157
      ],
      "shouldPause": false
    },
    {
      "itemType": 25,
      "tilePositionOfsets": [
        7057
      ],
      "shouldPause": false
    },
    {
      "itemType": 25,
      "tilePositionOfsets": [
        7357,
        7257,
        7157
      ],
      "shouldPause": false
    },
    {
      "itemType": 25,
      "tilePositionOfsets": [
        7457
      ],
      "shouldPause": false
    },
    {
      "itemType": 110,
      "tilePositionOfsets": [
        7757
      ],
      "shouldPause": false
    },
    {
      "itemType": 25,
      "tilePositionOfsets": [
        9057,
        8957,
        8857,
        8757,
        8657,
        8557,
        8457,
        8357,
        8257,
        8157,
        8057,
        7957,
        7857
      ],
      "shouldPause": false
    },
    {
      "itemType": 25,
      "tilePositionOfsets": [
        9041,
        9042,
        9043,
        9044,
        9045,
        9046,
        9047,
        9048,
        9049,
        9050,
        9051,
        9052,
        9053,
        9054,
        9055,
        9056
      ],
      "shouldPause": false
    },
    {
      "itemType": 25,
      "tilePositionOfsets": [
        8941,
        8841,
        8741,
        8641,
        8541,
        8441,
        8341,
        8241,
        8141,
        8041,
        7941,
        7841
      ],
      "shouldPause": false
    },
    {
      "itemType": 110,
      "tilePositionOfsets": [
        7739
      ],
      "shouldPause": false
    },
    {
      "itemType": 25,
      "tilePositionOfsets": [
        7441
      ],
      "shouldPause": false
    },
    {
      "itemType": 25,
      "tilePositionOfsets": [
        7341,
        7241,
        7141
      ],
      "shouldPause": false
    },
    {
      "itemType": 25,
      "tilePositionOfsets": [
        7041
      ],
      "shouldPause": false
    },
    {
      "itemType": 110,
      "tilePositionOfsets": [
        6939
      ],
      "shouldPause": false
    },
    {
      "itemType": 25,
      "tilePositionOfsets": [
        6641
      ],
      "shouldPause": false
    },
    {
      "itemType": 25,
      "tilePositionOfsets": [
        6541,
        6441,
        6341
      ],
      "shouldPause": false
    },
    {
      "itemType": 25,
      "tilePositionOfsets": [
        6241
      ],
      "shouldPause": false
    },
    {
      "itemType": 110,
      "tilePositionOfsets": [
        6139
      ],
      "shouldPause": false
    },
    {
      "itemType": 25,
      "tilePositionOfsets": [
        5841
      ],
      "shouldPause": false
    },
    {
      "itemType": 25,
      "tilePositionOfsets": [
        5741,
        5641,
        5541
      ],
      "shouldPause": false
    },
    {
      "itemType": 25,
      "tilePositionOfsets": [
        5441
      ],
      "shouldPause": false
    },
    {
      "itemType": 110,
      "tilePositionOfsets": [
        5339
      ],
      "shouldPause": false
    },
    {
      "itemType": 25,
      "tilePositionOfsets": [
        5041,
        4941,
        4841,
        4741,
        4641,
        4541,
        4441,
        4341,
        4241,
        4141,
        4041,
        3941,
        3841,
        3741
      ],
      "shouldPause": false
    },
    {
      "itemType": 25,
      "tilePositionOfsets": [
        3742,
        3743,
        3744,
        3745,
        3746,
        3747,
        3748,
        3749,
        3750,
        3751,
        3752,
        3753,
        3754,
        3755,
        3756,
        3757
      ],
      "shouldPause": false
    },
    {
      "itemType": 25,
      "tilePositionOfsets": [
        5057,
        4957,
        4857,
        4757,
        4657,
        4557,
        4457,
        4357,
        4257,
        4157,
        4057,
        3957,
        3857
      ],
      "shouldPause": false
    },
    {
      "itemType": 110,
      "tilePositionOfsets": [
        5357
      ],
      "shouldPause": false
    },
    {
      "itemType": 25,
      "tilePositionOfsets": [
        5457
      ],
      "shouldPause": false
    },
    {
      "itemType": 25,
      "tilePositionOfsets": [
        5757,
        5657,
        5557
      ],
      "shouldPause": false
    },
    {
      "itemType": 25,
      "tilePositionOfsets": [
        5857
      ],
      "shouldPause": false
    },
    {
      "itemType": 92,
      "tilePositionOfsets": [
        6648
      ],
      "shouldPause": false
    },
    {
      "itemType": 88,
      "tilePositionOfsets": [
        6162
      ],
      "shouldPause": false
    },
    {
      "itemType": 180,
      "tilePositionOfsets": [
        6169
      ],
      "shouldPause": false
    },
    {
      "itemType": 76,
      "tilePositionOfsets": [
        7153
      ],
      "shouldPause": false
    },
    {
      "itemType": 76,
      "tilePositionOfsets": [
        7553
      ],
      "shouldPause": false
    },
    {
      "itemType": 176,
      "tilePositionOfsets": [
        4155
      ],
      "shouldPause": false
    },
    {
      "itemType": 176,
      "tilePositionOfsets": [
        3953
      ],
      "shouldPause": false
    },
    {
      "itemType": 306,
      "tilePositionOfsets": [
        3955
      ],
      "shouldPause": false
    },
    {
      "itemType": 306,
      "tilePositionOfsets": [
        3942
      ],
      "shouldPause": true
    },
    {
      "itemType": 176,
      "tilePositionOfsets": [
        5848
      ],
      "shouldPause": false
    },
    {
      "itemType": 306,
      "tilePositionOfsets": [
        6048
      ],
      "shouldPause": false
    },
    {
      "itemType": 26,
      "tilePositionOfsets": [
        7058
      ],
      "shouldPause": false
    },
    {
      "itemType": 26,
      "tilePositionOfsets": [
        7358,
        7258,
        7158
      ],
      "shouldPause": false
    },
    {
      "itemType": 26,
      "tilePositionOfsets": [
        7458
      ],
      "shouldPause": false
    },
    {
      "itemType": 26,
      "tilePositionOfsets": [
        9058,
        8958,
        8858,
        8758,
        8658,
        8558,
        8458,
        8358,
        8258,
        8158,
        8058,
        7958,
        7858
      ],
      "shouldPause": false
    },
    {
      "itemType": 26,
      "tilePositionOfsets": [
        9141,
        9142,
        9143,
        9144,
        9145,
        9146,
        9147,
        9148,
        9149,
        9150,
        9151,
        9152,
        9153,
        9154,
        9155,
        9156,
        9157,
        9158
      ],
      "shouldPause": false
    },
    {
      "itemType": 26,
      "tilePositionOfsets": [
        9140,
        9040,
        8940,
        8840,
        8740,
        8640,
        8540,
        8440,
        8340,
        8240,
        8140,
        8040,
        7940,
        7840
      ],
      "shouldPause": false
    },
    {
      "itemType": 26,
      "tilePositionOfsets": [
        7440
      ],
      "shouldPause": false
    },
    {
      "itemType": 26,
      "tilePositionOfsets": [
        7340,
        7240,
        7140
      ],
      "shouldPause": false
    },
    {
      "itemType": 26,
      "tilePositionOfsets": [
        7040
      ],
      "shouldPause": false
    },
    {
      "itemType": 26,
      "tilePositionOfsets": [
        6640
      ],
      "shouldPause": false
    },
    {
      "itemType": 26,
      "tilePositionOfsets": [
        6540,
        6440,
        6340
      ],
      "shouldPause": false
    },
    {
      "itemType": 26,
      "tilePositionOfsets": [
        6240
      ],
      "shouldPause": false
    },
    {
      "itemType": 26,
      "tilePositionOfsets": [
        5840
      ],
      "shouldPause": false
    },
    {
      "itemType": 26,
      "tilePositionOfsets": [
        5740,
        5640,
        5540
      ],
      "shouldPause": false
    },
    {
      "itemType": 26,
      "tilePositionOfsets": [
        5440
      ],
      "shouldPause": false
    },
    {
      "itemType": 26,
      "tilePositionOfsets": [
        5040,
        4940,
        4840,
        4740,
        4640,
        4540,
        4440,
        4340,
        4240,
        4140,
        4040,
        3940,
        3840,
        3740
      ],
      "shouldPause": false
    },
    {
      "itemType": 26,
      "tilePositionOfsets": [
        3640,
        3641,
        3642,
        3643,
        3644,
        3645,
        3646,
        3647,
        3648,
        3649,
        3650,
        3651,
        3652,
        3653,
        3654,
        3655,
        3656,
        3657
      ],
      "shouldPause": false
    },
    {
      "itemType": 26,
      "tilePositionOfsets": [
        5058,
        4958,
        4858,
        4758,
        4658,
        4558,
        4458,
        4358,
        4258,
        4158,
        4058,
        3958,
        3858,
        3758,
        3658
      ],
      "shouldPause": false
    },
    {
      "itemType": 26,
      "tilePositionOfsets": [
        5458
      ],
      "shouldPause": false
    },
    {
      "itemType": 26,
      "tilePositionOfsets": [
        5758,
        5658,
        5558
      ],
      "shouldPause": false
    },
    {
      "itemType": 26,
      "tilePositionOfsets": [
        5858
      ],
      "shouldPause": false
    },
    {
      "itemType": 92,
      "tilePositionOfsets": [
        6051
      ],
      "shouldPause": false
    },
    {
      "itemType": 177,
      "tilePositionOfsets": [
        7149
      ],
      "shouldPause": false
    },
    {
      "itemType": 305,
      "tilePositionOfsets": [
        8651
      ],
      "shouldPause": false
    },
    {
      "itemType": 176,
      "tilePositionOfsets": [
        8449
      ],
      "shouldPause": false
    },
    {
      "itemType": 176,
      "tilePositionOfsets": [
        8351
      ],
      "shouldPause": false
    },
    {
      "itemType": 306,
      "tilePositionOfsets": [
        6667
      ],
      "shouldPause": false
    },
    {
      "itemType": 176,
      "tilePositionOfsets": [
        6669
      ],
      "shouldPause": false
    },
    {
      "itemType": 46,
      "tilePositionOfsets": [
        9435,
        9335,
        9235,
        9135,
        9035,
        8935,
        8835,
        8735,
        8635,
        8535,
        8435,
        8335,
        8235,
        8135,
        8035,
        7935,
        7835,
        7735,
        7635,
        7535,
        7435,
        7335,
        7235,
        7135,
        7035,
        6935,
        6835,
        6735,
        6635,
        6535,
        6435,
        6335,
        6235,
        6135,
        6035,
        5935,
        5835,
        5735,
        5635,
        5535,
        5435,
        5335,
        5235,
        5135,
        5035,
        4935,
        4835,
        4735,
        4635,
        4535,
        4435,
        4335,
        4235,
        4135,
        4035,
        3935,
        3835,
        3735,
        3635,
        3535,
        3435,
        3335,
        3235
      ],
      "shouldPause": true
    },
    {
      "itemType": 46,
      "tilePositionOfsets": [
        3236,
        3237,
        3238,
        3239,
        3240,
        3241,
        3242,
        3243,
        3244,
        3245,
        3246,
        3247,
        3248,
        3249,
        3250,
        3251,
        3252,
        3253,
        3254,
        3255,
        3256,
        3257,
        3258,
        3259,
        3260,
        3261,
        3262
      ],
      "shouldPause": false
    },
    {
      "itemType": 46,
      "tilePositionOfsets": [
        4862,
        4762,
        4662,
        4562,
        4462,
        4362,
        4262,
        4162,
        4062,
        3962,
        3862,
        3762,
        3662,
        3562,
        3462,
        3362
      ],
      "shouldPause": false
    },
    {
      "itemType": 46,
      "tilePositionOfsets": [
        9436,
        9437,
        9438,
        9439,
        9440,
        9441,
        9442,
        9443,
        9444,
        9445,
        9446,
        9447,
        9448,
        9449,
        9450,
        9451,
        9452,
        9453,
        9454,
        9455,
        9456,
        9457,
        9458,
        9459,
        9460,
        9461,
        9462
      ],
      "shouldPause": false
    },
    {
      "itemType": 46,
      "tilePositionOfsets": [
        9362,
        9262,
        9162,
        9062,
        8962,
        8862,
        8762,
        8662,
        8562,
        8462,
        8362,
        8262,
        8162
      ],
      "shouldPause": false
    },
    {
      "itemType": 46,
      "tilePositionOfsets": [
        8163,
        8164,
        8165,
        8166,
        8167,
        8168,
        8169,
        8170,
        8171,
        8172,
        8173,
        8174,
        8175
      ],
      "shouldPause": false
    },
    {
      "itemType": 46,
      "tilePositionOfsets": [
        8075,
        7975,
        7875,
        7775,
        7675,
        7575,
        7475,
        7375,
        7275,
        7175,
        7075,
        6975,
        6875,
        6775
      ],
      "shouldPause": false
    },
    {
      "itemType": 46,
      "tilePositionOfsets": [
        4863,
        4864,
        4865,
        4866,
        4867,
        4868,
        4869,
        4870,
        4871,
        4872,
        4873,
        4874,
        4875
      ],
      "shouldPause": false
    },
    {
      "itemType": 46,
      "tilePositionOfsets": [
        6175,
        6075,
        5975,
        5875,
        5775,
        5675,
        5575,
        5475,
        5375,
        5275,
        5175,
        5075,
        4975
      ],
      "shouldPause": false
    },
    {
      "itemType": 145,
      "tilePositionOfsets": [
        6673
      ],
      "shouldPause": false
    },
    {
      "itemType": 176,
      "tilePositionOfsets": [
        5172
      ],
      "shouldPause": false
    },
    {
      "itemType": 176,
      "tilePositionOfsets": [
        5168
      ],
      "shouldPause": false
    },
    {
      "itemType": 176,
      "tilePositionOfsets": [
        8953
      ],
      "shouldPause": false
    },
    {
      "itemType": 306,
      "tilePositionOfsets": [
        8955
      ],
      "shouldPause": false
    },
    {
      "itemType": 306,
      "tilePositionOfsets": [
        8755
      ],
      "shouldPause": false
    },
    {
      "itemType": 176,
      "tilePositionOfsets": [
        8555
      ],
      "shouldPause": false
    },
    {
      "itemType": 99,
      "tilePositionOfsets": [
        9772,
        9670,
        9672,
        9569,
        9574,
        9576,
        9370,
        9373,
        9375,
        9379,
        9269,
        9271,
        9281,
        9282,
        9178,
        9181,
        8974,
        8978,
        8983,
        8884,
        8779,
        8782,
        8680,
        8683,
        8587,
        8484,
        8383,
        8286,
        8181,
        8182,
        7880,
        7884,
        7885,
        7886,
        7786,
        7683,
        7684,
        7585,
        7285,
        7290,
        7190,
        7084,
        6986,
        6884,
        6786,
        6789,
        6687,
        6689,
        6585,
        6482,
        6384,
        6280,
        6285,
        6287,
        6290,
        6185,
        6186,
        6187,
        6086,
        5988,
        5886,
        5784,
        5785,
        5686,
        5580,
        5583,
        5587,
        5486,
        5490,
        5388,
        5290
      ],
      "shouldPause": true
    },
    {
      "itemType": 99,
      "tilePositionOfsets": [
        5381,
        5384,
        5185,
        5187,
        5087,
        5089,
        4982,
        4985,
        4885,
        4680,
        4685,
        4583,
        4585,
        4586,
        4588,
        4384,
        4280,
        4281,
        4286,
        4178,
        4185,
        4081,
        4082,
        4083,
        4085,
        3981,
        3881,
        3883,
        3780,
        3781,
        3675,
        3679,
        3577,
        3578,
        3474,
        3476,
        3479,
        3482,
        3372,
        3378,
        3379,
        3276,
        3168,
        3079,
        2851,
        2854,
        2868,
        2872,
        2760,
        2761,
        2775,
        2776,
        2652,
        2669,
        2548,
        2558,
        2562,
        2445,
        2453,
        2455,
        2459,
        2462,
        2468,
        2472,
        2346,
        2348,
        2352,
        2355,
        2361,
        2364,
        2250,
        2251
      ],
      "shouldPause": false
    },
    {
      "itemType": 99,
      "tilePositionOfsets": [
        2646
      ],
      "shouldPause": false
    },
    {
      "itemType": 99,
      "tilePositionOfsets": [
        6825,
        6426,
        6427,
        6428,
        6324,
        6327,
        6225,
        6226,
        6232,
        6125,
        6126,
        6128,
        6024,
        6025,
        6026,
        5925,
        5927,
        5731,
        5732,
        5626,
        5628,
        5629,
        5326,
        5229,
        5129,
        5024,
        5025,
        5027,
        4826,
        4428,
        4327,
        4333,
        4224,
        4227,
        4030,
        3932,
        3829,
        3726,
        3626,
        3629,
        3525,
        3427,
        3430,
        3131,
        2927,
        2928,
        2828,
        2829,
        2725,
        2735,
        2631,
        2640,
        2641,
        2526,
        2538,
        2424,
        2428,
        2429,
        2431,
        2432,
        2434,
        2442,
        2330,
        2226,
        2231,
        2244,
        2139,
        2040,
        1937,
        1942,
        1945
      ],
      "shouldPause": false
    },
    {
      "itemType": 99,
      "tilePositionOfsets": [
        6625
      ],
      "shouldPause": false
    },
    {
      "itemType": 99,
      "tilePositionOfsets": [
        9525,
        9324,
        9326,
        9327,
        9228,
        9124,
        9126,
        9128,
        9023,
        9028,
        8927,
        8822,
        8827,
        8828,
        8830,
        8831,
        8723,
        8727,
        8627,
        8629,
        8630,
        8526,
        8425,
        8329,
        8331,
        8228,
        8229,
        8028,
        8030,
        7826,
        7829,
        7730,
        7627,
        7629,
        7528,
        7430,
        7225,
        7227,
        7229,
        7230,
        7130,
        7023,
        7028,
        6930,
        6934,
        6827,
        6633
      ],
      "shouldPause": false
    },
    {
      "itemType": 99,
      "tilePositionOfsets": [
        9839,
        9841,
        9842,
        9845,
        9846,
        9850,
        9740,
        9748,
        9750,
        9751,
        9752,
        9754,
        9755,
        9758,
        9761,
        9640,
        9641,
        9643,
        9644,
        9647,
        9657
      ],
      "shouldPause": false
    },
    {
      "itemType": 99,
      "tilePositionOfsets": [
        9826,
        9722,
        9724,
        9726,
        9727,
        9623,
        9624,
        9626,
        9527
      ],
      "shouldPause": false
    }
  ],
  "miscItems": [
    {
      "positionOfset": 6476,
      "itemType": 1,
      "number": 0
    },
    {
      "positionOfset": 4875,
      "itemType": 1,
      "number": 1
    },
    {
      "positionOfset": 8175,
      "itemType": 1,
      "number": 2
    },
    {
      "positionOfset": 9435,
      "itemType": 1,
      "number": 3
    },
    {
      "positionOfset": 9462,
      "itemType": 1,
      "number": 4
    },
    {
      "positionOfset": 6459,
      "itemType": 1,
      "number": 5
    },
    {
      "positionOfset": 5648,
      "itemType": 1,
      "number": 6
    },
    {
      "positionOfset": 5644,
      "itemType": 1,
      "number": 7
    },
    {
      "positionOfset": 5149,
      "itemType": 1,
      "number": 8
    },
    {
      "positionOfset": 4574,
      "itemType": 5,
      "number": 0
    },
    {
      "positionOfset": 9066,
      "itemType": 5,
      "number": 1
    },
    {
      "positionOfset": 8671,
      "itemType": 5,
      "number": 2
    },
    {
      "positionOfset": 3969,
      "itemType": 5,
      "number": 3
    },
    {
      "positionOfset": 9633,
      "itemType": 5,
      "number": 4
    },
    {
      "positionOfset": 5344,
      "itemType": 13,
      "number": 0
    },
    {
      "positionOfset": 5348,
      "itemType": 13,
      "number": 1
    },
    {
      "positionOfset": 6574,
      "itemType": 14,
      "number": 0
    },
    {
      "positionOfset": 7640,
      "itemType": 16,
      "number": 0
    },
    {
      "positionOfset": 6840,
      "itemType": 16,
      "number": 1
    },
    {
      "positionOfset": 6040,
      "itemType": 16,
      "number": 2
    },
    {
      "positionOfset": 5240,
      "itemType": 16,
      "number": 3
    },
    {
      "positionOfset": 5258,
      "itemType": 16,
      "number": 4
    },
    {
      "positionOfset": 6058,
      "itemType": 16,
      "number": 5
    },
    {
      "positionOfset": 6758,
      "itemType": 16,
      "number": 6
    },
    {
      "positionOfset": 7658,
      "itemType": 16,
      "number": 7
    },
    {
      "positionOfset": 6475,
      "itemType": 16,
      "number": 8
    },
    {
      "positionOfset": 3749,
      "itemType": 16,
      "number": 9
    },
    {
      "positionOfset": 5146,
      "itemType": 18,
      "number": 0
    },
    {
      "positionOfset": 4746,
      "itemType": 18,
      "number": 1
    },
    {
      "positionOfset": 7169,
      "itemType": 18,
      "number": 2
    },
    {
      "positionOfset": 5548,
      "itemType": 19,
      "number": 0
    },
    {
      "positionOfset": 6558,
      "itemType": 19,
      "number": 1
    },
    {
      "positionOfset": 6576,
      "itemType": 19,
      "number": 2
    },
    {
      "positionOfset": 9041,
      "itemType": 19,
      "number": 3
    },
    {
      "positionOfset": 3741,
      "itemType": 19,
      "number": 4
    },
    {
      "positionOfset": 3757,
      "itemType": 19,
      "number": 5
    },
    {
      "positionOfset": 4657,
      "itemType": 19,
      "number": 6
    },
    {
      "positionOfset": 4541,
      "itemType": 19,
      "number": 7
    },
    {
      "positionOfset": 5144,
      "itemType": 19,
      "number": 8
    },
    {
      "positionOfset": 5148,
      "itemType": 19,
      "number": 9
    },
    {
      "positionOfset": 5357,
      "itemType": 20,
      "number": 0
    },
    {
      "positionOfset": 6157,
      "itemType": 20,
      "number": 1
    },
    {
      "positionOfset": 6958,
      "itemType": 20,
      "number": 2
    },
    {
      "positionOfset": 7757,
      "itemType": 20,
      "number": 3
    },
    {
      "positionOfset": 7741,
      "itemType": 20,
      "number": 4
    },
    {
      "positionOfset": 6941,
      "itemType": 20,
      "number": 5
    },
    {
      "positionOfset": 6141,
      "itemType": 20,
      "number": 6
    },
    {
      "positionOfset": 5341,
      "itemType": 20,
      "number": 7
    },
    {
      "positionOfset": 9048,
      "itemType": 20,
      "number": 8
    },
    {
      "positionOfset": 3748,
      "itemType": 20,
      "number": 9
    }
  ]
}