{
  "pauseDelayAmount": 30,
  "frames": [
    {
      "itemType": 61,
      "tilePositionOfsets": [
        5643
      ],
      "shouldPause": false
    },
    {
      "itemType": 52,
      "tilePositionOfsets": [
        4950
      ],
      "shouldPause": false
    },
    {
      "itemType": 52,
      "tilePositionOfsets": [
        4450
      ],
      "shouldPause": false
    },
    {
      "itemType": 80,
      "tilePositionOfsets": [
        5638
      ],
      "shouldPause": false
    },
    {
      "itemType": 80,
      "tilePositionOfsets": [
        5238
      ],
      "shouldPause": false
    },
    {
      "itemType": 86,
      "tilePositionOfsets": [
        4038
      ],
      "shouldPause": false
    },
    {
      "itemType": 51,
      "tilePositionOfsets": [
        5947
      ],
      "shouldPause": false
    },
    {
      "itemType": 51,
      "tilePositionOfsets": [
        5943
      ],
      "shouldPause": false
    },
    {
      "itemType": 54,
      "tilePositionOfsets": [
        6138
      ],
      "shouldPause": false
    },
    {
      "itemType": 54,
      "tilePositionOfsets": [
        4738
      ],
      "shouldPause": false
    },
    {
      "itemType": 54,
      "tilePositionOfsets": [
        3149
      ],
      "shouldPause": false
    },
    {
      "itemType": 54,
      "tilePositionOfsets": [
        5456
      ],
      "shouldPause": false
    },
    {
      "itemType": 54,
      "tilePositionOfsets": [
        5056
      ],
      "shouldPause": false
    },
    {
      "itemType": 54,
      "tilePositionOfsets": [
        6357
      ],
      "shouldPause": false
    },
    {
      "itemType": 54,
      "tilePositionOfsets": [
        5957
      ],
      "shouldPause": false
    },
    {
      "itemType": 54,
      "tilePositionOfsets": [
        5566
      ],
      "shouldPause": false
    },
    {
      "itemType": 54,
      "tilePositionOfsets": [
        5066
      ],
      "shouldPause": false
    },
    {
      "itemType": 77,
      "tilePositionOfsets": [
        3849
      ],
      "shouldPause": false
    },
    {
      "itemType": 330,
      "tilePositionOfsets": [
        4336
      ],
      "shouldPause": false
    },
    {
      "itemType": 330,
      "tilePositionOfsets": [
        3053
      ],
      "shouldPause": false
    },
    {
      "itemType": 76,
      "tilePositionOfsets": [
        4556
      ],
      "shouldPause": false
    },
    {
      "itemType": 76,
      "tilePositionOfsets": [
        4156
      ],
      "shouldPause": false
    },
    {
      "itemType": 92,
      "tilePositionOfsets": [
        6051
      ],
      "shouldPause": false
    },
    {
      "itemType": 144,
      "tilePositionOfsets": [
        6645
      ],
      "shouldPause": false
    },
    {
      "itemType": 25,
      "tilePositionOfsets": [
        6450,
        6451,
        6452
      ],
      "shouldPause": false
    },
    {
      "itemType": 110,
      "tilePositionOfsets": [
        6553
      ],
      "shouldPause": false
    },
    {
      "itemType": 25,
      "tilePositionOfsets": [
        6456,
        6457,
        6458,
        6459,
        6460
      ],
      "shouldPause": false
    },
    {
      "itemType": 110,
      "tilePositionOfsets": [
        6561
      ],
      "shouldPause": false
    },
    {
      "itemType": 25,
      "tilePositionOfsets": [
        6262,
        6162,
        6062
      ],
      "shouldPause": false
    },
    {
      "itemType": 110,
      "tilePositionOfsets": [
        5961
      ],
      "shouldPause": false
    },
    {
      "itemType": 25,
      "tilePositionOfsets": [
        5662,
        5562,
        5462,
        5362,
        5262,
        5162,
        5062,
        4862,
        4762,
        4662,
        4562,
        4462,
        4362,
        4262,
        4162,
        4062,
        3962,
        3862,
        3762,
        3662,
        3562,
        3462,
        3362
      ],
      "shouldPause": false
    },
    {
      "itemType": 110,
      "tilePositionOfsets": [
        3261
      ],
      "shouldPause": false
    },
    {
      "itemType": 25,
      "tilePositionOfsets": [
        2962
      ],
      "shouldPause": false
    },
    {
      "itemType": 110,
      "tilePositionOfsets": [
        2861
      ],
      "shouldPause": false
    },
    {
      "itemType": 25,
      "tilePositionOfsets": [
        2749,
        2750,
        2751,
        2752,
        2753,
        2754,
        2755,
        2756,
        2757,
        2758,
        2759,
        2760
      ],
      "shouldPause": false
    },
    {
      "itemType": 110,
      "tilePositionOfsets": [
        2846
      ],
      "shouldPause": false
    },
    {
      "itemType": 25,
      "tilePositionOfsets": [
        2737,
        2738,
        2739,
        2740,
        2741,
        2742,
        2743,
        2744,
        2745
      ],
      "shouldPause": false
    },
    {
      "itemType": 110,
      "tilePositionOfsets": [
        2834
      ],
      "shouldPause": false
    },
    {
      "itemType": 25,
      "tilePositionOfsets": [
        2935
      ],
      "shouldPause": false
    },
    {
      "itemType": 110,
      "tilePositionOfsets": [
        3234
      ],
      "shouldPause": false
    },
    {
      "itemType": 25,
      "tilePositionOfsets": [
        5635,
        5535,
        5435,
        5335,
        5235,
        5135,
        5035,
        4935,
        4835,
        4735,
        4635,
        4535,
        4435,
        4335,
        4235,
        4135,
        4035,
        3935,
        3835,
        3735,
        3635,
        3535,
        3435,
        3335
      ],
      "shouldPause": false
    },
    {
      "itemType": 110,
      "tilePositionOfsets": [
        5934
      ],
      "shouldPause": false
    },
    {
      "itemType": 25,
      "tilePositionOfsets": [
        6235,
        6135,
        6035
      ],
      "shouldPause": false
    },
    {
      "itemType": 110,
      "tilePositionOfsets": [
        6534
      ],
      "shouldPause": false
    },
    {
      "itemType": 25,
      "tilePositionOfsets": [
        6437,
        6438
      ],
      "shouldPause": false
    },
    {
      "itemType": 110,
      "tilePositionOfsets": [
        6539
      ],
      "shouldPause": false
    },
    {
      "itemType": 25,
      "tilePositionOfsets": [
        6442,
        6443,
        6444
      ],
      "shouldPause": true
    },
    {
      "itemType": 88,
      "tilePositionOfsets": [
        3756
      ],
      "shouldPause": false
    },
    {
      "itemType": 180,
      "tilePositionOfsets": [
        6466
      ],
      "shouldPause": false
    },
    {
      "itemType": 306,
      "tilePositionOfsets": [
        6350
      ],
      "shouldPause": false
    },
    {
      "itemType": 306,
      "tilePositionOfsets": [
        6343
      ],
      "shouldPause": false
    },
    {
      "itemType": 177,
      "tilePositionOfsets": [
        3037
      ],
      "shouldPause": false
    },
    {
      "itemType": 177,
      "tilePositionOfsets": [
        3040
      ],
      "shouldPause": false
    },
    {
      "itemType": 177,
      "tilePositionOfsets": [
        3043
      ],
      "shouldPause": false
    },
    {
      "itemType": 176,
      "tilePositionOfsets": [
        3960
      ],
      "shouldPause": false
    },
    {
      "itemType": 176,
      "tilePositionOfsets": [
        4160
      ],
      "shouldPause": false
    },
    {
      "itemType": 176,
      "tilePositionOfsets": [
        4360
      ],
      "shouldPause": false
    },
    {
      "itemType": 176,
      "tilePositionOfsets": [
        4560
      ],
      "shouldPause": false
    },
    {
      "itemType": 26,
      "tilePositionOfsets": [
        6550,
        6551,
        6552
      ],
      "shouldPause": false
    },
    {
      "itemType": 26,
      "tilePositionOfsets": [
        6556,
        6557,
        6558,
        6559,
        6560
      ],
      "shouldPause": false
    },
    {
      "itemType": 26,
      "tilePositionOfsets": [
        6263,
        6163,
        6063
      ],
      "shouldPause": false
    },
    {
      "itemType": 26,
      "tilePositionOfsets": [
        5663,
        5563,
        5463,
        5363,
        5263,
        5163,
        5063,
        4963,
        4863,
        4763,
        4663,
        4563,
        4463,
        4363,
        4263,
        4163,
        4063,
        3963,
        3863,
        3763,
        3663,
        3563,
        3463,
        3363
      ],
      "shouldPause": false
    },
    {
      "itemType": 26,
      "tilePositionOfsets": [
        2963
      ],
      "shouldPause": false
    },
    {
      "itemType": 26,
      "tilePositionOfsets": [
        2649,
        2650,
        2651,
        2652,
        2653,
        2654,
        2655,
        2656,
        2657,
        2658,
        2659,
        2660
      ],
      "shouldPause": false
    },
    {
      "itemType": 26,
      "tilePositionOfsets": [
        2637,
        2638,
        2639,
        2640,
        2641,
        2642,
        2643,
        2644,
        2645
      ],
      "shouldPause": false
    },
    {
      "itemType": 26,
      "tilePositionOfsets": [
        2934
      ],
      "shouldPause": false
    },
    {
      "itemType": 26,
      "tilePositionOfsets": [
        5634,
        5534,
        5434,
        5334,
        5234,
        5134,
        5034,
        4934,
        4834,
        4734,
        4634,
        4534,
        4434,
        4334,
        4234,
        4134,
        4034,
        3934,
        3834,
        3734,
        3634,
        3534,
        3434,
        3334
      ],
      "shouldPause": false
    },
    {
      "itemType": 26,
      "tilePositionOfsets": [
        6234,
        6134,
        6034
      ],
      "shouldPause": false
    },
    {
      "itemType": 26,
      "tilePositionOfsets": [
        6537,
        6538
      ],
      "shouldPause": false
    },
    {
      "itemType": 26,
      "tilePositionOfsets": [
        6542,
        6543,
        6544
      ],
      "shouldPause": false
    },
    {
      "itemType": 176,
      "tilePositionOfsets": [
        3436
      ],
      "shouldPause": false
    },
    {
      "itemType": 176,
      "tilePositionOfsets": [
        3636
      ],
      "shouldPause": false
    },
    {
      "itemType": 176,
      "tilePositionOfsets": [
        3836
      ],
      "shouldPause": false
    },
    {
      "itemType": 176,
      "tilePositionOfsets": [
        4036
      ],
      "shouldPause": false
    },
    {
      "itemType": 306,
      "tilePositionOfsets": [
        5636
      ],
      "shouldPause": false
    },
    {
      "itemType": 306,
      "tilePositionOfsets": [
        5436
      ],
      "shouldPause": false
    },
    {
      "itemType": 306,
      "tilePositionOfsets": [
        5236
      ],
      "shouldPause": false
    },
    {
      "itemType": 306,
      "tilePositionOfsets": [
        5036
      ],
      "shouldPause": false
    },
    {
      "itemType": 306,
      "tilePositionOfsets": [
        6337
      ],
      "shouldPause": false
    },
    {
      "itemType": 306,
      "tilePositionOfsets": [
        6136
      ],
      "shouldPause": false
    },
    {
      "itemType": 99,
      "tilePositionOfsets": [
        6677,
        6574,
        6577,
        6473,
        6474,
        6477,
        6480,
        6374,
        6376,
        6274,
        6276,
        6175,
        6176,
        6178,
        6072,
        6078,
        5974,
        5976,
        5878,
        5781,
        5573,
        5574,
        5576,
        5475,
        5377,
        5379,
        5280,
        5074,
        4975,
        4978,
        4981,
        4778,
        4676,
        4679,
        4473,
        4474,
        4478,
        4376,
        4378,
        4272,
        4274,
        4280,
        4169,
        4171,
        4177,
        4069,
        4073,
        4075,
        4076,
        4079,
        3974,
        3975,
        3977,
        3867,
        3881,
        3770,
        3780,
        3781,
        3669,
        3672,
        3674,
        3679,
        3573,
        3579,
        3471,
        3375,
        3269,
        3272,
        3275,
        3277,
        3170,
        3180,
        3070,
        3076,
        3078,
        2969,
        2973,
        2975,
        2672,
        2677
      ],
      "shouldPause": false
    },
    {
      "itemType": 99,
      "tilePositionOfsets": [
        8248,
        8156,
        8033,
        8034,
        8042,
        7933,
        7940,
        7944,
        7946,
        7836,
        7838,
        7840,
        7842,
        7848,
        7849,
        7854,
        7855,
        7858,
        7859,
        7863,
        7735,
        7737,
        7738,
        7740,
        7745,
        7748,
        7750,
        7751,
        7756,
        7759,
        7760,
        7631,
        7635,
        7636,
        7638,
        7647,
        7650,
        7652,
        7662,
        7664,
        7666,
        7532,
        7535,
        7536,
        7537,
        7540,
        7547,
        7556,
        7558,
        7560,
        7562,
        7565,
        7569,
        7572,
        7446,
        7451,
        7455,
        7461,
        7462,
        7474,
        7340,
        7359,
        7374,
        7376,
        7231,
        7236,
        7244,
        7254,
        7257,
        7263,
        7266,
        7268,
        7271,
        7273,
        7276,
        7277,
        7134,
        7169,
        7073,
        7075,
        6976,
        6873,
        6875,
        6878,
        6778
      ],
      "shouldPause": false
    },
    {
      "itemType": 99,
      "tilePositionOfsets": [
        7731
      ],
      "shouldPause": false
    },
    {
      "itemType": 99,
      "tilePositionOfsets": [
        7528,
        7221,
        7222,
        7225,
        7228,
        7229,
        7122,
        7126,
        7027,
        7029,
        6919,
        6921,
        6922,
        6720,
        6721,
        6724,
        6726,
        6617,
        6620,
        6621,
        6518,
        6522,
        6421,
        6323,
        6215,
        6019,
        5918,
        5922,
        5821,
        5823,
        5719,
        5619,
        5622,
        5624,
        5518,
        5422,
        5316,
        5020,
        5021,
        4916,
        4923,
        4816,
        4819,
        4823,
        4617,
        4622,
        4516,
        4518,
        4519,
        4520,
        4423,
        4221,
        4222,
        4117,
        4122,
        4019,
        4022,
        3919,
        3922,
        3818,
        3820,
        3823,
        3717,
        3719,
        3618,
        3422,
        3320
      ],
      "shouldPause": false
    },
    {
      "itemType": 99,
      "tilePositionOfsets": [
        3619
      ],
      "shouldPause": false
    },
    {
      "itemType": 99,
      "tilePositionOfsets": [
        3524,
        3222,
        2823,
        2825,
        2721,
        2723,
        2622,
        2519,
        2521,
        2427,
        2331,
        2225,
        2127,
        2132,
        2144,
        2039,
        2041,
        2046,
        2050,
        1919,
        1921,
        1929,
        1935,
        1938,
        1943,
        1949,
        1829,
        1841,
        1724,
        1726,
        1734,
        1741,
        1640,
        1643,
        1645,
        1646,
        1647,
        1529,
        1541,
        1542,
        1447,
        1449,
        1337,
        1340,
        1343
      ],
      "shouldPause": false
    },
    {
      "itemType": 99,
      "tilePositionOfsets": [
        2673,
        2571,
        2458,
        2348,
        2359,
        2376,
        2240,
        2243,
        2268,
        2271,
        2273,
        2138,
        2142,
        2155,
        2159,
        2167,
        2043,
        2051,
        2053,
        2070,
        1951,
        1955,
        1964,
        1966,
        1974,
        1852,
        1855,
        1857,
        1861,
        1865,
        1875,
        1751,
        1752,
        1754,
        1758,
        1762,
        1771,
        1653,
        1557,
        1568,
        1451,
        1454,
        1459,
        1466,
        1472,
        1354,
        1264
      ],
      "shouldPause": false
    },
    {
      "itemType": 25,
      "tilePositionOfsets": [
        4962
      ],
      "shouldPause": false
    }
  ],
  "miscItems": [
    {
      "positionOfset": 6647,
      "itemType": 1,
      "number": 0
    },
    {
      "positionOfset": 5546,
      "itemType": 1,
      "number": 1
    },
    {
      "positionOfset": 4562,
      "itemType": 1,
      "number": 2
    },
    {
      "positionOfset": 6440,
      "itemType": 1,
      "number": 3
    },
    {
      "positionOfset": 5862,
      "itemType": 1,
      "number": 4
    },
    {
      "positionOfset": 3162,
      "itemType": 1,
      "number": 5
    },
    {
      "positionOfset": 2747,
      "itemType": 1,
      "number": 6
    },
    {
      "positionOfset": 3135,
      "itemType": 1,
      "number": 7
    },
    {
      "positionOfset": 5835,
      "itemType": 1,
      "number": 8
    },
    {
      "positionOfset": 6842,
      "itemType": 5,
      "number": 0
    },
    {
      "positionOfset": 6852,
      "itemType": 5,
      "number": 1
    },
    {
      "positionOfset": 6768,
      "itemType": 5,
      "number": 2
    },
    {
      "positionOfset": 6229,
      "itemType": 5,
      "number": 3
    },
    {
      "positionOfset": 5429,
      "itemType": 5,
      "number": 4
    },
    {
      "positionOfset": 6454,
      "itemType": 16,
      "number": 0
    },
    {
      "positionOfset": 6434,
      "itemType": 16,
      "number": 1
    },
    {
      "positionOfset": 2734,
      "itemType": 16,
      "number": 2
    },
    {
      "positionOfset": 2862,
      "itemType": 16,
      "number": 3
    },
    {
      "positionOfset": 5346,
      "itemType": 16,
      "number": 4
    },
    {
      "positionOfset": 6462,
      "itemType": 16,
      "number": 5
    },
    {
      "positionOfset": 5235,
      "itemType": 16,
      "number": 6
    },
    {
      "positionOfset": 4646,
      "itemType": 18,
      "number": 0
    },
    {
      "positionOfset": 5146,
      "itemType": 18,
      "number": 1
    },
    {
      "positionOfset": 5144,
      "itemType": 19,
      "number": 0
    },
    {
      "positionOfset": 5148,
      "itemType": 19,
      "number": 1
    },
    {
      "positionOfset": 5862,
      "itemType": 19,
      "number": 2
    },
    {
      "positionOfset": 5863,
      "itemType": 19,
      "number": 3
    },
    {
      "positionOfset": 4462,
      "itemType": 19,
      "number": 4
    },
    {
      "positionOfset": 3163,
      "itemType": 19,
      "number": 5
    },
    {
      "positionOfset": 2647,
      "itemType": 19,
      "number": 6
    },
    {
      "positionOfset": 3134,
      "itemType": 19,
      "number": 7
    },
    {
      "positionOfset": 5834,
      "itemType": 19,
      "number": 8
    },
    {
      "positionOfset": 5548,
      "itemType": 19,
      "number": 9
    },
    {
      "positionOfset": 2635,
      "itemType": 20,
      "number": 0
    },
    {
      "positionOfset": 2661,
      "itemType": 20,
      "number": 1
    },
    {
      "positionOfset": 6554,
      "itemType": 20,
      "number": 2
    },
    {
      "positionOfset": 6435,
      "itemType": 20,
      "number": 3
    },
    {
      "positionOfset": 6446,
      "itemType": 20,
      "number": 4
    },
    {
      "positionOfset": 5344,
      "itemType": 20,
      "number": 5
    },
    {
      "positionOfset": 5347,
      "itemType": 20,
      "number": 6
    },
    {
      "positionOfset": 5135,
      "itemType": 20,
      "number": 7
    },
    {
      "positionOfset": 6563,
      "itemType": 20,
      "number": 8
    },
    {
      "positionOfset": 6462,
      "itemType": 20,
      "number": 9
    }
  ]
}