{
  "pauseDelayAmount": 30,
  "frames": [
    {
      "itemType": 61,
      "tilePositionOfsets": [
        5643
      ],
      "shouldPause": false
    },
    {
      "itemType": 52,
      "tilePositionOfsets": [
        4950
      ],
      "shouldPause": false
    },
    {
      "itemType": 80,
      "tilePositionOfsets": [
        6143
      ],
      "shouldPause": false
    },
    {
      "itemType": 80,
      "tilePositionOfsets": [
        6543
      ],
      "shouldPause": false
    },
    {
      "itemType": 51,
      "tilePositionOfsets": [
        5851
      ],
      "shouldPause": false
    },
    {
      "itemType": 51,
      "tilePositionOfsets": [
        5854
      ],
      "shouldPause": false
    },
    {
      "itemType": 54,
      "tilePositionOfsets": [
        4043
      ],
      "shouldPause": false
    },
    {
      "itemType": 54,
      "tilePositionOfsets": [
        4047
      ],
      "shouldPause": false
    },
    {
      "itemType": 54,
      "tilePositionOfsets": [
        4052
      ],
      "shouldPause": false
    },
    {
      "itemType": 54,
      "tilePositionOfsets": [
        4762
      ],
      "shouldPause": false
    },
    {
      "itemType": 54,
      "tilePositionOfsets": [
        5071
      ],
      "shouldPause": false
    },
    {
      "itemType": 54,
      "tilePositionOfsets": [
        5471
      ],
      "shouldPause": false
    },
    {
      "itemType": 54,
      "tilePositionOfsets": [
        7444
      ],
      "shouldPause": false
    },
    {
      "itemType": 54,
      "tilePositionOfsets": [
        7044
      ],
      "shouldPause": false
    },
    {
      "itemType": 86,
      "tilePositionOfsets": [
        8163
      ],
      "shouldPause": false
    },
    {
      "itemType": 77,
      "tilePositionOfsets": [
        8253
      ],
      "shouldPause": false
    },
    {
      "itemType": 330,
      "tilePositionOfsets": [
        6749
      ],
      "shouldPause": false
    },
    {
      "itemType": 330,
      "tilePositionOfsets": [
        6962
      ],
      "shouldPause": false
    },
    {
      "itemType": 330,
      "tilePositionOfsets": [
        8149
      ],
      "shouldPause": false
    },
    {
      "itemType": 76,
      "tilePositionOfsets": [
        6348
      ],
      "shouldPause": false
    },
    {
      "itemType": 144,
      "tilePositionOfsets": [
        8742
      ],
      "shouldPause": false
    },
    {
      "itemType": 25,
      "tilePositionOfsets": [
        8447
      ],
      "shouldPause": false
    },
    {
      "itemType": 110,
      "tilePositionOfsets": [
        8648
      ],
      "shouldPause": false
    },
    {
      "itemType": 25,
      "tilePositionOfsets": [
        8451,
        8452
      ],
      "shouldPause": false
    },
    {
      "itemType": 110,
      "tilePositionOfsets": [
        8653
      ],
      "shouldPause": false
    },
    {
      "itemType": 25,
      "tilePositionOfsets": [
        8456,
        8457,
        8458
      ],
      "shouldPause": false
    },
    {
      "itemType": 110,
      "tilePositionOfsets": [
        8659
      ],
      "shouldPause": false
    },
    {
      "itemType": 25,
      "tilePositionOfsets": [
        8359,
        8259
      ],
      "shouldPause": false
    },
    {
      "itemType": 25,
      "tilePositionOfsets": [
        8159,
        8059,
        7959
      ],
      "shouldPause": false
    },
    {
      "itemType": 25,
      "tilePositionOfsets": [
        7859
      ],
      "shouldPause": false
    },
    {
      "itemType": 110,
      "tilePositionOfsets": [
        7759
      ],
      "shouldPause": false
    },
    {
      "itemType": 25,
      "tilePositionOfsets": [
        7459,
        7359,
        7259,
        7159,
        7059,
        6959,
        6859,
        6759,
        6659,
        6559,
        6459,
        6359,
        6259,
        6159,
        6059,
        5959,
        5859,
        5759,
        5659,
        5559,
        5459,
        5359,
        5259,
        5159,
        5059,
        4959,
        4859,
        4759,
        4659
      ],
      "shouldPause": false
    },
    {
      "itemType": 25,
      "tilePositionOfsets": [
        8441
      ],
      "shouldPause": false
    },
    {
      "itemType": 110,
      "tilePositionOfsets": [
        8638
      ],
      "shouldPause": false
    },
    {
      "itemType": 25,
      "tilePositionOfsets": [
        8340,
        8240
      ],
      "shouldPause": false
    },
    {
      "itemType": 25,
      "tilePositionOfsets": [
        8140,
        8040,
        7940
      ],
      "shouldPause": false
    },
    {
      "itemType": 25,
      "tilePositionOfsets": [
        7840
      ],
      "shouldPause": false
    },
    {
      "itemType": 110,
      "tilePositionOfsets": [
        7738
      ],
      "shouldPause": false
    },
    {
      "itemType": 25,
      "tilePositionOfsets": [
        7440,
        7340,
        7240,
        7140,
        7040,
        6940,
        6840,
        6740,
        6640,
        6540,
        6440,
        6340,
        6240,
        6140,
        6040,
        5940,
        5840,
        5740,
        5640,
        5540,
        5440,
        5340,
        5240,
        5140,
        5040,
        4940,
        4840,
        4740,
        4640
      ],
      "shouldPause": false
    },
    {
      "itemType": 110,
      "tilePositionOfsets": [
        4538
      ],
      "shouldPause": false
    },
    {
      "itemType": 25,
      "tilePositionOfsets": [
        4240
      ],
      "shouldPause": false
    },
    {
      "itemType": 110,
      "tilePositionOfsets": [
        4559
      ],
      "shouldPause": false
    },
    {
      "itemType": 25,
      "tilePositionOfsets": [
        4259
      ],
      "shouldPause": false
    },
    {
      "itemType": 25,
      "tilePositionOfsets": [
        4159,
        4059,
        3959
      ],
      "shouldPause": false
    },
    {
      "itemType": 25,
      "tilePositionOfsets": [
        3859,
        3759,
        3659
      ],
      "shouldPause": false
    },
    {
      "itemType": 110,
      "tilePositionOfsets": [
        3559
      ],
      "shouldPause": false
    },
    {
      "itemType": 25,
      "tilePositionOfsets": [
        3556,
        3557,
        3558
      ],
      "shouldPause": false
    },
    {
      "itemType": 25,
      "tilePositionOfsets": [
        3553,
        3554,
        3555
      ],
      "shouldPause": false
    },
    {
      "itemType": 25,
      "tilePositionOfsets": [
        3551,
        3552
      ],
      "shouldPause": false
    },
    {
      "itemType": 110,
      "tilePositionOfsets": [
        3548
      ],
      "shouldPause": false
    },
    {
      "itemType": 25,
      "tilePositionOfsets": [
        3840,
        3740,
        3640
      ],
      "shouldPause": false
    },
    {
      "itemType": 25,
      "tilePositionOfsets": [
        4140,
        4040,
        3940
      ],
      "shouldPause": false
    },
    {
      "itemType": 110,
      "tilePositionOfsets": [
        3538
      ],
      "shouldPause": false
    },
    {
      "itemType": 25,
      "tilePositionOfsets": [
        3541,
        3542,
        3543
      ],
      "shouldPause": false
    },
    {
      "itemType": 25,
      "tilePositionOfsets": [
        3544,
        3545,
        3546
      ],
      "shouldPause": false
    },
    {
      "itemType": 25,
      "tilePositionOfsets": [
        3547
      ],
      "shouldPause": false
    },
    {
      "itemType": 92,
      "tilePositionOfsets": [
        6453
      ],
      "shouldPause": false
    },
    {
      "itemType": 88,
      "tilePositionOfsets": [
        6966
      ],
      "shouldPause": false
    },
    {
      "itemType": 180,
      "tilePositionOfsets": [
        5763
      ],
      "shouldPause": false
    },
    {
      "itemType": 177,
      "tilePositionOfsets": [
        7441
      ],
      "shouldPause": false
    },
    {
      "itemType": 177,
      "tilePositionOfsets": [
        7141
      ],
      "shouldPause": false
    },
    {
      "itemType": 177,
      "tilePositionOfsets": [
        7656
      ],
      "shouldPause": false
    },
    {
      "itemType": 177,
      "tilePositionOfsets": [
        7256
      ],
      "shouldPause": false
    },
    {
      "itemType": 310,
      "tilePositionOfsets": [
        5456
      ],
      "shouldPause": false
    },
    {
      "itemType": 176,
      "tilePositionOfsets": [
        4056
      ],
      "shouldPause": false
    },
    {
      "itemType": 176,
      "tilePositionOfsets": [
        3857
      ],
      "shouldPause": false
    },
    {
      "itemType": 176,
      "tilePositionOfsets": [
        3841
      ],
      "shouldPause": false
    },
    {
      "itemType": 26,
      "tilePositionOfsets": [
        8547
      ],
      "shouldPause": false
    },
    {
      "itemType": 26,
      "tilePositionOfsets": [
        8551,
        8552
      ],
      "shouldPause": false
    },
    {
      "itemType": 26,
      "tilePositionOfsets": [
        8556,
        8557,
        8558
      ],
      "shouldPause": false
    },
    {
      "itemType": 26,
      "tilePositionOfsets": [
        8360,
        8260
      ],
      "shouldPause": false
    },
    {
      "itemType": 26,
      "tilePositionOfsets": [
        8541
      ],
      "shouldPause": false
    },
    {
      "itemType": 26,
      "tilePositionOfsets": [
        8339,
        8239
      ],
      "shouldPause": false
    },
    {
      "itemType": 26,
      "tilePositionOfsets": [
        8160,
        8060,
        7960
      ],
      "shouldPause": false
    },
    {
      "itemType": 26,
      "tilePositionOfsets": [
        7860
      ],
      "shouldPause": false
    },
    {
      "itemType": 26,
      "tilePositionOfsets": [
        7460,
        7360,
        7260,
        7160,
        7060,
        6960,
        6860,
        6760,
        6660,
        6560,
        6460,
        6360,
        6260,
        6160,
        6060,
        5960,
        5860,
        5760,
        5660,
        5560,
        5460,
        5360,
        5260,
        5160,
        5060,
        4960,
        4860,
        4760,
        4660
      ],
      "shouldPause": false
    },
    {
      "itemType": 26,
      "tilePositionOfsets": [
        8139,
        8039,
        7939
      ],
      "shouldPause": false
    },
    {
      "itemType": 26,
      "tilePositionOfsets": [
        7839
      ],
      "shouldPause": false
    },
    {
      "itemType": 26,
      "tilePositionOfsets": [
        7439,
        7339,
        7239,
        7139,
        7039,
        6939,
        6839,
        6739,
        6639,
        6539,
        6439,
        6339,
        6239,
        6139,
        6039,
        5939,
        5839,
        5739,
        5639,
        5539,
        5439,
        5339,
        5239,
        5139,
        5039,
        4939,
        4839,
        4739,
        4639
      ],
      "shouldPause": false
    },
    {
      "itemType": 26,
      "tilePositionOfsets": [
        4239
      ],
      "shouldPause": false
    },
    {
      "itemType": 26,
      "tilePositionOfsets": [
        4139,
        4039,
        3939
      ],
      "shouldPause": false
    },
    {
      "itemType": 26,
      "tilePositionOfsets": [
        3839,
        3739,
        3639
      ],
      "shouldPause": false
    },
    {
      "itemType": 26,
      "tilePositionOfsets": [
        3441,
        3442,
        3443
      ],
      "shouldPause": false
    },
    {
      "itemType": 26,
      "tilePositionOfsets": [
        3444,
        3445,
        3446
      ],
      "shouldPause": false
    },
    {
      "itemType": 26,
      "tilePositionOfsets": [
        3447
      ],
      "shouldPause": false
    },
    {
      "itemType": 26,
      "tilePositionOfsets": [
        3451,
        3452
      ],
      "shouldPause": false
    },
    {
      "itemType": 26,
      "tilePositionOfsets": [
        3453,
        3454,
        3455
      ],
      "shouldPause": false
    },
    {
      "itemType": 26,
      "tilePositionOfsets": [
        3456,
        3457,
        3458
      ],
      "shouldPause": false
    },
    {
      "itemType": 26,
      "tilePositionOfsets": [
        3860,
        3760,
        3660
      ],
      "shouldPause": false
    },
    {
      "itemType": 26,
      "tilePositionOfsets": [
        4160,
        4060,
        3960
      ],
      "shouldPause": false
    },
    {
      "itemType": 26,
      "tilePositionOfsets": [
        4260
      ],
      "shouldPause": false
    },
    {
      "itemType": 305,
      "tilePositionOfsets": [
        5156
      ],
      "shouldPause": false
    },
    {
      "itemType": 306,
      "tilePositionOfsets": [
        4355
      ],
      "shouldPause": false
    },
    {
      "itemType": 176,
      "tilePositionOfsets": [
        5641
      ],
      "shouldPause": false
    },
    {
      "itemType": 176,
      "tilePositionOfsets": [
        5441
      ],
      "shouldPause": false
    },
    {
      "itemType": 176,
      "tilePositionOfsets": [
        5241
      ],
      "shouldPause": false
    },
    {
      "itemType": 176,
      "tilePositionOfsets": [
        5041
      ],
      "shouldPause": false
    },
    {
      "itemType": 76,
      "tilePositionOfsets": [
        6853
      ],
      "shouldPause": false
    },
    {
      "itemType": 92,
      "tilePositionOfsets": [
        7550
      ],
      "shouldPause": false
    },
    {
      "itemType": 311,
      "tilePositionOfsets": [
        8143
      ],
      "shouldPause": false
    },
    {
      "itemType": 144,
      "tilePositionOfsets": [
        9265
      ],
      "shouldPause": false
    },
    {
      "itemType": 46,
      "tilePositionOfsets": [
        9070,
        9071,
        9072,
        9073,
        9074
      ],
      "shouldPause": false
    },
    {
      "itemType": 46,
      "tilePositionOfsets": [
        8974,
        8874,
        8774,
        8674,
        8574,
        8474,
        8374,
        8274,
        8174,
        8074,
        7974,
        7874,
        7774,
        7674,
        7574,
        7474,
        7374,
        7274,
        7174,
        7074,
        6974,
        6874,
        6774
      ],
      "shouldPause": false
    },
    {
      "itemType": 46,
      "tilePositionOfsets": [
        6772,
        6773
      ],
      "shouldPause": false
    },
    {
      "itemType": 46,
      "tilePositionOfsets": [
        6672,
        6572,
        6472,
        6372,
        6272,
        6172,
        6072,
        5972,
        5872,
        5772
      ],
      "shouldPause": false
    },
    {
      "itemType": 46,
      "tilePositionOfsets": [
        5770,
        5771
      ],
      "shouldPause": false
    },
    {
      "itemType": 46,
      "tilePositionOfsets": [
        5670,
        5570,
        5470,
        5370,
        5270,
        5170,
        5070,
        4970,
        4870,
        4770,
        4670
      ],
      "shouldPause": false
    },
    {
      "itemType": 46,
      "tilePositionOfsets": [
        4667,
        4668,
        4669
      ],
      "shouldPause": false
    },
    {
      "itemType": 46,
      "tilePositionOfsets": [
        4567,
        4467,
        4367,
        4267,
        4167,
        4067,
        3967,
        3867
      ],
      "shouldPause": false
    },
    {
      "itemType": 46,
      "tilePositionOfsets": [
        3863,
        3864,
        3865,
        3866
      ],
      "shouldPause": false
    },
    {
      "itemType": 46,
      "tilePositionOfsets": [
        3763,
        3663,
        3563,
        3463,
        3363,
        3263,
        3163
      ],
      "shouldPause": false
    },
    {
      "itemType": 46,
      "tilePositionOfsets": [
        3136,
        3137,
        3138,
        3139,
        3140,
        3141,
        3142,
        3143,
        3144,
        3145,
        3146,
        3147,
        3148,
        3149,
        3150,
        3151,
        3152,
        3153,
        3154,
        3155,
        3156,
        3157,
        3158,
        3159,
        3160,
        3161,
        3162
      ],
      "shouldPause": false
    },
    {
      "itemType": 46,
      "tilePositionOfsets": [
        9036,
        8936,
        8836,
        8736,
        8636,
        8536,
        8436,
        8336,
        8236,
        8136,
        8036,
        7936,
        7836,
        7736,
        7636,
        7536,
        7436,
        7336,
        7236,
        7136,
        7036,
        6936,
        6836,
        6736,
        6636,
        6536,
        6436,
        6336,
        6236,
        6136,
        6036,
        5936,
        5836,
        5736,
        5636,
        5536,
        5436,
        5336,
        5236,
        5136,
        5036,
        4936,
        4836,
        4736,
        4636,
        4536,
        4436,
        4336,
        4236,
        4136,
        4036,
        3936,
        3836,
        3736,
        3636,
        3536,
        3436,
        3336,
        3236
      ],
      "shouldPause": false
    },
    {
      "itemType": 46,
      "tilePositionOfsets": [
        9037,
        9038,
        9039,
        9040,
        9041,
        9042,
        9043,
        9044,
        9045,
        9046,
        9047,
        9048,
        9049,
        9050,
        9051,
        9052,
        9053,
        9054,
        9055,
        9056,
        9057,
        9058,
        9059,
        9060,
        9061,
        9062,
        9063,
        9064
      ],
      "shouldPause": false
    },
    {
      "itemType": 99,
      "tilePositionOfsets": [
        4775,
        4674,
        4675,
        4676,
        4572,
        4575,
        4475,
        4371,
        4372,
        4271,
        4273,
        4275,
        4173,
        4071,
        3968,
        3669,
        3670
      ],
      "shouldPause": false
    },
    {
      "itemType": 99,
      "tilePositionOfsets": [
        3971,
        3671,
        3569,
        3467,
        3371,
        3270,
        3271,
        3166,
        3168,
        3172,
        3064,
        3066,
        3072,
        2964,
        2969,
        2861,
        2866,
        2759,
        2760,
        2767,
        2656,
        2659,
        2663,
        2664,
        2562,
        2455,
        2458
      ],
      "shouldPause": false
    },
    {
      "itemType": 99,
      "tilePositionOfsets": [
        2753
      ],
      "shouldPause": false
    },
    {
      "itemType": 99,
      "tilePositionOfsets": [
        3053,
        3057,
        2949,
        2950,
        2845,
        2848,
        2855,
        2747,
        2748,
        2644,
        2648,
        2547,
        2548,
        2550,
        2444
      ],
      "shouldPause": false
    },
    {
      "itemType": 99,
      "tilePositionOfsets": [
        2445
      ],
      "shouldPause": false
    },
    {
      "itemType": 99,
      "tilePositionOfsets": [
        4030,
        4032,
        3929,
        3932,
        3933,
        3730,
        3733,
        3633,
        3529,
        3534,
        3429,
        3431,
        3331,
        3333,
        3231,
        3131,
        3039,
        2932,
        2942,
        2829,
        2839,
        2843,
        2729,
        2733,
        2735,
        2739,
        2637,
        2535,
        2541,
        2542,
        2436,
        2439,
        2339
      ],
      "shouldPause": false
    },
    {
      "itemType": 99,
      "tilePositionOfsets": [
        3832
      ],
      "shouldPause": false
    },
    {
      "itemType": 99,
      "tilePositionOfsets": [
        5228,
        5229,
        5128,
        5132,
        5030,
        5033,
        4830,
        4834,
        4734,
        4631,
        4531,
        4534,
        4428,
        4430,
        4330,
        4331,
        4333,
        4129,
        4131,
        4034
      ],
      "shouldPause": false
    },
    {
      "itemType": 99,
      "tilePositionOfsets": [
        5034
      ],
      "shouldPause": false
    },
    {
      "itemType": 99,
      "tilePositionOfsets": [
        8329,
        8232,
        8128,
        8033,
        7934,
        7831,
        7833,
        7729,
        7730,
        7735,
        7626,
        7630,
        7631,
        7426,
        7428,
        7330,
        7333
      ],
      "shouldPause": false
    },
    {
      "itemType": 99,
      "tilePositionOfsets": [
        7830
      ],
      "shouldPause": false
    },
    {
      "itemType": 99,
      "tilePositionOfsets": [
        9531,
        9330,
        9229,
        9130,
        9029,
        8728,
        8628,
        8528
      ],
      "shouldPause": false
    },
    {
      "itemType": 99,
      "tilePositionOfsets": [
        9839,
        9845,
        9737,
        9742,
        9744,
        9641,
        9642
      ],
      "shouldPause": false
    },
    {
      "itemType": 99,
      "tilePositionOfsets": [
        9441
      ],
      "shouldPause": false
    },
    {
      "itemType": 99,
      "tilePositionOfsets": [
        9749,
        9649,
        9650,
        9652,
        9548,
        9444,
        9445,
        9447,
        9347,
        9348,
        9349,
        9353,
        9144
      ],
      "shouldPause": false
    },
    {
      "itemType": 99,
      "tilePositionOfsets": [
        9350
      ],
      "shouldPause": false
    },
    {
      "itemType": 99,
      "tilePositionOfsets": [
        9756,
        9758,
        9759,
        9659,
        9661,
        9555,
        9556,
        9557,
        9559,
        9561,
        9452,
        9453,
        9456,
        9461,
        9352,
        9355,
        9356,
        9360,
        9361,
        9254,
        9257,
        9259
      ],
      "shouldPause": false
    },
    {
      "itemType": 99,
      "tilePositionOfsets": [
        9655
      ],
      "shouldPause": false
    },
    {
      "itemType": 99,
      "tilePositionOfsets": [
        9867,
        9868,
        9765,
        9766,
        9769,
        9665,
        9668,
        9565,
        9569,
        9463,
        9465,
        9466,
        9468,
        9470,
        9263
      ],
      "shouldPause": false
    },
    {
      "itemType": 99,
      "tilePositionOfsets": [
        9774,
        9779,
        9676,
        9578,
        9581,
        9479,
        9480,
        9280
      ],
      "shouldPause": false
    },
    {
      "itemType": 99,
      "tilePositionOfsets": [
        9481,
        9382,
        9181,
        8980,
        8981,
        8879,
        8881,
        8779,
        8682,
        8581,
        8377,
        8378,
        8277,
        8281,
        8080
      ],
      "shouldPause": false
    },
    {
      "itemType": 99,
      "tilePositionOfsets": [
        8177
      ],
      "shouldPause": false
    },
    {
      "itemType": 99,
      "tilePositionOfsets": [
        8680,
        8479,
        8481,
        8380,
        8381,
        7977,
        7878,
        7777,
        7779,
        7781,
        7578,
        7580
      ],
      "shouldPause": false
    },
    {
      "itemType": 99,
      "tilePositionOfsets": [
        7581
      ],
      "shouldPause": false
    },
    {
      "itemType": 99,
      "tilePositionOfsets": [
        7479,
        7377,
        7277,
        7278,
        7281,
        7282,
        7180,
        7080,
        6980,
        6876,
        6779,
        6578,
        6380
      ],
      "shouldPause": false
    },
    {
      "itemType": 99,
      "tilePositionOfsets": [
        6677
      ],
      "shouldPause": false
    },
    {
      "itemType": 99,
      "tilePositionOfsets": [
        6277,
        6177,
        6077,
        5976,
        5876,
        5778,
        5574,
        5576,
        5176,
        5077,
        4975
      ],
      "shouldPause": false
    },
    {
      "itemType": 99,
      "tilePositionOfsets": [
        7230,
        7231,
        7232,
        7233,
        7235,
        7026,
        7031,
        7033,
        6929,
        6726,
        6629,
        6630,
        6528,
        6530,
        6430,
        6330
      ],
      "shouldPause": false
    },
    {
      "itemType": 99,
      "tilePositionOfsets": [
        6632,
        6532,
        6332,
        6230,
        6131,
        6027,
        6030,
        5933,
        5833,
        5726,
        5629,
        5630,
        5526,
        5527,
        5530,
        5532
      ],
      "shouldPause": false
    },
    {
      "itemType": 99,
      "tilePositionOfsets": [
        6231
      ],
      "shouldPause": false
    }
  ],
  "miscItems": [
    {
      "positionOfset": 9267,
      "itemType": 1,
      "number": 0
    },
    {
      "positionOfset": 8744,
      "itemType": 1,
      "number": 1
    },
    {
      "positionOfset": 5549,
      "itemType": 1,
      "number": 2
    },
    {
      "positionOfset": 5644,
      "itemType": 1,
      "number": 3
    },
    {
      "positionOfset": 5149,
      "itemType": 1,
      "number": 4
    },
    {
      "positionOfset": 6059,
      "itemType": 1,
      "number": 5
    },
    {
      "positionOfset": 6040,
      "itemType": 1,
      "number": 6
    },
    {
      "positionOfset": 3136,
      "itemType": 1,
      "number": 7
    },
    {
      "positionOfset": 3363,
      "itemType": 1,
      "number": 8
    },
    {
      "positionOfset": 9339,
      "itemType": 5,
      "number": 0
    },
    {
      "positionOfset": 9334,
      "itemType": 5,
      "number": 1
    },
    {
      "positionOfset": 9273,
      "itemType": 5,
      "number": 2
    },
    {
      "positionOfset": 9077,
      "itemType": 5,
      "number": 3
    },
    {
      "positionOfset": 7534,
      "itemType": 5,
      "number": 4
    },
    {
      "positionOfset": 5349,
      "itemType": 13,
      "number": 0
    },
    {
      "positionOfset": 5344,
      "itemType": 13,
      "number": 1
    },
    {
      "positionOfset": 3454,
      "itemType": 16,
      "number": 0
    },
    {
      "positionOfset": 8548,
      "itemType": 16,
      "number": 1
    },
    {
      "positionOfset": 8553,
      "itemType": 16,
      "number": 2
    },
    {
      "positionOfset": 7661,
      "itemType": 16,
      "number": 3
    },
    {
      "positionOfset": 8538,
      "itemType": 16,
      "number": 4
    },
    {
      "positionOfset": 4438,
      "itemType": 16,
      "number": 5
    },
    {
      "positionOfset": 4461,
      "itemType": 16,
      "number": 6
    },
    {
      "positionOfset": 3349,
      "itemType": 16,
      "number": 7
    },
    {
      "positionOfset": 7638,
      "itemType": 16,
      "number": 8
    },
    {
      "positionOfset": 8561,
      "itemType": 16,
      "number": 9
    },
    {
      "positionOfset": 5246,
      "itemType": 18,
      "number": 0
    },
    {
      "positionOfset": 4746,
      "itemType": 18,
      "number": 1
    },
    {
      "positionOfset": 7469,
      "itemType": 18,
      "number": 2
    },
    {
      "positionOfset": 8645,
      "itemType": 19,
      "number": 0
    },
    {
      "positionOfset": 5147,
      "itemType": 19,
      "number": 1
    },
    {
      "positionOfset": 5546,
      "itemType": 19,
      "number": 2
    },
    {
      "positionOfset": 6859,
      "itemType": 19,
      "number": 3
    },
    {
      "positionOfset": 5240,
      "itemType": 19,
      "number": 4
    },
    {
      "positionOfset": 3460,
      "itemType": 19,
      "number": 5
    },
    {
      "positionOfset": 3439,
      "itemType": 19,
      "number": 6
    },
    {
      "positionOfset": 9067,
      "itemType": 19,
      "number": 7
    },
    {
      "positionOfset": 9036,
      "itemType": 19,
      "number": 8
    },
    {
      "positionOfset": 8550,
      "itemType": 20,
      "number": 0
    },
    {
      "positionOfset": 8555,
      "itemType": 20,
      "number": 1
    },
    {
      "positionOfset": 7659,
      "itemType": 20,
      "number": 2
    },
    {
      "positionOfset": 8540,
      "itemType": 20,
      "number": 3
    },
    {
      "positionOfset": 4440,
      "itemType": 20,
      "number": 4
    },
    {
      "positionOfset": 4459,
      "itemType": 20,
      "number": 5
    },
    {
      "positionOfset": 3549,
      "itemType": 20,
      "number": 6
    },
    {
      "positionOfset": 7640,
      "itemType": 20,
      "number": 7
    },
    {
      "positionOfset": 8559,
      "itemType": 20,
      "number": 8
    }
  ]
}