{
  "pauseDelayAmount": 30,
  "frames": [
    {
      "itemType": 61,
      "tilePositionOfsets": [
        5643
      ],
      "shouldPause": false
    },
    {
      "itemType": 52,
      "tilePositionOfsets": [
        4950
      ],
      "shouldPause": false
    },
    {
      "itemType": 80,
      "tilePositionOfsets": [
        5638
      ],
      "shouldPause": false
    },
    {
      "itemType": 80,
      "tilePositionOfsets": [
        5238
      ],
      "shouldPause": false
    },
    {
      "itemType": 51,
      "tilePositionOfsets": [
        5947
      ],
      "shouldPause": false
    },
    {
      "itemType": 51,
      "tilePositionOfsets": [
        5943
      ],
      "shouldPause": false
    },
    {
      "itemType": 54,
      "tilePositionOfsets": [
        6138
      ],
      "shouldPause": false
    },
    {
      "itemType": 54,
      "tilePositionOfsets": [
        6538
      ],
      "shouldPause": false
    },
    {
      "itemType": 54,
      "tilePositionOfsets": [
        6938
      ],
      "shouldPause": false
    },
    {
      "itemType": 54,
      "tilePositionOfsets": [
        8351
      ],
      "shouldPause": false
    },
    {
      "itemType": 54,
      "tilePositionOfsets": [
        8241
      ],
      "shouldPause": false
    },
    {
      "itemType": 54,
      "tilePositionOfsets": [
        4255
      ],
      "shouldPause": false
    },
    {
      "itemType": 54,
      "tilePositionOfsets": [
        4755
      ],
      "shouldPause": false
    },
    {
      "itemType": 86,
      "tilePositionOfsets": [
        7143
      ],
      "shouldPause": false
    },
    {
      "itemType": 77,
      "tilePositionOfsets": [
        6050
      ],
      "shouldPause": false
    },
    {
      "itemType": 330,
      "tilePositionOfsets": [
        5855
      ],
      "shouldPause": false
    },
    {
      "itemType": 76,
      "tilePositionOfsets": [
        6554
      ],
      "shouldPause": false
    },
    {
      "itemType": 76,
      "tilePositionOfsets": [
        7054
      ],
      "shouldPause": false
    },
    {
      "itemType": 144,
      "tilePositionOfsets": [
        8645
      ],
      "shouldPause": false
    },
    {
      "itemType": 25,
      "tilePositionOfsets": [
        8450,
        8451,
        8452,
        8453,
        8454,
        8455,
        8456,
        8457,
        8458,
        8459,
        8460
      ],
      "shouldPause": false
    },
    {
      "itemType": 25,
      "tilePositionOfsets": [
        8360,
        8260,
        8160,
        8060,
        7960,
        7860,
        7760,
        7660,
        7560,
        7460,
        7360,
        7260
      ],
      "shouldPause": false
    },
    {
      "itemType": 25,
      "tilePositionOfsets": [
        8435,
        8436,
        8437,
        8438,
        8439,
        8440,
        8441,
        8442,
        8443,
        8444
      ],
      "shouldPause": false
    },
    {
      "itemType": 25,
      "tilePositionOfsets": [
        8335,
        8235,
        8135,
        8035,
        7935,
        7835,
        7735,
        7635,
        7535,
        7435,
        7335,
        7235
      ],
      "shouldPause": false
    },
    {
      "itemType": 110,
      "tilePositionOfsets": [
        7133
      ],
      "shouldPause": false
    },
    {
      "itemType": 25,
      "tilePositionOfsets": [
        7160,
        7060,
        6960
      ],
      "shouldPause": false
    },
    {
      "itemType": 25,
      "tilePositionOfsets": [
        6860
      ],
      "shouldPause": false
    },
    {
      "itemType": 25,
      "tilePositionOfsets": [
        6835
      ],
      "shouldPause": false
    },
    {
      "itemType": 25,
      "tilePositionOfsets": [
        6735,
        6635,
        6535
      ],
      "shouldPause": false
    },
    {
      "itemType": 110,
      "tilePositionOfsets": [
        6760
      ],
      "shouldPause": false
    },
    {
      "itemType": 25,
      "tilePositionOfsets": [
        6460
      ],
      "shouldPause": false
    },
    {
      "itemType": 25,
      "tilePositionOfsets": [
        6360,
        6260,
        6160
      ],
      "shouldPause": false
    },
    {
      "itemType": 25,
      "tilePositionOfsets": [
        6435
      ],
      "shouldPause": false
    },
    {
      "itemType": 110,
      "tilePositionOfsets": [
        6333
      ],
      "shouldPause": false
    },
    {
      "itemType": 25,
      "tilePositionOfsets": [
        6060
      ],
      "shouldPause": false
    },
    {
      "itemType": 25,
      "tilePositionOfsets": [
        6035
      ],
      "shouldPause": false
    },
    {
      "itemType": 25,
      "tilePositionOfsets": [
        5935,
        5835,
        5735
      ],
      "shouldPause": false
    },
    {
      "itemType": 110,
      "tilePositionOfsets": [
        5960
      ],
      "shouldPause": false
    },
    {
      "itemType": 25,
      "tilePositionOfsets": [
        5660
      ],
      "shouldPause": false
    },
    {
      "itemType": 25,
      "tilePositionOfsets": [
        5560,
        5460,
        5360
      ],
      "shouldPause": false
    },
    {
      "itemType": 25,
      "tilePositionOfsets": [
        5635
      ],
      "shouldPause": false
    },
    {
      "itemType": 110,
      "tilePositionOfsets": [
        5533
      ],
      "shouldPause": false
    },
    {
      "itemType": 25,
      "tilePositionOfsets": [
        5260
      ],
      "shouldPause": false
    },
    {
      "itemType": 25,
      "tilePositionOfsets": [
        5235
      ],
      "shouldPause": false
    },
    {
      "itemType": 25,
      "tilePositionOfsets": [
        5135,
        5035,
        4935
      ],
      "shouldPause": false
    },
    {
      "itemType": 110,
      "tilePositionOfsets": [
        5160
      ],
      "shouldPause": false
    },
    {
      "itemType": 25,
      "tilePositionOfsets": [
        4860,
        4760,
        4660,
        4560,
        4460,
        4360,
        4260,
        4160,
        4060,
        3960,
        3860,
        3760
      ],
      "shouldPause": false
    },
    {
      "itemType": 25,
      "tilePositionOfsets": [
        4835,
        4735,
        4635,
        4535,
        4435,
        4335,
        4235,
        4135,
        4035,
        3935,
        3835,
        3735
      ],
      "shouldPause": false
    },
    {
      "itemType": 25,
      "tilePositionOfsets": [
        3736,
        3737,
        3738,
        3739,
        3740,
        3741,
        3742,
        3743,
        3744,
        3745,
        3746,
        3747,
        3748,
        3749,
        3750,
        3751,
        3752,
        3753,
        3754,
        3755,
        3756,
        3757,
        3758,
        3759
      ],
      "shouldPause": false
    },
    {
      "itemType": 92,
      "tilePositionOfsets": [
        4738
      ],
      "shouldPause": false
    },
    {
      "itemType": 88,
      "tilePositionOfsets": [
        8355
      ],
      "shouldPause": false
    },
    {
      "itemType": 180,
      "tilePositionOfsets": [
        8336
      ],
      "shouldPause": false
    },
    {
      "itemType": 330,
      "tilePositionOfsets": [
        8836
      ],
      "shouldPause": false
    },
    {
      "itemType": 176,
      "tilePositionOfsets": [
        4052
      ],
      "shouldPause": false
    },
    {
      "itemType": 176,
      "tilePositionOfsets": [
        4050
      ],
      "shouldPause": false
    },
    {
      "itemType": 177,
      "tilePositionOfsets": [
        4046
      ],
      "shouldPause": false
    },
    {
      "itemType": 177,
      "tilePositionOfsets": [
        4043
      ],
      "shouldPause": false
    },
    {
      "itemType": 305,
      "tilePositionOfsets": [
        4139
      ],
      "shouldPause": false
    },
    {
      "itemType": 26,
      "tilePositionOfsets": [
        8550,
        8551,
        8552,
        8553,
        8554,
        8555,
        8556,
        8557,
        8558,
        8559,
        8560
      ],
      "shouldPause": false
    },
    {
      "itemType": 26,
      "tilePositionOfsets": [
        8561,
        8461,
        8361,
        8261,
        8161,
        8061,
        7961,
        7861,
        7761,
        7661,
        7561,
        7461,
        7361,
        7261
      ],
      "shouldPause": false
    },
    {
      "itemType": 26,
      "tilePositionOfsets": [
        7161,
        7061,
        6961
      ],
      "shouldPause": true
    },
    {
      "itemType": 26,
      "tilePositionOfsets": [
        8535,
        8536,
        8537,
        8538,
        8539,
        8540,
        8541,
        8542,
        8543,
        8544
      ],
      "shouldPause": false
    },
    {
      "itemType": 26,
      "tilePositionOfsets": [
        8534,
        8434,
        8334,
        8234,
        8134,
        8034,
        7934,
        7834,
        7734,
        7634,
        7534,
        7434,
        7334,
        7234
      ],
      "shouldPause": false
    },
    {
      "itemType": 26,
      "tilePositionOfsets": [
        6861
      ],
      "shouldPause": false
    },
    {
      "itemType": 26,
      "tilePositionOfsets": [
        6461
      ],
      "shouldPause": false
    },
    {
      "itemType": 26,
      "tilePositionOfsets": [
        6361,
        6261,
        6161,
        6061
      ],
      "shouldPause": false
    },
    {
      "itemType": 26,
      "tilePositionOfsets": [
        5661
      ],
      "shouldPause": false
    },
    {
      "itemType": 26,
      "tilePositionOfsets": [
        5561,
        5461,
        5361,
        5261
      ],
      "shouldPause": false
    },
    {
      "itemType": 26,
      "tilePositionOfsets": [
        6834
      ],
      "shouldPause": false
    },
    {
      "itemType": 26,
      "tilePositionOfsets": [
        6734,
        6634,
        6534
      ],
      "shouldPause": false
    },
    {
      "itemType": 26,
      "tilePositionOfsets": [
        6434
      ],
      "shouldPause": false
    },
    {
      "itemType": 26,
      "tilePositionOfsets": [
        6034
      ],
      "shouldPause": false
    },
    {
      "itemType": 26,
      "tilePositionOfsets": [
        5934,
        5834,
        5734
      ],
      "shouldPause": false
    },
    {
      "itemType": 26,
      "tilePositionOfsets": [
        5634
      ],
      "shouldPause": false
    },
    {
      "itemType": 26,
      "tilePositionOfsets": [
        5234
      ],
      "shouldPause": false
    },
    {
      "itemType": 26,
      "tilePositionOfsets": [
        5134,
        5034,
        4934
      ],
      "shouldPause": false
    },
    {
      "itemType": 26,
      "tilePositionOfsets": [
        4834,
        4734,
        4634,
        4534,
        4434,
        4334,
        4234,
        4134,
        4034,
        3934,
        3834,
        3734
      ],
      "shouldPause": false
    },
    {
      "itemType": 26,
      "tilePositionOfsets": [
        3634,
        3635,
        3636,
        3637,
        3638,
        3639,
        3640,
        3641,
        3642,
        3643,
        3644,
        3645,
        3646,
        3647,
        3648,
        3649,
        3650,
        3651,
        3652,
        3653,
        3654,
        3655,
        3656,
        3657,
        3658,
        3659,
        3660
      ],
      "shouldPause": false
    },
    {
      "itemType": 26,
      "tilePositionOfsets": [
        4861,
        4761,
        4661,
        4561,
        4461,
        4361,
        4261,
        4161,
        4061,
        3961,
        3861,
        3761,
        3661
      ],
      "shouldPause": false
    },
    {
      "itemType": 176,
      "tilePositionOfsets": [
        7336
      ],
      "shouldPause": false
    },
    {
      "itemType": 176,
      "tilePositionOfsets": [
        4836
      ],
      "shouldPause": false
    },
    {
      "itemType": 176,
      "tilePositionOfsets": [
        4636
      ],
      "shouldPause": false
    },
    {
      "itemType": 176,
      "tilePositionOfsets": [
        4436
      ],
      "shouldPause": false
    },
    {
      "itemType": 176,
      "tilePositionOfsets": [
        4236
      ],
      "shouldPause": false
    },
    {
      "itemType": 176,
      "tilePositionOfsets": [
        3936
      ],
      "shouldPause": false
    },
    {
      "itemType": 301,
      "tilePositionOfsets": [
        7749
      ],
      "shouldPause": false
    },
    {
      "itemType": 176,
      "tilePositionOfsets": [
        7747
      ],
      "shouldPause": false
    },
    {
      "itemType": 176,
      "tilePositionOfsets": [
        7547
      ],
      "shouldPause": false
    },
    {
      "itemType": 307,
      "tilePositionOfsets": [
        7741
      ],
      "shouldPause": false
    },
    {
      "itemType": 144,
      "tilePositionOfsets": [
        9345
      ],
      "shouldPause": false
    },
    {
      "itemType": 46,
      "tilePositionOfsets": [
        9250,
        9251,
        9252,
        9253,
        9254,
        9255,
        9256,
        9257,
        9258,
        9259,
        9260,
        9261,
        9262,
        9263,
        9264,
        9265
      ],
      "shouldPause": false
    },
    {
      "itemType": 46,
      "tilePositionOfsets": [
        9165,
        9065,
        8965,
        8865,
        8765,
        8665,
        8565,
        8465,
        8365,
        8265,
        8165,
        8065,
        7965,
        7865,
        7765,
        7665,
        7565,
        7465,
        7365,
        7265,
        7165,
        7065,
        6965,
        6865,
        6765,
        6665,
        6565,
        6465,
        6365,
        6265,
        6165,
        6065,
        5965,
        5865,
        5765,
        5665,
        5565,
        5465,
        5365,
        5265,
        5165,
        5065,
        4965,
        4865,
        4765,
        4665,
        4565,
        4465,
        4365,
        4265,
        4165,
        4065,
        3965,
        3865,
        3765,
        3665,
        3565,
        3465,
        3365
      ],
      "shouldPause": false
    },
    {
      "itemType": 46,
      "tilePositionOfsets": [
        3330,
        3331,
        3332,
        3333,
        3334,
        3335,
        3336,
        3337,
        3338,
        3339,
        3340,
        3341,
        3342,
        3343,
        3344,
        3345,
        3346,
        3347,
        3348,
        3349,
        3350,
        3351,
        3352,
        3353,
        3354,
        3355,
        3356,
        3357,
        3358,
        3359,
        3360,
        3361,
        3362,
        3363,
        3364
      ],
      "shouldPause": false
    },
    {
      "itemType": 46,
      "tilePositionOfsets": [
        9130,
        9030,
        8930,
        8830,
        8730,
        8630,
        8530,
        8430,
        8330,
        8230,
        8130,
        8030,
        7930,
        7830,
        7730,
        7630,
        7530,
        7430,
        7330,
        7230,
        7130,
        7030,
        6930,
        6830,
        6730,
        6630,
        6530,
        6430,
        6330,
        6230,
        6130,
        6030,
        5930,
        5830,
        5730,
        5630,
        5530,
        5430,
        5330,
        5230,
        5130,
        5030,
        4930,
        4830,
        4730,
        4630,
        4530,
        4430,
        4330,
        4230,
        4130,
        4030,
        3930,
        3830,
        3730,
        3630,
        3530,
        3430
      ],
      "shouldPause": false
    },
    {
      "itemType": 46,
      "tilePositionOfsets": [
        9230,
        9231,
        9232,
        9233,
        9234,
        9235,
        9236,
        9237,
        9238,
        9239,
        9240,
        9241,
        9242,
        9243,
        9244
      ],
      "shouldPause": false
    },
    {
      "itemType": 35,
      "tilePositionOfsets": [
        9350,
        9351,
        9352,
        9353,
        9354,
        9355,
        9356,
        9357,
        9358,
        9359,
        9360,
        9361,
        9362,
        9363,
        9364,
        9365
      ],
      "shouldPause": false
    },
    {
      "itemType": 35,
      "tilePositionOfsets": [
        9366,
        9266,
        9166,
        9066,
        8966,
        8866,
        8766,
        8666,
        8566,
        8466,
        8366,
        8266,
        8166,
        8066,
        7966,
        7866,
        7766,
        7666,
        7566,
        7466,
        7366,
        7266,
        7166,
        7066,
        6966,
        6866,
        6766,
        6666,
        6566,
        6466,
        6366,
        6266,
        6166,
        6066,
        5966,
        5866,
        5766,
        5666,
        5566,
        5466,
        5366,
        5266,
        5166,
        5066,
        4966,
        4866,
        4766,
        4666,
        4566,
        4466,
        4366,
        4266,
        4166,
        4066,
        3966,
        3866,
        3766,
        3666,
        3566,
        3466,
        3366
      ],
      "shouldPause": false
    },
    {
      "itemType": 35,
      "tilePositionOfsets": [
        3230,
        3231,
        3232,
        3233,
        3234,
        3235,
        3236,
        3237,
        3238,
        3239,
        3240,
        3241,
        3242,
        3243,
        3244,
        3245,
        3246,
        3247,
        3248,
        3249,
        3250,
        3251,
        3252,
        3253,
        3254,
        3255,
        3256,
        3257,
        3258,
        3259,
        3260,
        3261,
        3262,
        3263,
        3264,
        3265,
        3266
      ],
      "shouldPause": false
    },
    {
      "itemType": 35,
      "tilePositionOfsets": [
        9229,
        9129,
        9029,
        8929,
        8829,
        8729,
        8629,
        8529,
        8429,
        8329,
        8229,
        8129,
        8029,
        7929,
        7829,
        7729,
        7629,
        7529,
        7429,
        7329,
        7229,
        7129,
        7029,
        6929,
        6829,
        6729,
        6629,
        6529,
        6429,
        6329,
        6229,
        6129,
        6029,
        5929,
        5829,
        5729,
        5629,
        5529,
        5429,
        5329,
        5229,
        5129,
        5029,
        4929,
        4829,
        4729,
        4629,
        4529,
        4429,
        4329,
        4229,
        4129,
        4029,
        3929,
        3829,
        3729,
        3629,
        3529,
        3429,
        3329,
        3229
      ],
      "shouldPause": false
    },
    {
      "itemType": 35,
      "tilePositionOfsets": [
        9329,
        9330,
        9331,
        9332,
        9333,
        9334,
        9335,
        9336,
        9337,
        9338,
        9339,
        9340,
        9341,
        9342,
        9343,
        9344
      ],
      "shouldPause": false
    },
    {
      "itemType": 99,
      "tilePositionOfsets": [
        8870,
        8871,
        8873,
        8772,
        8669,
        8672,
        8572,
        8573,
        8468,
        8469,
        8472,
        8368,
        8371,
        8372,
        8375,
        8268,
        8269,
        8270,
        8271,
        8171,
        8173,
        8176,
        8071,
        8077,
        7972,
        7868,
        7874,
        7878,
        7668,
        7569,
        7570,
        7571,
        7577,
        7473,
        7372,
        7374,
        7271,
        7274,
        7175,
        7176,
        7072,
        7073,
        7075,
        6970,
        6971,
        6974,
        6871,
        6874,
        6770,
        6773,
        6671,
        6678,
        6569,
        6475,
        6270,
        6275,
        6170,
        6171,
        6172,
        6176,
        6073,
        6078,
        5973,
        5974,
        5870,
        5771,
        5774,
        5572,
        5573,
        5577,
        5471,
        5473,
        5475,
        5272,
        5274,
        5175,
        5076,
        4973,
        4978,
        4872,
        4873,
        4773,
        4774,
        4675,
        4573,
        4578,
        4374,
        4179
      ],
      "shouldPause": false
    },
    {
      "itemType": 99,
      "tilePositionOfsets": [
        4476,
        4477,
        4275,
        4175,
        4072,
        4073,
        4074,
        4078,
        3976,
        3873,
        3874,
        3770,
        3773,
        3778,
        3672,
        3676,
        3678,
        3572,
        3472,
        3476,
        3374,
        3171,
        3043,
        3071,
        3075,
        2941,
        2857,
        2867,
        2868,
        2739,
        2740,
        2748,
        2752,
        2755,
        2757,
        2764,
        2765,
        2769,
        2770,
        2771,
        2774,
        2776,
        2645,
        2651,
        2659,
        2662,
        2668,
        2671,
        2542,
        2544,
        2548,
        2551,
        2556,
        2562,
        2564,
        2566,
        2439,
        2445,
        2447,
        2448,
        2449,
        2454,
        2456,
        2473,
        2338,
        2339,
        2340,
        2343,
        2347,
        2366,
        2245,
        2257
      ],
      "shouldPause": false
    },
    {
      "itemType": 99,
      "tilePositionOfsets": [
        6319,
        6321,
        6224,
        6125,
        6017,
        6021,
        5918,
        5922,
        5923,
        5925,
        5819,
        5821,
        5823,
        5722,
        5723,
        5725,
        5621,
        5623,
        5520,
        5522,
        5523,
        5524,
        5420,
        5424,
        5321,
        5322,
        5219,
        5120,
        5020,
        5021,
        5025,
        4919,
        4819,
        4723,
        4520,
        4524,
        4423,
        4222,
        4226,
        4123,
        4020,
        4022,
        3920,
        3921,
        3925,
        3621,
        3524,
        3320,
        3323,
        3120,
        3125,
        3025,
        2923,
        2830,
        2731,
        2736,
        2737,
        2624,
        2628,
        2636,
        2521,
        2522,
        2525,
        2527,
        2537,
        2422,
        2433,
        2329,
        2225,
        2233,
        2235,
        2125,
        2129,
        2027,
        1932,
        1827
      ],
      "shouldPause": false
    },
    {
      "itemType": 99,
      "tilePositionOfsets": [
        9421,
        9320,
        9220,
        9118,
        9018,
        9019,
        8918,
        8919,
        8818,
        8823,
        8723,
        8617,
        8618,
        8619,
        8524,
        8218,
        8221,
        8123,
        8021,
        7923,
        7925,
        7623,
        7624,
        7519,
        7419,
        7421,
        7424,
        7318,
        7319,
        7324,
        7225,
        6920,
        6921,
        6923,
        6924,
        6818,
        6821,
        6824,
        6720,
        6722,
        6723,
        6620,
        6621,
        6623,
        6421,
        6422
      ],
      "shouldPause": false
    },
    {
      "itemType": 99,
      "tilePositionOfsets": [
        9174,
        9176,
        9075,
        9077,
        8975,
        8976,
        8773,
        8774,
        8777,
        8675,
        8475,
        8476
      ],
      "shouldPause": false
    },
    {
      "itemType": 99,
      "tilePositionOfsets": [
        9073
      ],
      "shouldPause": false
    }
  ],
  "miscItems": [
    {
      "positionOfset": 5649,
      "itemType": 1,
      "number": 0
    },
    {
      "positionOfset": 5643,
      "itemType": 1,
      "number": 1
    },
    {
      "positionOfset": 8547,
      "itemType": 1,
      "number": 2
    },
    {
      "positionOfset": 9247,
      "itemType": 1,
      "number": 3
    },
    {
      "positionOfset": 3760,
      "itemType": 1,
      "number": 4
    },
    {
      "positionOfset": 3735,
      "itemType": 1,
      "number": 5
    },
    {
      "positionOfset": 9564,
      "itemType": 5,
      "number": 0
    },
    {
      "positionOfset": 9168,
      "itemType": 5,
      "number": 1
    },
    {
      "positionOfset": 9530,
      "itemType": 5,
      "number": 2
    },
    {
      "positionOfset": 9126,
      "itemType": 5,
      "number": 3
    },
    {
      "positionOfset": 9647,
      "itemType": 5,
      "number": 4
    },
    {
      "positionOfset": 5349,
      "itemType": 13,
      "number": 0
    },
    {
      "positionOfset": 5343,
      "itemType": 13,
      "number": 1
    },
    {
      "positionOfset": 5447,
      "itemType": 14,
      "number": 0
    },
    {
      "positionOfset": 6661,
      "itemType": 16,
      "number": 0
    },
    {
      "positionOfset": 5861,
      "itemType": 16,
      "number": 1
    },
    {
      "positionOfset": 7034,
      "itemType": 16,
      "number": 2
    },
    {
      "positionOfset": 6234,
      "itemType": 16,
      "number": 3
    },
    {
      "positionOfset": 5434,
      "itemType": 16,
      "number": 4
    },
    {
      "positionOfset": 5061,
      "itemType": 16,
      "number": 5
    },
    {
      "positionOfset": 5445,
      "itemType": 16,
      "number": 6
    },
    {
      "positionOfset": 9047,
      "itemType": 16,
      "number": 7
    },
    {
      "positionOfset": 8347,
      "itemType": 16,
      "number": 8
    },
    {
      "positionOfset": 5246,
      "itemType": 18,
      "number": 0
    },
    {
      "positionOfset": 4446,
      "itemType": 18,
      "number": 1
    },
    {
      "positionOfset": 8046,
      "itemType": 18,
      "number": 2
    },
    {
      "positionOfset": 9246,
      "itemType": 19,
      "number": 0
    },
    {
      "positionOfset": 8445,
      "itemType": 19,
      "number": 1
    },
    {
      "positionOfset": 5646,
      "itemType": 19,
      "number": 2
    },
    {
      "positionOfset": 8160,
      "itemType": 19,
      "number": 3
    },
    {
      "positionOfset": 8035,
      "itemType": 19,
      "number": 4
    },
    {
      "positionOfset": 4235,
      "itemType": 19,
      "number": 5
    },
    {
      "positionOfset": 4260,
      "itemType": 19,
      "number": 6
    },
    {
      "positionOfset": 3750,
      "itemType": 19,
      "number": 7
    },
    {
      "positionOfset": 4960,
      "itemType": 19,
      "number": 8
    },
    {
      "positionOfset": 5333,
      "itemType": 19,
      "number": 9
    },
    {
      "positionOfset": 6662,
      "itemType": 20,
      "number": 0
    },
    {
      "positionOfset": 5862,
      "itemType": 20,
      "number": 1
    },
    {
      "positionOfset": 5062,
      "itemType": 20,
      "number": 2
    },
    {
      "positionOfset": 5433,
      "itemType": 20,
      "number": 3
    },
    {
      "positionOfset": 6233,
      "itemType": 20,
      "number": 4
    },
    {
      "positionOfset": 7033,
      "itemType": 20,
      "number": 5
    }
  ]
}