{
  "pauseDelayAmount": 20,
  "frames": [
    {
      "itemType": 61,
      "tilePositionOfsets": [
        5643
      ],
      "shouldPause": false
    },
    {
      "itemType": 52,
      "tilePositionOfsets": [
        4950
      ],
      "shouldPause": false
    },
    {
      "itemType": 52,
      "tilePositionOfsets": [
        4450
      ],
      "shouldPause": false
    },
    {
      "itemType": 80,
      "tilePositionOfsets": [
        4146
      ],
      "shouldPause": false
    },
    {
      "itemType": 80,
      "tilePositionOfsets": [
        4142
      ],
      "shouldPause": false
    },
    {
      "itemType": 51,
      "tilePositionOfsets": [
        5943
      ],
      "shouldPause": false
    },
    {
      "itemType": 51,
      "tilePositionOfsets": [
        5947
      ],
      "shouldPause": false
    },
    {
      "itemType": 86,
      "tilePositionOfsets": [
        5062
      ],
      "shouldPause": false
    },
    {
      "itemType": 54,
      "tilePositionOfsets": [
        3652
      ],
      "shouldPause": false
    },
    {
      "itemType": 54,
      "tilePositionOfsets": [
        3648
      ],
      "shouldPause": false
    },
    {
      "itemType": 54,
      "tilePositionOfsets": [
        3644
      ],
      "shouldPause": false
    },
    {
      "itemType": 54,
      "tilePositionOfsets": [
        6754
      ],
      "shouldPause": false
    },
    {
      "itemType": 54,
      "tilePositionOfsets": [
        3055
      ],
      "shouldPause": false
    },
    {
      "itemType": 54,
      "tilePositionOfsets": [
        2439
      ],
      "shouldPause": false
    },
    {
      "itemType": 54,
      "tilePositionOfsets": [
        2443
      ],
      "shouldPause": false
    },
    {
      "itemType": 54,
      "tilePositionOfsets": [
        2447
      ],
      "shouldPause": false
    },
    {
      "itemType": 77,
      "tilePositionOfsets": [
        6037
      ],
      "shouldPause": false
    },
    {
      "itemType": 76,
      "tilePositionOfsets": [
        4335
      ],
      "shouldPause": false
    },
    {
      "itemType": 76,
      "tilePositionOfsets": [
        3935
      ],
      "shouldPause": false
    },
    {
      "itemType": 330,
      "tilePositionOfsets": [
        5951
      ],
      "shouldPause": false
    },
    {
      "itemType": 92,
      "tilePositionOfsets": [
        4835
      ],
      "shouldPause": false
    },
    {
      "itemType": 144,
      "tilePositionOfsets": [
        3037
      ],
      "shouldPause": false
    },
    {
      "itemType": 25,
      "tilePositionOfsets": [
        3249,
        3148,
        3046,
        3047,
        2944,
        2945,
        2842,
        2843
      ],
      "shouldPause": false
    },
    {
      "itemType": 25,
      "tilePositionOfsets": [
        3250,
        3251,
        3252,
        3253,
        3254,
        3255
      ],
      "shouldPause": false
    },
    {
      "itemType": 110,
      "tilePositionOfsets": [
        3356
      ],
      "shouldPause": false
    },
    {
      "itemType": 25,
      "tilePositionOfsets": [
        4256,
        4156,
        4056,
        3956,
        3856,
        3756,
        3656,
        3556,
        3456
      ],
      "shouldPause": false
    },
    {
      "itemType": 25,
      "tilePositionOfsets": [
        5255,
        5155,
        5055,
        4955,
        4855,
        4755,
        4655,
        4555,
        4455,
        4355,
        4255
      ],
      "shouldPause": false
    },
    {
      "itemType": 110,
      "tilePositionOfsets": [
        5555
      ],
      "shouldPause": false
    },
    {
      "itemType": 25,
      "tilePositionOfsets": [
        6055,
        5955,
        5855,
        5755,
        5655
      ],
      "shouldPause": false
    },
    {
      "itemType": 110,
      "tilePositionOfsets": [
        6355
      ],
      "shouldPause": false
    },
    {
      "itemType": 25,
      "tilePositionOfsets": [
        6151,
        6152,
        6153,
        6154
      ],
      "shouldPause": false
    },
    {
      "itemType": 110,
      "tilePositionOfsets": [
        6348
      ],
      "shouldPause": false
    },
    {
      "itemType": 25,
      "tilePositionOfsets": [
        6144,
        6145,
        6146,
        6147
      ],
      "shouldPause": false
    },
    {
      "itemType": 110,
      "tilePositionOfsets": [
        6341
      ],
      "shouldPause": false
    },
    {
      "itemType": 25,
      "tilePositionOfsets": [
        6137,
        6138,
        6139,
        6140
      ],
      "shouldPause": false
    },
    {
      "itemType": 110,
      "tilePositionOfsets": [
        6334
      ],
      "shouldPause": false
    },
    {
      "itemType": 25,
      "tilePositionOfsets": [
        6036,
        5936,
        5836,
        5736,
        5636
      ],
      "shouldPause": false
    },
    {
      "itemType": 25,
      "tilePositionOfsets": [
        5635,
        5535,
        5435,
        5335,
        5235,
        5135,
        5035,
        4935
      ],
      "shouldPause": false
    },
    {
      "itemType": 25,
      "tilePositionOfsets": [
        4934,
        4834
      ],
      "shouldPause": false
    },
    {
      "itemType": 110,
      "tilePositionOfsets": [
        4732
      ],
      "shouldPause": false
    },
    {
      "itemType": 25,
      "tilePositionOfsets": [
        4434,
        4334,
        4234,
        4134,
        4034,
        3934,
        3834,
        3734,
        3634,
        3534,
        3434,
        3334
      ],
      "shouldPause": false
    },
    {
      "itemType": 110,
      "tilePositionOfsets": [
        3232
      ],
      "shouldPause": false
    },
    {
      "itemType": 25,
      "tilePositionOfsets": [
        3035,
        2936
      ],
      "shouldPause": false
    },
    {
      "itemType": 330,
      "tilePositionOfsets": [
        3051
      ],
      "shouldPause": false
    },
    {
      "itemType": 330,
      "tilePositionOfsets": [
        3243
      ],
      "shouldPause": false
    },
    {
      "itemType": 88,
      "tilePositionOfsets": [
        6162
      ],
      "shouldPause": false
    },
    {
      "itemType": 180,
      "tilePositionOfsets": [
        3962
      ],
      "shouldPause": false
    },
    {
      "itemType": 310,
      "tilePositionOfsets": [
        3953
      ],
      "shouldPause": false
    },
    {
      "itemType": 307,
      "tilePositionOfsets": [
        6945
      ],
      "shouldPause": false
    },
    {
      "itemType": 305,
      "tilePositionOfsets": [
        6941
      ],
      "shouldPause": false
    },
    {
      "itemType": 76,
      "tilePositionOfsets": [
        3535
      ],
      "shouldPause": false
    },
    {
      "itemType": 92,
      "tilePositionOfsets": [
        5436
      ],
      "shouldPause": false
    },
    {
      "itemType": 176,
      "tilePositionOfsets": [
        3340
      ],
      "shouldPause": false
    },
    {
      "itemType": 176,
      "tilePositionOfsets": [
        3540
      ],
      "shouldPause": false
    },
    {
      "itemType": 176,
      "tilePositionOfsets": [
        4441
      ],
      "shouldPause": false
    },
    {
      "itemType": 176,
      "tilePositionOfsets": [
        4641
      ],
      "shouldPause": false
    },
    {
      "itemType": 176,
      "tilePositionOfsets": [
        4841
      ],
      "shouldPause": false
    },
    {
      "itemType": 26,
      "tilePositionOfsets": [
        3149,
        3048,
        2946,
        2947,
        2844,
        2845,
        2742,
        2743
      ],
      "shouldPause": false
    },
    {
      "itemType": 26,
      "tilePositionOfsets": [
        3150,
        3151,
        3152,
        3153,
        3154,
        3155
      ],
      "shouldPause": false
    },
    {
      "itemType": 26,
      "tilePositionOfsets": [
        4257,
        4157,
        4057,
        3957,
        3857,
        3757,
        3657,
        3557,
        3457
      ],
      "shouldPause": false
    },
    {
      "itemType": 26,
      "tilePositionOfsets": [
        5256,
        5156,
        5056,
        4956,
        4856,
        4756,
        4656,
        4556,
        4456,
        4356
      ],
      "shouldPause": false
    },
    {
      "itemType": 26,
      "tilePositionOfsets": [
        6056,
        5956,
        5856,
        5756,
        5656
      ],
      "shouldPause": false
    },
    {
      "itemType": 26,
      "tilePositionOfsets": [
        6251,
        6252,
        6253,
        6254
      ],
      "shouldPause": false
    },
    {
      "itemType": 26,
      "tilePositionOfsets": [
        6244,
        6245,
        6246,
        6247
      ],
      "shouldPause": false
    },
    {
      "itemType": 26,
      "tilePositionOfsets": [
        6237,
        6238,
        6239,
        6240
      ],
      "shouldPause": false
    },
    {
      "itemType": 26,
      "tilePositionOfsets": [
        6035,
        5935,
        5835,
        5735
      ],
      "shouldPause": false
    },
    {
      "itemType": 26,
      "tilePositionOfsets": [
        5634,
        5534,
        5434,
        5334,
        5234,
        5134,
        5034
      ],
      "shouldPause": false
    },
    {
      "itemType": 26,
      "tilePositionOfsets": [
        4933,
        4833
      ],
      "shouldPause": false
    },
    {
      "itemType": 26,
      "tilePositionOfsets": [
        4433,
        4333,
        4233,
        4133,
        4033,
        3933,
        3833,
        3733,
        3633,
        3533,
        3433,
        3333
      ],
      "shouldPause": false
    },
    {
      "itemType": 26,
      "tilePositionOfsets": [
        2935,
        2836
      ],
      "shouldPause": false
    },
    {
      "itemType": 144,
      "tilePositionOfsets": [
        2353
      ],
      "shouldPause": false
    },
    {
      "itemType": 46,
      "tilePositionOfsets": [
        2460,
        2359,
        2258
      ],
      "shouldPause": false
    },
    {
      "itemType": 46,
      "tilePositionOfsets": [
        7060,
        6960,
        6860,
        6760,
        6660,
        6560,
        6460,
        6360,
        6260,
        6160,
        6060,
        5960,
        5860,
        5760,
        5660,
        5560,
        5460,
        5360,
        5260,
        5160,
        5060,
        4960,
        4860,
        4760,
        4660,
        4560,
        4460,
        4360,
        4260,
        4160,
        4060,
        3960,
        3860,
        3760,
        3660,
        3560,
        3460,
        3360,
        3260,
        3160,
        3060,
        2960,
        2860,
        2760,
        2660,
        2560
      ],
      "shouldPause": false
    },
    {
      "itemType": 46,
      "tilePositionOfsets": [
        7029,
        7030,
        7031,
        7032,
        7033,
        7034,
        7035,
        7036,
        7037,
        7038,
        7039,
        7040,
        7041,
        7042,
        7043,
        7044,
        7045,
        7046,
        7047,
        7048,
        7049,
        7050,
        7051,
        7052,
        7053,
        7054,
        7055,
        7056,
        7057,
        7058,
        7059
      ],
      "shouldPause": false
    },
    {
      "itemType": 46,
      "tilePositionOfsets": [
        6929,
        6829,
        6729,
        6629,
        6529,
        6429,
        6329,
        6229,
        6129,
        6029,
        5929,
        5829,
        5729,
        5629,
        5529,
        5429,
        5329,
        5229,
        5129,
        5029,
        4929,
        4829,
        4729,
        4629,
        4529,
        4429,
        4329,
        4229,
        4129,
        4029,
        3929,
        3829,
        3729,
        3629,
        3529,
        3429,
        3329,
        3229,
        3129,
        3029,
        2929
      ],
      "shouldPause": false
    },
    {
      "itemType": 46,
      "tilePositionOfsets": [
        2830,
        2731,
        2632,
        2533,
        2434,
        2335,
        2236,
        2137,
        2038
      ],
      "shouldPause": false
    },
    {
      "itemType": 46,
      "tilePositionOfsets": [
        2039,
        2040,
        2041,
        2042,
        2043,
        2044,
        2045,
        2046,
        2047,
        2048,
        2049,
        2050,
        2051,
        2052
      ],
      "shouldPause": false
    },
    {
      "itemType": 177,
      "tilePositionOfsets": [
        6530
      ],
      "shouldPause": false
    },
    {
      "itemType": 177,
      "tilePositionOfsets": [
        6130
      ],
      "shouldPause": false
    },
    {
      "itemType": 177,
      "tilePositionOfsets": [
        5830
      ],
      "shouldPause": false
    },
    {
      "itemType": 176,
      "tilePositionOfsets": [
        4030
      ],
      "shouldPause": false
    },
    {
      "itemType": 176,
      "tilePositionOfsets": [
        3830
      ],
      "shouldPause": false
    },
    {
      "itemType": 176,
      "tilePositionOfsets": [
        2949
      ],
      "shouldPause": false
    },
    {
      "itemType": 99,
      "tilePositionOfsets": [
        8146,
        8148,
        8152,
        8035,
        8038,
        8040,
        8048,
        8052,
        8064,
        7929,
        7932,
        7935,
        7939,
        7941,
        7942,
        7943,
        7945,
        7948,
        7952,
        7953,
        7955,
        7957,
        7962,
        7966,
        7827,
        7828,
        7829,
        7840,
        7843,
        7850,
        7857,
        7861,
        7862,
        7723,
        7724,
        7726,
        7733,
        7755,
        7756,
        7762,
        7765,
        7625,
        7660,
        7663,
        7665,
        7668,
        7669,
        7565,
        7571,
        7420,
        7421,
        7468,
        7471,
        7321,
        7325,
        7369,
        7372,
        7167,
        7171,
        7172,
        7019,
        7071,
        6969,
        6972,
        6819,
        6821,
        6873,
        6770,
        6616,
        6671,
        6518,
        6521,
        6569,
        6573,
        6120,
        6124,
        6125,
        6020,
        5923,
        5924,
        5926,
        5719,
        5720,
        5721,
        5724,
        5726,
        5621,
        5420,
        5224
      ],
      "shouldPause": false
    },
    {
      "itemType": 99,
      "tilePositionOfsets": [
        6574,
        6577,
        6578,
        6375,
        6379,
        6172,
        6075,
        6078,
        5974,
        5878,
        5774,
        5678,
        5576,
        5578,
        5377,
        5277,
        5279,
        5077
      ],
      "shouldPause": false
    },
    {
      "itemType": 99,
      "tilePositionOfsets": [
        4979
      ],
      "shouldPause": false
    },
    {
      "itemType": 99,
      "tilePositionOfsets": [
        4879,
        4778,
        4480,
        4376,
        4278,
        4282,
        4077,
        3981,
        3876,
        3778,
        3677,
        3679,
        3575,
        3478,
        3374,
        3275,
        3277,
        3072,
        3075,
        2975,
        2875,
        2768,
        2769,
        2773,
        2671,
        2674,
        2468,
        2370,
        2371,
        2372,
        2064,
        2068,
        1964,
        1864,
        1867,
        1868,
        1764,
        1766,
        1660,
        1661,
        1668,
        1556,
        1564,
        1454,
        1455,
        1459,
        1462,
        1351,
        1352,
        1357,
        1358,
        1359,
        1249,
        1251,
        1252,
        1254,
        1257,
        1152,
        1156,
        1052,
        1054,
        1056,
        954
      ],
      "shouldPause": false
    },
    {
      "itemType": 99,
      "tilePositionOfsets": [
        2722,
        2623,
        2624,
        2525,
        2421,
        2425,
        2426,
        2325,
        2326,
        2224,
        2225,
        2124,
        2125,
        2127,
        2128,
        2027,
        2028,
        2029,
        2030,
        1928,
        1929,
        1932,
        1832,
        1833,
        1729,
        1737,
        1632,
        1634,
        1635,
        1637,
        1641,
        1647,
        1533,
        1534,
        1537,
        1546,
        1551,
        1435,
        1439,
        1444,
        1446,
        1451,
        1336,
        1337,
        1339,
        1342,
        1344,
        1346,
        1235,
        1236,
        1240,
        1243,
        1245,
        1250,
        1147,
        1045,
        950
      ],
      "shouldPause": false
    },
    {
      "itemType": 99,
      "tilePositionOfsets": [
        5523,
        5422,
        5321,
        5323,
        5219,
        5220,
        5222,
        5119,
        5123,
        5020,
        4919,
        4921,
        4922,
        4924,
        4821,
        4723,
        4419,
        4420,
        4421,
        4319,
        4222,
        4123,
        4022,
        4023,
        3924,
        3822,
        3719,
        3722,
        3622,
        3521,
        3523,
        3524,
        3423,
        3319,
        3323,
        3324,
        3222,
        3121,
        2920,
        2820,
        2825
      ],
      "shouldPause": false
    },
    {
      "itemType": 99,
      "tilePositionOfsets": [
        2921
      ],
      "shouldPause": false
    },
    {
      "itemType": 99,
      "tilePositionOfsets": [
        8545,
        8444,
        8448,
        8453,
        8454,
        8455,
        8462,
        8328,
        8334,
        8348,
        8354,
        8356,
        8358,
        8362,
        8364,
        8367,
        8368,
        8369,
        8231,
        8235,
        8239,
        8246,
        8249,
        8258,
        8263,
        8265,
        8267,
        8269,
        8275,
        8129,
        8130,
        8160,
        8169,
        8022,
        8027,
        7820,
        7822,
        7720,
        7619,
        7621,
        7518,
        7519,
        6071,
        5969,
        5872,
        5769,
        5668,
        5673,
        5574,
        5575,
        5469,
        5473,
        5371,
        5271,
        5073,
        5076,
        4976,
        4875,
        4574,
        4576,
        4577,
        4073,
        3671,
        3674,
        3469,
        3473,
        3474,
        3270,
        3166,
        3169,
        3071,
        2764,
        2565,
        2362,
        2363,
        2365,
        2367,
        2262,
        2263,
        2264,
        2163
      ],
      "shouldPause": false
    }
  ],
  "miscItems": [
    {
      "positionOfset": 5549,
      "itemType": 1,
      "number": 0
    },
    {
      "positionOfset": 5544,
      "itemType": 1,
      "number": 1
    },
    {
      "positionOfset": 6235,
      "itemType": 1,
      "number": 2
    },
    {
      "positionOfset": 6256,
      "itemType": 1,
      "number": 3
    },
    {
      "positionOfset": 2639,
      "itemType": 1,
      "number": 4
    },
    {
      "positionOfset": 1955,
      "itemType": 1,
      "number": 5
    },
    {
      "positionOfset": 3258,
      "itemType": 1,
      "number": 6
    },
    {
      "positionOfset": 3133,
      "itemType": 1,
      "number": 7
    },
    {
      "positionOfset": 7358,
      "itemType": 5,
      "number": 0
    },
    {
      "positionOfset": 6663,
      "itemType": 5,
      "number": 1
    },
    {
      "positionOfset": 7433,
      "itemType": 5,
      "number": 2
    },
    {
      "positionOfset": 6626,
      "itemType": 5,
      "number": 3
    },
    {
      "positionOfset": 7448,
      "itemType": 5,
      "number": 4
    },
    {
      "positionOfset": 5448,
      "itemType": 13,
      "number": 0
    },
    {
      "positionOfset": 5244,
      "itemType": 13,
      "number": 1
    },
    {
      "positionOfset": 4633,
      "itemType": 16,
      "number": 0
    },
    {
      "positionOfset": 6242,
      "itemType": 16,
      "number": 1
    },
    {
      "positionOfset": 6249,
      "itemType": 16,
      "number": 2
    },
    {
      "positionOfset": 5456,
      "itemType": 16,
      "number": 3
    },
    {
      "positionOfset": 3356,
      "itemType": 16,
      "number": 4
    },
    {
      "positionOfset": 2838,
      "itemType": 16,
      "number": 5
    },
    {
      "positionOfset": 3232,
      "itemType": 16,
      "number": 6
    },
    {
      "positionOfset": 5248,
      "itemType": 16,
      "number": 7
    },
    {
      "positionOfset": 5344,
      "itemType": 16,
      "number": 8
    },
    {
      "positionOfset": 6235,
      "itemType": 19,
      "number": 0
    },
    {
      "positionOfset": 6336,
      "itemType": 19,
      "number": 1
    },
    {
      "positionOfset": 5546,
      "itemType": 19,
      "number": 2
    },
    {
      "positionOfset": 6357,
      "itemType": 19,
      "number": 3
    },
    {
      "positionOfset": 2939,
      "itemType": 19,
      "number": 4
    },
    {
      "positionOfset": 2155,
      "itemType": 19,
      "number": 5
    },
    {
      "positionOfset": 5044,
      "itemType": 19,
      "number": 6
    },
    {
      "positionOfset": 5435,
      "itemType": 19,
      "number": 7
    },
    {
      "positionOfset": 4755,
      "itemType": 19,
      "number": 8
    },
    {
      "positionOfset": 6146,
      "itemType": 19,
      "number": 9
    },
    {
      "positionOfset": 3234,
      "itemType": 20,
      "number": 0
    },
    {
      "positionOfset": 2740,
      "itemType": 20,
      "number": 1
    },
    {
      "positionOfset": 3257,
      "itemType": 20,
      "number": 2
    },
    {
      "positionOfset": 2156,
      "itemType": 20,
      "number": 3
    },
    {
      "positionOfset": 5346,
      "itemType": 20,
      "number": 4
    },
    {
      "positionOfset": 6350,
      "itemType": 20,
      "number": 5
    },
    {
      "positionOfset": 5557,
      "itemType": 20,
      "number": 6
    },
    {
      "positionOfset": 6341,
      "itemType": 20,
      "number": 7
    },
    {
      "positionOfset": 4732,
      "itemType": 20,
      "number": 8
    }
  ]
}