{
  "pauseDelayAmount": 30,
  "frames": [
    {
      "itemType": 61,
      "tilePositionOfsets": [
        5643
      ],
      "shouldPause": false
    },
    {
      "itemType": 52,
      "tilePositionOfsets": [
        4950
      ],
      "shouldPause": false
    },
    {
      "itemType": 80,
      "tilePositionOfsets": [
        5638
      ],
      "shouldPause": false
    },
    {
      "itemType": 80,
      "tilePositionOfsets": [
        5238
      ],
      "shouldPause": false
    },
    {
      "itemType": 51,
      "tilePositionOfsets": [
        5947
      ],
      "shouldPause": false
    },
    {
      "itemType": 51,
      "tilePositionOfsets": [
        5943
      ],
      "shouldPause": false
    },
    {
      "itemType": 54,
      "tilePositionOfsets": [
        6138
      ],
      "shouldPause": false
    },
    {
      "itemType": 54,
      "tilePositionOfsets": [
        6538
      ],
      "shouldPause": false
    },
    {
      "itemType": 54,
      "tilePositionOfsets": [
        6938
      ],
      "shouldPause": false
    },
    {
      "itemType": 54,
      "tilePositionOfsets": [
        4138
      ],
      "shouldPause": false
    },
    {
      "itemType": 54,
      "tilePositionOfsets": [
        4142
      ],
      "shouldPause": false
    },
    {
      "itemType": 54,
      "tilePositionOfsets": [
        4147
      ],
      "shouldPause": false
    },
    {
      "itemType": 54,
      "tilePositionOfsets": [
        4151
      ],
      "shouldPause": false
    },
    {
      "itemType": 54,
      "tilePositionOfsets": [
        4155
      ],
      "shouldPause": false
    },
    {
      "itemType": 54,
      "tilePositionOfsets": [
        8351
      ],
      "shouldPause": false
    },
    {
      "itemType": 86,
      "tilePositionOfsets": [
        7143
      ],
      "shouldPause": false
    },
    {
      "itemType": 77,
      "tilePositionOfsets": [
        6051
      ],
      "shouldPause": false
    },
    {
      "itemType": 330,
      "tilePositionOfsets": [
        5356
      ],
      "shouldPause": false
    },
    {
      "itemType": 330,
      "tilePositionOfsets": [
        7455
      ],
      "shouldPause": false
    },
    {
      "itemType": 144,
      "tilePositionOfsets": [
        8545
      ],
      "shouldPause": false
    },
    {
      "itemType": 25,
      "tilePositionOfsets": [
        8450,
        8451,
        8452,
        8453,
        8454,
        8455,
        8456,
        8457,
        8458,
        8459,
        8460
      ],
      "shouldPause": false
    },
    {
      "itemType": 25,
      "tilePositionOfsets": [
        8360,
        8260,
        8160,
        8060,
        7960,
        7860,
        7760,
        7660,
        7560,
        7460,
        7360,
        7260
      ],
      "shouldPause": false
    },
    {
      "itemType": 25,
      "tilePositionOfsets": [
        8435,
        8436,
        8437,
        8438,
        8439,
        8440,
        8441,
        8442,
        8443,
        8444
      ],
      "shouldPause": false
    },
    {
      "itemType": 25,
      "tilePositionOfsets": [
        8335,
        8235,
        8135,
        8035,
        7935,
        7835,
        7735,
        7635,
        7535,
        7435,
        7335,
        7235
      ],
      "shouldPause": false
    },
    {
      "itemType": 110,
      "tilePositionOfsets": [
        7134
      ],
      "shouldPause": false
    },
    {
      "itemType": 25,
      "tilePositionOfsets": [
        7160,
        7060,
        6960
      ],
      "shouldPause": false
    },
    {
      "itemType": 25,
      "tilePositionOfsets": [
        6860
      ],
      "shouldPause": false
    },
    {
      "itemType": 110,
      "tilePositionOfsets": [
        6759
      ],
      "shouldPause": false
    },
    {
      "itemType": 25,
      "tilePositionOfsets": [
        6835
      ],
      "shouldPause": false
    },
    {
      "itemType": 25,
      "tilePositionOfsets": [
        6735,
        6635,
        6535
      ],
      "shouldPause": false
    },
    {
      "itemType": 25,
      "tilePositionOfsets": [
        6435
      ],
      "shouldPause": false
    },
    {
      "itemType": 110,
      "tilePositionOfsets": [
        6334
      ],
      "shouldPause": false
    },
    {
      "itemType": 25,
      "tilePositionOfsets": [
        6460
      ],
      "shouldPause": false
    },
    {
      "itemType": 25,
      "tilePositionOfsets": [
        6360,
        6260,
        6160
      ],
      "shouldPause": false
    },
    {
      "itemType": 25,
      "tilePositionOfsets": [
        6060
      ],
      "shouldPause": false
    },
    {
      "itemType": 110,
      "tilePositionOfsets": [
        5959
      ],
      "shouldPause": false
    },
    {
      "itemType": 25,
      "tilePositionOfsets": [
        6035
      ],
      "shouldPause": false
    },
    {
      "itemType": 25,
      "tilePositionOfsets": [
        5935,
        5835,
        5735
      ],
      "shouldPause": false
    },
    {
      "itemType": 25,
      "tilePositionOfsets": [
        5635
      ],
      "shouldPause": false
    },
    {
      "itemType": 110,
      "tilePositionOfsets": [
        5534
      ],
      "shouldPause": false
    },
    {
      "itemType": 25,
      "tilePositionOfsets": [
        5235
      ],
      "shouldPause": false
    },
    {
      "itemType": 25,
      "tilePositionOfsets": [
        5135,
        5035,
        4935
      ],
      "shouldPause": false
    },
    {
      "itemType": 25,
      "tilePositionOfsets": [
        5660
      ],
      "shouldPause": false
    },
    {
      "itemType": 25,
      "tilePositionOfsets": [
        5560,
        5460,
        5360
      ],
      "shouldPause": false
    },
    {
      "itemType": 25,
      "tilePositionOfsets": [
        5260
      ],
      "shouldPause": false
    },
    {
      "itemType": 110,
      "tilePositionOfsets": [
        5159
      ],
      "shouldPause": false
    },
    {
      "itemType": 25,
      "tilePositionOfsets": [
        4860,
        4760,
        4660,
        4560,
        4460,
        4360,
        4260,
        4160,
        4060,
        3960,
        3860,
        3760
      ],
      "shouldPause": false
    },
    {
      "itemType": 25,
      "tilePositionOfsets": [
        4835,
        4735,
        4635,
        4535,
        4435,
        4335,
        4235,
        4135,
        4035,
        3935,
        3835,
        3735
      ],
      "shouldPause": false
    },
    {
      "itemType": 25,
      "tilePositionOfsets": [
        3736,
        3737,
        3738,
        3739,
        3740,
        3741,
        3742,
        3743,
        3744,
        3745,
        3746,
        3747,
        3748,
        3749,
        3750,
        3751,
        3752,
        3753,
        3754,
        3755,
        3756,
        3757,
        3758,
        3759
      ],
      "shouldPause": false
    },
    {
      "itemType": 76,
      "tilePositionOfsets": [
        6554
      ],
      "shouldPause": false
    },
    {
      "itemType": 76,
      "tilePositionOfsets": [
        7054
      ],
      "shouldPause": false
    },
    {
      "itemType": 88,
      "tilePositionOfsets": [
        8336
      ],
      "shouldPause": false
    },
    {
      "itemType": 180,
      "tilePositionOfsets": [
        8356
      ],
      "shouldPause": false
    },
    {
      "itemType": 92,
      "tilePositionOfsets": [
        4738
      ],
      "shouldPause": false
    },
    {
      "itemType": 177,
      "tilePositionOfsets": [
        4856
      ],
      "shouldPause": false
    },
    {
      "itemType": 177,
      "tilePositionOfsets": [
        4556
      ],
      "shouldPause": false
    },
    {
      "itemType": 176,
      "tilePositionOfsets": [
        3936
      ],
      "shouldPause": false
    },
    {
      "itemType": 176,
      "tilePositionOfsets": [
        4336
      ],
      "shouldPause": false
    },
    {
      "itemType": 176,
      "tilePositionOfsets": [
        4736
      ],
      "shouldPause": false
    },
    {
      "itemType": 306,
      "tilePositionOfsets": [
        4536
      ],
      "shouldPause": true
    },
    {
      "itemType": 306,
      "tilePositionOfsets": [
        4136
      ],
      "shouldPause": false
    },
    {
      "itemType": 301,
      "tilePositionOfsets": [
        7842
      ],
      "shouldPause": false
    },
    {
      "itemType": 330,
      "tilePositionOfsets": [
        7751
      ],
      "shouldPause": false
    },
    {
      "itemType": 26,
      "tilePositionOfsets": [
        8550,
        8551,
        8552,
        8553,
        8554,
        8555,
        8556,
        8557,
        8558,
        8559,
        8560
      ],
      "shouldPause": false
    },
    {
      "itemType": 26,
      "tilePositionOfsets": [
        8561,
        8461,
        8361,
        8261,
        8161,
        8061,
        7961,
        7861,
        7761,
        7661,
        7561,
        7461,
        7361,
        7261
      ],
      "shouldPause": false
    },
    {
      "itemType": 26,
      "tilePositionOfsets": [
        8535,
        8536,
        8537,
        8538,
        8539,
        8540,
        8541,
        8542,
        8543,
        8544
      ],
      "shouldPause": false
    },
    {
      "itemType": 26,
      "tilePositionOfsets": [
        8534,
        8434,
        8334,
        8234,
        8134,
        8034,
        7934,
        7834,
        7734,
        7634,
        7534,
        7434,
        7334,
        7234
      ],
      "shouldPause": false
    },
    {
      "itemType": 26,
      "tilePositionOfsets": [
        7161,
        7061,
        6961
      ],
      "shouldPause": false
    },
    {
      "itemType": 26,
      "tilePositionOfsets": [
        6861
      ],
      "shouldPause": false
    },
    {
      "itemType": 26,
      "tilePositionOfsets": [
        6461
      ],
      "shouldPause": false
    },
    {
      "itemType": 26,
      "tilePositionOfsets": [
        6361,
        6261,
        6161
      ],
      "shouldPause": false
    },
    {
      "itemType": 26,
      "tilePositionOfsets": [
        6061
      ],
      "shouldPause": false
    },
    {
      "itemType": 26,
      "tilePositionOfsets": [
        5661
      ],
      "shouldPause": false
    },
    {
      "itemType": 26,
      "tilePositionOfsets": [
        5561,
        5461,
        5361
      ],
      "shouldPause": false
    },
    {
      "itemType": 26,
      "tilePositionOfsets": [
        5261
      ],
      "shouldPause": false
    },
    {
      "itemType": 26,
      "tilePositionOfsets": [
        6834
      ],
      "shouldPause": false
    },
    {
      "itemType": 26,
      "tilePositionOfsets": [
        6734,
        6634,
        6534
      ],
      "shouldPause": false
    },
    {
      "itemType": 26,
      "tilePositionOfsets": [
        6434
      ],
      "shouldPause": false
    },
    {
      "itemType": 26,
      "tilePositionOfsets": [
        6034
      ],
      "shouldPause": false
    },
    {
      "itemType": 26,
      "tilePositionOfsets": [
        5934,
        5834,
        5734
      ],
      "shouldPause": false
    },
    {
      "itemType": 26,
      "tilePositionOfsets": [
        5634
      ],
      "shouldPause": false
    },
    {
      "itemType": 26,
      "tilePositionOfsets": [
        5234
      ],
      "shouldPause": false
    },
    {
      "itemType": 26,
      "tilePositionOfsets": [
        5134,
        5034,
        4934
      ],
      "shouldPause": false
    },
    {
      "itemType": 26,
      "tilePositionOfsets": [
        4834,
        4734,
        4634,
        4534,
        4434,
        4334,
        4234,
        4134,
        4034,
        3934,
        3834,
        3734
      ],
      "shouldPause": false
    },
    {
      "itemType": 26,
      "tilePositionOfsets": [
        3634,
        3635,
        3636,
        3637,
        3638,
        3639,
        3640,
        3641,
        3642,
        3643,
        3644,
        3645,
        3646,
        3647,
        3648,
        3649,
        3650,
        3651,
        3652,
        3653,
        3654,
        3655,
        3656,
        3657,
        3658,
        3659,
        3660
      ],
      "shouldPause": false
    },
    {
      "itemType": 26,
      "tilePositionOfsets": [
        4861,
        4761,
        4661,
        4561,
        4461,
        4361,
        4261,
        4161,
        4061,
        3961,
        3861,
        3761,
        3661
      ],
      "shouldPause": false
    },
    {
      "itemType": 176,
      "tilePositionOfsets": [
        8343
      ],
      "shouldPause": false
    },
    {
      "itemType": 176,
      "tilePositionOfsets": [
        8341
      ],
      "shouldPause": false
    },
    {
      "itemType": 176,
      "tilePositionOfsets": [
        8141
      ],
      "shouldPause": false
    },
    {
      "itemType": 176,
      "tilePositionOfsets": [
        8143
      ],
      "shouldPause": false
    },
    {
      "itemType": 176,
      "tilePositionOfsets": [
        7336
      ],
      "shouldPause": false
    },
    {
      "itemType": 177,
      "tilePositionOfsets": [
        7848
      ],
      "shouldPause": false
    },
    {
      "itemType": 177,
      "tilePositionOfsets": [
        7548
      ],
      "shouldPause": false
    },
    {
      "itemType": 99,
      "tilePositionOfsets": [
        8966,
        8868,
        8764,
        8666,
        8567,
        8569,
        8465,
        8466,
        8470,
        8365,
        8265,
        8268,
        8166,
        8170,
        8065,
        8066,
        8067,
        8068,
        7864,
        7868,
        7869,
        7767,
        7565,
        7566,
        7568,
        7469,
        7366,
        7367,
        7165,
        7168,
        7169,
        7071,
        6965,
        6967,
        6870,
        6769,
        6771,
        6663,
        6667,
        6669,
        6464,
        6364,
        6368,
        6369,
        6264,
        6165,
        6167,
        6169,
        6069,
        5967,
        5866,
        5766,
        5771,
        5667,
        5670,
        5569,
        5468,
        5366,
        5266,
        5269,
        5169,
        5066,
        5068,
        5069,
        4969,
        4765,
        4768,
        4769,
        4770,
        4668,
        4671,
        4672,
        4566,
        4466,
        4267,
        4268,
        4272,
        4171,
        4069,
        3965,
        3869,
        3767,
        3768,
        3770,
        3670,
        3565,
        3434,
        3435,
        3437,
        3440,
        3447,
        3452,
        3466,
        3336,
        3343,
        3354,
        3355,
        3357,
        3360,
        3362,
        3365,
        3367,
        3368,
        3370,
        3231,
        3232,
        3236,
        3237,
        3242,
        3243,
        3252,
        3254,
        3257,
        3264,
        3269,
        3272,
        3133,
        3137,
        3140,
        3142,
        3146,
        3149,
        3150,
        3153,
        3154,
        3155,
        3159,
        3160,
        3028,
        3031,
        3043,
        3044,
        3046,
        3049,
        3050,
        3054,
        3063,
        3064,
        2952,
        2960,
        2961
      ],
      "shouldPause": true
    },
    {
      "itemType": 99,
      "tilePositionOfsets": [
        3132
      ],
      "shouldPause": false
    },
    {
      "itemType": 99,
      "tilePositionOfsets": [
        5529,
        5429,
        5329,
        5230,
        5128,
        5026,
        5029,
        4825,
        4829,
        4831,
        4526,
        4528,
        4325,
        4327,
        4228,
        4126,
        4026,
        3926,
        3927,
        3930,
        3726,
        3629,
        3630,
        3325,
        3227
      ],
      "shouldPause": false
    },
    {
      "itemType": 99,
      "tilePositionOfsets": [
        5829
      ],
      "shouldPause": false
    },
    {
      "itemType": 99,
      "tilePositionOfsets": [
        7730,
        7630,
        7631,
        7528,
        7529,
        7530,
        7532,
        7428,
        7430,
        7433,
        7327,
        7333,
        7232,
        7126,
        7128,
        7129,
        6933,
        6726,
        6727,
        6728,
        6629,
        6631,
        6528,
        6530,
        6429,
        6430,
        6330,
        6231,
        6027,
        6028,
        6030,
        5928,
        5826,
        5727,
        5730,
        5731,
        5432,
        5227,
        5129,
        5032,
        4929,
        4731,
        4529,
        4531,
        4430,
        4329,
        4330,
        4130,
        4131,
        4029,
        4031
      ],
      "shouldPause": false
    },
    {
      "itemType": 99,
      "tilePositionOfsets": [
        6927
      ],
      "shouldPause": false
    },
    {
      "itemType": 99,
      "tilePositionOfsets": [
        8627,
        8628,
        8527,
        8530,
        8431,
        8330,
        8331,
        8126,
        8128,
        8129,
        8131,
        8028,
        7927,
        7827,
        7828,
        7728,
        7729,
        7527
      ],
      "shouldPause": false
    },
    {
      "itemType": 99,
      "tilePositionOfsets": [
        8829
      ],
      "shouldPause": false
    },
    {
      "itemType": 99,
      "tilePositionOfsets": [
        9536,
        9538,
        9545,
        9551,
        9433,
        9436,
        9453,
        9333,
        9337,
        9338,
        9352,
        9232,
        9235,
        9237,
        9238,
        9249,
        9133,
        9135,
        9030,
        8929
      ],
      "shouldPause": false
    },
    {
      "itemType": 99,
      "tilePositionOfsets": [
        9445
      ],
      "shouldPause": false
    },
    {
      "itemType": 99,
      "tilePositionOfsets": [
        9540,
        9544,
        9546,
        9553,
        9440,
        9441,
        9442,
        9443,
        9450,
        9454,
        9457,
        9458,
        9460,
        9340,
        9350,
        9353,
        9355,
        9362,
        9365,
        9247,
        9261,
        9262,
        9263,
        9265,
        9161,
        9162,
        9163,
        9165
      ],
      "shouldPause": false
    }
  ],
  "miscItems": [
    {
      "positionOfset": 5343,
      "itemType": 1,
      "number": 0
    },
    {
      "positionOfset": 5349,
      "itemType": 1,
      "number": 1
    },
    {
      "positionOfset": 8546,
      "itemType": 1,
      "number": 2
    },
    {
      "positionOfset": 8549,
      "itemType": 1,
      "number": 3
    },
    {
      "positionOfset": 8436,
      "itemType": 1,
      "number": 4
    },
    {
      "positionOfset": 8458,
      "itemType": 1,
      "number": 5
    },
    {
      "positionOfset": 8751,
      "itemType": 5,
      "number": 0
    },
    {
      "positionOfset": 8760,
      "itemType": 5,
      "number": 1
    },
    {
      "positionOfset": 8743,
      "itemType": 5,
      "number": 2
    },
    {
      "positionOfset": 8735,
      "itemType": 5,
      "number": 3
    },
    {
      "positionOfset": 8947,
      "itemType": 5,
      "number": 4
    },
    {
      "positionOfset": 5549,
      "itemType": 13,
      "number": 0
    },
    {
      "positionOfset": 5543,
      "itemType": 13,
      "number": 1
    },
    {
      "positionOfset": 5435,
      "itemType": 16,
      "number": 0
    },
    {
      "positionOfset": 6235,
      "itemType": 16,
      "number": 1
    },
    {
      "positionOfset": 7035,
      "itemType": 16,
      "number": 2
    },
    {
      "positionOfset": 6661,
      "itemType": 16,
      "number": 3
    },
    {
      "positionOfset": 5861,
      "itemType": 16,
      "number": 4
    },
    {
      "positionOfset": 5061,
      "itemType": 16,
      "number": 5
    },
    {
      "positionOfset": 5446,
      "itemType": 16,
      "number": 6
    },
    {
      "positionOfset": 8348,
      "itemType": 16,
      "number": 7
    },
    {
      "positionOfset": 7635,
      "itemType": 16,
      "number": 8
    },
    {
      "positionOfset": 3747,
      "itemType": 16,
      "number": 9
    },
    {
      "positionOfset": 5144,
      "itemType": 18,
      "number": 0
    },
    {
      "positionOfset": 5148,
      "itemType": 18,
      "number": 1
    },
    {
      "positionOfset": 4446,
      "itemType": 18,
      "number": 2
    },
    {
      "positionOfset": 6549,
      "itemType": 18,
      "number": 3
    },
    {
      "positionOfset": 5646,
      "itemType": 19,
      "number": 0
    },
    {
      "positionOfset": 8547,
      "itemType": 19,
      "number": 1
    },
    {
      "positionOfset": 8460,
      "itemType": 19,
      "number": 2
    },
    {
      "positionOfset": 8435,
      "itemType": 19,
      "number": 3
    },
    {
      "positionOfset": 3735,
      "itemType": 19,
      "number": 4
    },
    {
      "positionOfset": 3760,
      "itemType": 19,
      "number": 5
    },
    {
      "positionOfset": 5545,
      "itemType": 19,
      "number": 6
    },
    {
      "positionOfset": 5245,
      "itemType": 19,
      "number": 7
    },
    {
      "positionOfset": 5247,
      "itemType": 19,
      "number": 8
    },
    {
      "positionOfset": 5548,
      "itemType": 19,
      "number": 9
    },
    {
      "positionOfset": 4960,
      "itemType": 20,
      "number": 0
    },
    {
      "positionOfset": 5759,
      "itemType": 20,
      "number": 1
    },
    {
      "positionOfset": 6559,
      "itemType": 20,
      "number": 2
    },
    {
      "positionOfset": 6936,
      "itemType": 20,
      "number": 3
    },
    {
      "positionOfset": 6236,
      "itemType": 20,
      "number": 4
    },
    {
      "positionOfset": 5436,
      "itemType": 20,
      "number": 5
    },
    {
      "positionOfset": 5447,
      "itemType": 20,
      "number": 6
    },
    {
      "positionOfset": 8346,
      "itemType": 20,
      "number": 7
    },
    {
      "positionOfset": 7835,
      "itemType": 20,
      "number": 8
    },
    {
      "positionOfset": 3749,
      "itemType": 20,
      "number": 9
    }
  ]
}