{
  "pauseDelayAmount": 30,
  "frames": [
    {
      "itemType": 61,
      "tilePositionOfsets": [
        5643
      ],
      "shouldPause": false
    },
    {
      "itemType": 52,
      "tilePositionOfsets": [
        4950
      ],
      "shouldPause": false
    },
    {
      "itemType": 80,
      "tilePositionOfsets": [
        6351
      ],
      "shouldPause": false
    },
    {
      "itemType": 80,
      "tilePositionOfsets": [
        5951
      ],
      "shouldPause": false
    },
    {
      "itemType": 51,
      "tilePositionOfsets": [
        5946
      ],
      "shouldPause": false
    },
    {
      "itemType": 51,
      "tilePositionOfsets": [
        6246
      ],
      "shouldPause": false
    },
    {
      "itemType": 54,
      "tilePositionOfsets": [
        7141
      ],
      "shouldPause": false
    },
    {
      "itemType": 54,
      "tilePositionOfsets": [
        7145
      ],
      "shouldPause": false
    },
    {
      "itemType": 54,
      "tilePositionOfsets": [
        4351
      ],
      "shouldPause": false
    },
    {
      "itemType": 54,
      "tilePositionOfsets": [
        6133
      ],
      "shouldPause": false
    },
    {
      "itemType": 54,
      "tilePositionOfsets": [
        4739
      ],
      "shouldPause": false
    },
    {
      "itemType": 54,
      "tilePositionOfsets": [
        5733
      ],
      "shouldPause": false
    },
    {
      "itemType": 54,
      "tilePositionOfsets": [
        4339
      ],
      "shouldPause": false
    },
    {
      "itemType": 54,
      "tilePositionOfsets": [
        5139
      ],
      "shouldPause": false
    },
    {
      "itemType": 86,
      "tilePositionOfsets": [
        6761
      ],
      "shouldPause": false
    },
    {
      "itemType": 77,
      "tilePositionOfsets": [
        7250
      ],
      "shouldPause": false
    },
    {
      "itemType": 330,
      "tilePositionOfsets": [
        6651
      ],
      "shouldPause": false
    },
    {
      "itemType": 330,
      "tilePositionOfsets": [
        5639
      ],
      "shouldPause": false
    },
    {
      "itemType": 76,
      "tilePositionOfsets": [
        6646
      ],
      "shouldPause": false
    },
    {
      "itemType": 144,
      "tilePositionOfsets": [
        7844
      ],
      "shouldPause": false
    },
    {
      "itemType": 25,
      "tilePositionOfsets": [
        7549,
        7550,
        7551
      ],
      "shouldPause": false
    },
    {
      "itemType": 110,
      "tilePositionOfsets": [
        7752
      ],
      "shouldPause": false
    },
    {
      "itemType": 25,
      "tilePositionOfsets": [
        7555
      ],
      "shouldPause": false
    },
    {
      "itemType": 110,
      "tilePositionOfsets": [
        7656
      ],
      "shouldPause": false
    },
    {
      "itemType": 25,
      "tilePositionOfsets": [
        7357
      ],
      "shouldPause": false
    },
    {
      "itemType": 110,
      "tilePositionOfsets": [
        7257
      ],
      "shouldPause": false
    },
    {
      "itemType": 25,
      "tilePositionOfsets": [
        6957,
        6857
      ],
      "shouldPause": false
    },
    {
      "itemType": 25,
      "tilePositionOfsets": [
        7539,
        7540,
        7541,
        7542,
        7543
      ],
      "shouldPause": false
    },
    {
      "itemType": 110,
      "tilePositionOfsets": [
        7636
      ],
      "shouldPause": false
    },
    {
      "itemType": 110,
      "tilePositionOfsets": [
        6757
      ],
      "shouldPause": false
    },
    {
      "itemType": 25,
      "tilePositionOfsets": [
        6457,
        6357,
        6257,
        6157,
        6057
      ],
      "shouldPause": false
    },
    {
      "itemType": 110,
      "tilePositionOfsets": [
        5957
      ],
      "shouldPause": false
    },
    {
      "itemType": 25,
      "tilePositionOfsets": [
        5657
      ],
      "shouldPause": false
    },
    {
      "itemType": 110,
      "tilePositionOfsets": [
        5557
      ],
      "shouldPause": false
    },
    {
      "itemType": 25,
      "tilePositionOfsets": [
        5257,
        5157
      ],
      "shouldPause": false
    },
    {
      "itemType": 110,
      "tilePositionOfsets": [
        5057
      ],
      "shouldPause": false
    },
    {
      "itemType": 25,
      "tilePositionOfsets": [
        4757,
        4657
      ],
      "shouldPause": false
    },
    {
      "itemType": 110,
      "tilePositionOfsets": [
        4557
      ],
      "shouldPause": false
    },
    {
      "itemType": 25,
      "tilePositionOfsets": [
        4257,
        4157,
        4057
      ],
      "shouldPause": false
    },
    {
      "itemType": 110,
      "tilePositionOfsets": [
        3956
      ],
      "shouldPause": false
    },
    {
      "itemType": 25,
      "tilePositionOfsets": [
        3849,
        3850,
        3851,
        3852,
        3853,
        3854,
        3855
      ],
      "shouldPause": false
    },
    {
      "itemType": 110,
      "tilePositionOfsets": [
        3846
      ],
      "shouldPause": false
    },
    {
      "itemType": 25,
      "tilePositionOfsets": [
        3843,
        3844,
        3845
      ],
      "shouldPause": false
    },
    {
      "itemType": 110,
      "tilePositionOfsets": [
        3840
      ],
      "shouldPause": false
    },
    {
      "itemType": 110,
      "tilePositionOfsets": [
        3937
      ],
      "shouldPause": false
    },
    {
      "itemType": 25,
      "tilePositionOfsets": [
        4438,
        4338,
        4238,
        4138,
        4038
      ],
      "shouldPause": false
    },
    {
      "itemType": 110,
      "tilePositionOfsets": [
        4736
      ],
      "shouldPause": false
    },
    {
      "itemType": 25,
      "tilePositionOfsets": [
        4938,
        4838
      ],
      "shouldPause": false
    },
    {
      "itemType": 110,
      "tilePositionOfsets": [
        5236
      ],
      "shouldPause": false
    },
    {
      "itemType": 25,
      "tilePositionOfsets": [
        6238,
        6138,
        6038,
        5938,
        5838,
        5738,
        5638,
        5538,
        5438,
        5338
      ],
      "shouldPause": false
    },
    {
      "itemType": 110,
      "tilePositionOfsets": [
        6536
      ],
      "shouldPause": false
    },
    {
      "itemType": 25,
      "tilePositionOfsets": [
        6638
      ],
      "shouldPause": false
    },
    {
      "itemType": 110,
      "tilePositionOfsets": [
        6936
      ],
      "shouldPause": false
    },
    {
      "itemType": 110,
      "tilePositionOfsets": [
        7236
      ],
      "shouldPause": false
    },
    {
      "itemType": 25,
      "tilePositionOfsets": [
        7338
      ],
      "shouldPause": true
    },
    {
      "itemType": 88,
      "tilePositionOfsets": [
        5661
      ],
      "shouldPause": false
    },
    {
      "itemType": 180,
      "tilePositionOfsets": [
        5667
      ],
      "shouldPause": false
    },
    {
      "itemType": 330,
      "tilePositionOfsets": [
        7165
      ],
      "shouldPause": false
    },
    {
      "itemType": 76,
      "tilePositionOfsets": [
        6640
      ],
      "shouldPause": false
    },
    {
      "itemType": 92,
      "tilePositionOfsets": [
        6239
      ],
      "shouldPause": false
    },
    {
      "itemType": 306,
      "tilePositionOfsets": [
        5339
      ],
      "shouldPause": false
    },
    {
      "itemType": 176,
      "tilePositionOfsets": [
        5341
      ],
      "shouldPause": false
    },
    {
      "itemType": 176,
      "tilePositionOfsets": [
        4144
      ],
      "shouldPause": false
    },
    {
      "itemType": 306,
      "tilePositionOfsets": [
        4146
      ],
      "shouldPause": false
    },
    {
      "itemType": 306,
      "tilePositionOfsets": [
        4148
      ],
      "shouldPause": false
    },
    {
      "itemType": 176,
      "tilePositionOfsets": [
        4155
      ],
      "shouldPause": false
    },
    {
      "itemType": 176,
      "tilePositionOfsets": [
        4355
      ],
      "shouldPause": false
    },
    {
      "itemType": 305,
      "tilePositionOfsets": [
        7441
      ],
      "shouldPause": false
    },
    {
      "itemType": 26,
      "tilePositionOfsets": [
        7640,
        7641,
        7642,
        7643,
        7649,
        7650,
        7651,
        7655
      ],
      "shouldPause": false
    },
    {
      "itemType": 26,
      "tilePositionOfsets": [
        7358,
        6958,
        6858,
        6458,
        6358,
        6258,
        6158,
        6058,
        5658,
        5258,
        5158,
        4758,
        4658,
        4258,
        4158,
        4058
      ],
      "shouldPause": false
    },
    {
      "itemType": 26,
      "tilePositionOfsets": [
        3743,
        3744,
        3745,
        3749,
        3750,
        3751,
        3752,
        3753,
        3754,
        3755
      ],
      "shouldPause": false
    },
    {
      "itemType": 26,
      "tilePositionOfsets": [
        7337,
        6637,
        6237,
        6137,
        6037,
        5937,
        5837,
        5737,
        5637,
        5537,
        5437,
        5337,
        4937,
        4837,
        4437,
        4337,
        4237,
        4137,
        4037
      ],
      "shouldPause": false
    },
    {
      "itemType": 306,
      "tilePositionOfsets": [
        7139
      ],
      "shouldPause": false
    },
    {
      "itemType": 306,
      "tilePositionOfsets": [
        6939
      ],
      "shouldPause": false
    },
    {
      "itemType": 176,
      "tilePositionOfsets": [
        6955
      ],
      "shouldPause": false
    },
    {
      "itemType": 176,
      "tilePositionOfsets": [
        7155
      ],
      "shouldPause": false
    },
    {
      "itemType": 176,
      "tilePositionOfsets": [
        7355
      ],
      "shouldPause": true
    },
    {
      "itemType": 176,
      "tilePositionOfsets": [
        7453
      ],
      "shouldPause": false
    },
    {
      "itemType": 176,
      "tilePositionOfsets": [
        7451
      ],
      "shouldPause": false
    },
    {
      "itemType": 99,
      "tilePositionOfsets": [
        9240,
        9248,
        9148,
        9150,
        9153,
        9035,
        9036,
        9039,
        9043,
        9049,
        9051,
        9052,
        9053,
        9056,
        9059,
        8930,
        8934,
        8936,
        8942,
        8943,
        8945,
        8948,
        8949,
        8953,
        8957,
        8959,
        8960,
        8963,
        8826,
        8830,
        8835,
        8837,
        8840,
        8857,
        8859,
        8864,
        8865,
        8731,
        8739,
        8740,
        8751,
        8760,
        8762,
        8763,
        8764,
        8624,
        8629,
        8634,
        8658,
        8664,
        8665,
        8528,
        8531,
        8532,
        8545,
        8560,
        8568,
        8458,
        8325,
        8326,
        8228,
        8025,
        7927,
        7823,
        7827,
        7625,
        7523,
        7526,
        7422,
        7325,
        7226,
        7123,
        7124,
        6923,
        6924,
        6925,
        6826,
        6627,
        6523,
        6524,
        6528,
        6224,
        6227,
        6228,
        6127
      ],
      "shouldPause": false
    },
    {
      "itemType": 99,
      "tilePositionOfsets": [
        6128
      ],
      "shouldPause": false
    },
    {
      "itemType": 99,
      "tilePositionOfsets": [
        5979,
        5781,
        5674,
        5578,
        5579,
        5584,
        5478,
        5480,
        5381,
        5273,
        5282,
        5076,
        5078,
        4980,
        4876,
        4776,
        4679,
        4578,
        4579,
        4374,
        4375,
        4378,
        4381,
        4178,
        3873,
        3874,
        3765,
        3672,
        3465,
        3468,
        3473,
        3361,
        3363,
        3368,
        3373,
        3233,
        3240,
        3244,
        3255,
        3265,
        3270,
        3136,
        3138,
        3140,
        3141,
        3146,
        3150,
        3157,
        3159,
        3164,
        3168,
        3035,
        3040,
        3041,
        3042,
        3049,
        3053,
        3059,
        2932,
        2934,
        2941,
        2945,
        2948,
        2950,
        2955,
        2956,
        2958,
        2963,
        2965,
        2835,
        2837,
        2840,
        2843,
        2849,
        2859,
        2735,
        2739,
        2743,
        2746,
        2754,
        2760,
        2647,
        2544,
        2549,
        2552,
        2348
      ],
      "shouldPause": false
    },
    {
      "itemType": 99,
      "tilePositionOfsets": [
        3472
      ],
      "shouldPause": false
    },
    {
      "itemType": 99,
      "tilePositionOfsets": [
        4772,
        4574,
        4464,
        4470,
        4471,
        4165,
        4168,
        4062,
        4063,
        4073,
        3966,
        3862,
        3865,
        3768,
        3769,
        3662,
        3664
      ],
      "shouldPause": false
    },
    {
      "itemType": 99,
      "tilePositionOfsets": [
        4571
      ],
      "shouldPause": false
    },
    {
      "itemType": 99,
      "tilePositionOfsets": [
        6776,
        6678,
        6373,
        6173,
        6179,
        5675,
        5575,
        5474,
        5475,
        5374,
        5375,
        4971,
        4874,
        4773
      ],
      "shouldPause": false
    },
    {
      "itemType": 99,
      "tilePositionOfsets": [
        6274
      ],
      "shouldPause": false
    },
    {
      "itemType": 99,
      "tilePositionOfsets": [
        7871,
        7669,
        7672,
        7572,
        7471,
        7374,
        7270,
        7173,
        7071,
        7073,
        6875,
        6573,
        6374
      ],
      "shouldPause": false
    },
    {
      "itemType": 99,
      "tilePositionOfsets": [
        7569
      ],
      "shouldPause": false
    },
    {
      "itemType": 99,
      "tilePositionOfsets": [
        8266,
        8267
      ],
      "shouldPause": false
    },
    {
      "itemType": 99,
      "tilePositionOfsets": [
        8368
      ],
      "shouldPause": false
    },
    {
      "itemType": 99,
      "tilePositionOfsets": [
        8466,
        8265,
        8268,
        8270,
        8167,
        8168,
        8066,
        8068,
        7968,
        7969,
        7866
      ],
      "shouldPause": false
    },
    {
      "itemType": 99,
      "tilePositionOfsets": [
        8170
      ],
      "shouldPause": false
    },
    {
      "itemType": 99,
      "tilePositionOfsets": [
        8072,
        7773
      ],
      "shouldPause": false
    },
    {
      "itemType": 99,
      "tilePositionOfsets": [
        7277,
        7177,
        7077,
        6675,
        6676,
        6377
      ],
      "shouldPause": false
    },
    {
      "itemType": 99,
      "tilePositionOfsets": [
        6277
      ],
      "shouldPause": false
    },
    {
      "itemType": 99,
      "tilePositionOfsets": [
        6679,
        6075,
        5976,
        5774,
        5775
      ],
      "shouldPause": false
    },
    {
      "itemType": 99,
      "tilePositionOfsets": [
        5176,
        4369,
        4070
      ],
      "shouldPause": false
    },
    {
      "itemType": 99,
      "tilePositionOfsets": [
        4171
      ],
      "shouldPause": false
    },
    {
      "itemType": 99,
      "tilePositionOfsets": [
        6929,
        6830,
        6629
      ],
      "shouldPause": false
    },
    {
      "itemType": 99,
      "tilePositionOfsets": [
        6931
      ],
      "shouldPause": false
    },
    {
      "itemType": 99,
      "tilePositionOfsets": [
        6626,
        6526,
        6330,
        5826,
        5827,
        5831
      ],
      "shouldPause": false
    },
    {
      "itemType": 99,
      "tilePositionOfsets": [
        6130
      ],
      "shouldPause": false
    },
    {
      "itemType": 99,
      "tilePositionOfsets": [
        6429,
        6030,
        5828,
        5430,
        5329,
        5227,
        5228,
        5128
      ],
      "shouldPause": false
    },
    {
      "itemType": 99,
      "tilePositionOfsets": [
        5629,
        5429,
        5129,
        4729,
        4732,
        4631,
        4527,
        4427
      ],
      "shouldPause": false
    },
    {
      "itemType": 99,
      "tilePositionOfsets": [
        4431,
        4331,
        4228,
        4230,
        4029,
        3930,
        3931,
        3831,
        3730,
        3531,
        3431
      ],
      "shouldPause": false
    },
    {
      "itemType": 99,
      "tilePositionOfsets": [
        3631
      ],
      "shouldPause": false
    },
    {
      "itemType": 99,
      "tilePositionOfsets": [
        3332,
        3335,
        3235,
        3133,
        2935,
        2833
      ],
      "shouldPause": false
    },
    {
      "itemType": 99,
      "tilePositionOfsets": [
        3131,
        2829,
        2729
      ],
      "shouldPause": false
    },
    {
      "itemType": 99,
      "tilePositionOfsets": [
        3030
      ],
      "shouldPause": false
    },
    {
      "itemType": 99,
      "tilePositionOfsets": [
        4130,
        3629,
        3529,
        3426
      ],
      "shouldPause": false
    },
    {
      "itemType": 99,
      "tilePositionOfsets": [
        3527
      ],
      "shouldPause": false
    },
    {
      "itemType": 99,
      "tilePositionOfsets": [
        5328,
        4931,
        4932
      ],
      "shouldPause": false
    },
    {
      "itemType": 99,
      "tilePositionOfsets": [
        5230
      ],
      "shouldPause": false
    }
  ],
  "miscItems": [
    {
      "positionOfset": 7745,
      "itemType": 1,
      "number": 0
    },
    {
      "positionOfset": 7657,
      "itemType": 1,
      "number": 1
    },
    {
      "positionOfset": 7159,
      "itemType": 1,
      "number": 2
    },
    {
      "positionOfset": 6659,
      "itemType": 1,
      "number": 3
    },
    {
      "positionOfset": 5459,
      "itemType": 1,
      "number": 4
    },
    {
      "positionOfset": 4459,
      "itemType": 1,
      "number": 5
    },
    {
      "positionOfset": 3747,
      "itemType": 1,
      "number": 6
    },
    {
      "positionOfset": 3741,
      "itemType": 1,
      "number": 7
    },
    {
      "positionOfset": 7136,
      "itemType": 1,
      "number": 8
    },
    {
      "positionOfset": 7431,
      "itemType": 5,
      "number": 0
    },
    {
      "positionOfset": 7464,
      "itemType": 5,
      "number": 1
    },
    {
      "positionOfset": 8157,
      "itemType": 5,
      "number": 2
    },
    {
      "positionOfset": 8246,
      "itemType": 5,
      "number": 3
    },
    {
      "positionOfset": 8136,
      "itemType": 5,
      "number": 4
    },
    {
      "positionOfset": 5146,
      "itemType": 13,
      "number": 0
    },
    {
      "positionOfset": 5248,
      "itemType": 13,
      "number": 1
    },
    {
      "positionOfset": 5244,
      "itemType": 13,
      "number": 2
    },
    {
      "positionOfset": 7546,
      "itemType": 16,
      "number": 0
    },
    {
      "positionOfset": 7653,
      "itemType": 16,
      "number": 1
    },
    {
      "positionOfset": 7558,
      "itemType": 16,
      "number": 2
    },
    {
      "positionOfset": 7158,
      "itemType": 16,
      "number": 3
    },
    {
      "positionOfset": 7536,
      "itemType": 16,
      "number": 4
    },
    {
      "positionOfset": 5858,
      "itemType": 16,
      "number": 5
    },
    {
      "positionOfset": 6436,
      "itemType": 16,
      "number": 6
    },
    {
      "positionOfset": 4959,
      "itemType": 16,
      "number": 7
    },
    {
      "positionOfset": 3838,
      "itemType": 16,
      "number": 8
    },
    {
      "positionOfset": 3857,
      "itemType": 16,
      "number": 9
    },
    {
      "positionOfset": 5246,
      "itemType": 18,
      "number": 0
    },
    {
      "positionOfset": 4746,
      "itemType": 18,
      "number": 1
    },
    {
      "positionOfset": 4346,
      "itemType": 18,
      "number": 2
    },
    {
      "positionOfset": 6067,
      "itemType": 18,
      "number": 3
    },
    {
      "positionOfset": 5544,
      "itemType": 19,
      "number": 0
    },
    {
      "positionOfset": 5548,
      "itemType": 19,
      "number": 1
    },
    {
      "positionOfset": 7747,
      "itemType": 19,
      "number": 2
    },
    {
      "positionOfset": 6658,
      "itemType": 19,
      "number": 3
    },
    {
      "positionOfset": 5458,
      "itemType": 19,
      "number": 4
    },
    {
      "positionOfset": 4458,
      "itemType": 19,
      "number": 5
    },
    {
      "positionOfset": 7137,
      "itemType": 19,
      "number": 6
    },
    {
      "positionOfset": 6837,
      "itemType": 19,
      "number": 7
    },
    {
      "positionOfset": 5137,
      "itemType": 19,
      "number": 8
    },
    {
      "positionOfset": 4637,
      "itemType": 19,
      "number": 9
    },
    {
      "positionOfset": 7745,
      "itemType": 20,
      "number": 0
    },
    {
      "positionOfset": 7553,
      "itemType": 20,
      "number": 1
    },
    {
      "positionOfset": 7556,
      "itemType": 20,
      "number": 2
    },
    {
      "positionOfset": 7157,
      "itemType": 20,
      "number": 3
    },
    {
      "positionOfset": 7538,
      "itemType": 20,
      "number": 4
    },
    {
      "positionOfset": 5857,
      "itemType": 20,
      "number": 5
    },
    {
      "positionOfset": 6438,
      "itemType": 20,
      "number": 6
    },
    {
      "positionOfset": 4957,
      "itemType": 20,
      "number": 7
    },
    {
      "positionOfset": 3839,
      "itemType": 20,
      "number": 8
    },
    {
      "positionOfset": 3856,
      "itemType": 20,
      "number": 9
    }
  ]
}