{
  "pauseDelayAmount": 30,
  "frames": [
    {
      "itemType": 61,
      "tilePositionOfsets": [
        5643
      ],
      "shouldPause": false
    },
    {
      "itemType": 52,
      "tilePositionOfsets": [
        4950
      ],
      "shouldPause": false
    },
    {
      "itemType": 52,
      "tilePositionOfsets": [
        4450
      ],
      "shouldPause": false
    },
    {
      "itemType": 80,
      "tilePositionOfsets": [
        6043
      ],
      "shouldPause": false
    },
    {
      "itemType": 80,
      "tilePositionOfsets": [
        6047
      ],
      "shouldPause": false
    },
    {
      "itemType": 86,
      "tilePositionOfsets": [
        6056
      ],
      "shouldPause": false
    },
    {
      "itemType": 51,
      "tilePositionOfsets": [
        6152
      ],
      "shouldPause": false
    },
    {
      "itemType": 51,
      "tilePositionOfsets": [
        5852
      ],
      "shouldPause": false
    },
    {
      "itemType": 54,
      "tilePositionOfsets": [
        6543
      ],
      "shouldPause": false
    },
    {
      "itemType": 54,
      "tilePositionOfsets": [
        6943
      ],
      "shouldPause": false
    },
    {
      "itemType": 54,
      "tilePositionOfsets": [
        6547
      ],
      "shouldPause": false
    },
    {
      "itemType": 54,
      "tilePositionOfsets": [
        8245
      ],
      "shouldPause": false
    },
    {
      "itemType": 54,
      "tilePositionOfsets": [
        7562
      ],
      "shouldPause": false
    },
    {
      "itemType": 54,
      "tilePositionOfsets": [
        7062
      ],
      "shouldPause": false
    },
    {
      "itemType": 54,
      "tilePositionOfsets": [
        6562
      ],
      "shouldPause": false
    },
    {
      "itemType": 77,
      "tilePositionOfsets": [
        4143
      ],
      "shouldPause": false
    },
    {
      "itemType": 76,
      "tilePositionOfsets": [
        6552
      ],
      "shouldPause": false
    },
    {
      "itemType": 76,
      "tilePositionOfsets": [
        6952
      ],
      "shouldPause": false
    },
    {
      "itemType": 330,
      "tilePositionOfsets": [
        3864
      ],
      "shouldPause": false
    },
    {
      "itemType": 330,
      "tilePositionOfsets": [
        6958
      ],
      "shouldPause": false
    },
    {
      "itemType": 330,
      "tilePositionOfsets": [
        3849
      ],
      "shouldPause": false
    },
    {
      "itemType": 144,
      "tilePositionOfsets": [
        8049
      ],
      "shouldPause": false
    },
    {
      "itemType": 25,
      "tilePositionOfsets": [
        7754
      ],
      "shouldPause": false
    },
    {
      "itemType": 110,
      "tilePositionOfsets": [
        7955
      ],
      "shouldPause": false
    },
    {
      "itemType": 25,
      "tilePositionOfsets": [
        7758,
        7759
      ],
      "shouldPause": false
    },
    {
      "itemType": 110,
      "tilePositionOfsets": [
        7960
      ],
      "shouldPause": false
    },
    {
      "itemType": 25,
      "tilePositionOfsets": [
        7763
      ],
      "shouldPause": false
    },
    {
      "itemType": 110,
      "tilePositionOfsets": [
        7964
      ],
      "shouldPause": false
    },
    {
      "itemType": 25,
      "tilePositionOfsets": [
        7767
      ],
      "shouldPause": false
    },
    {
      "itemType": 25,
      "tilePositionOfsets": [
        7667
      ],
      "shouldPause": false
    },
    {
      "itemType": 25,
      "tilePositionOfsets": [
        7567
      ],
      "shouldPause": false
    },
    {
      "itemType": 25,
      "tilePositionOfsets": [
        7467
      ],
      "shouldPause": false
    },
    {
      "itemType": 25,
      "tilePositionOfsets": [
        7367
      ],
      "shouldPause": false
    },
    {
      "itemType": 110,
      "tilePositionOfsets": [
        7267
      ],
      "shouldPause": false
    },
    {
      "itemType": 25,
      "tilePositionOfsets": [
        6967
      ],
      "shouldPause": false
    },
    {
      "itemType": 25,
      "tilePositionOfsets": [
        6867
      ],
      "shouldPause": false
    },
    {
      "itemType": 25,
      "tilePositionOfsets": [
        6767
      ],
      "shouldPause": false
    },
    {
      "itemType": 25,
      "tilePositionOfsets": [
        6667
      ],
      "shouldPause": false
    },
    {
      "itemType": 25,
      "tilePositionOfsets": [
        6567,
        6467,
        6367
      ],
      "shouldPause": false
    },
    {
      "itemType": 110,
      "tilePositionOfsets": [
        6267
      ],
      "shouldPause": false
    },
    {
      "itemType": 25,
      "tilePositionOfsets": [
        5967
      ],
      "shouldPause": false
    },
    {
      "itemType": 25,
      "tilePositionOfsets": [
        5867,
        5767,
        5667
      ],
      "shouldPause": false
    },
    {
      "itemType": 25,
      "tilePositionOfsets": [
        5567
      ],
      "shouldPause": false
    },
    {
      "itemType": 110,
      "tilePositionOfsets": [
        5467
      ],
      "shouldPause": false
    },
    {
      "itemType": 25,
      "tilePositionOfsets": [
        5167,
        5067,
        4967,
        4867
      ],
      "shouldPause": false
    },
    {
      "itemType": 110,
      "tilePositionOfsets": [
        4767
      ],
      "shouldPause": false
    },
    {
      "itemType": 25,
      "tilePositionOfsets": [
        4467
      ],
      "shouldPause": false
    },
    {
      "itemType": 110,
      "tilePositionOfsets": [
        4367
      ],
      "shouldPause": false
    },
    {
      "itemType": 25,
      "tilePositionOfsets": [
        4067,
        3967
      ],
      "shouldPause": false
    },
    {
      "itemType": 25,
      "tilePositionOfsets": [
        3867,
        3767,
        3667
      ],
      "shouldPause": false
    },
    {
      "itemType": 25,
      "tilePositionOfsets": [
        3567
      ],
      "shouldPause": false
    },
    {
      "itemType": 110,
      "tilePositionOfsets": [
        3564
      ],
      "shouldPause": false
    },
    {
      "itemType": 25,
      "tilePositionOfsets": [
        3563
      ],
      "shouldPause": false
    },
    {
      "itemType": 110,
      "tilePositionOfsets": [
        3560
      ],
      "shouldPause": false
    },
    {
      "itemType": 25,
      "tilePositionOfsets": [
        3558,
        3559
      ],
      "shouldPause": false
    },
    {
      "itemType": 25,
      "tilePositionOfsets": [
        3555,
        3556,
        3557
      ],
      "shouldPause": false
    },
    {
      "itemType": 25,
      "tilePositionOfsets": [
        3554
      ],
      "shouldPause": false
    },
    {
      "itemType": 110,
      "tilePositionOfsets": [
        3551
      ],
      "shouldPause": false
    },
    {
      "itemType": 25,
      "tilePositionOfsets": [
        3550
      ],
      "shouldPause": false
    },
    {
      "itemType": 110,
      "tilePositionOfsets": [
        3547
      ],
      "shouldPause": false
    },
    {
      "itemType": 25,
      "tilePositionOfsets": [
        3545,
        3546
      ],
      "shouldPause": false
    },
    {
      "itemType": 110,
      "tilePositionOfsets": [
        3542
      ],
      "shouldPause": false
    },
    {
      "itemType": 25,
      "tilePositionOfsets": [
        3541
      ],
      "shouldPause": false
    },
    {
      "itemType": 25,
      "tilePositionOfsets": [
        3841,
        3741,
        3641
      ],
      "shouldPause": false
    },
    {
      "itemType": 25,
      "tilePositionOfsets": [
        3941
      ],
      "shouldPause": false
    },
    {
      "itemType": 110,
      "tilePositionOfsets": [
        4239
      ],
      "shouldPause": false
    },
    {
      "itemType": 25,
      "tilePositionOfsets": [
        4441,
        4341
      ],
      "shouldPause": false
    },
    {
      "itemType": 25,
      "tilePositionOfsets": [
        4741,
        4641,
        4541
      ],
      "shouldPause": false
    },
    {
      "itemType": 25,
      "tilePositionOfsets": [
        4841
      ],
      "shouldPause": false
    },
    {
      "itemType": 110,
      "tilePositionOfsets": [
        5139
      ],
      "shouldPause": false
    },
    {
      "itemType": 25,
      "tilePositionOfsets": [
        5441,
        5341,
        5241
      ],
      "shouldPause": false
    },
    {
      "itemType": 110,
      "tilePositionOfsets": [
        5739
      ],
      "shouldPause": false
    },
    {
      "itemType": 25,
      "tilePositionOfsets": [
        5841
      ],
      "shouldPause": false
    },
    {
      "itemType": 110,
      "tilePositionOfsets": [
        6139
      ],
      "shouldPause": false
    },
    {
      "itemType": 25,
      "tilePositionOfsets": [
        6441,
        6341,
        6241
      ],
      "shouldPause": false
    },
    {
      "itemType": 25,
      "tilePositionOfsets": [
        6741,
        6641,
        6541
      ],
      "shouldPause": false
    },
    {
      "itemType": 25,
      "tilePositionOfsets": [
        6841
      ],
      "shouldPause": false
    },
    {
      "itemType": 110,
      "tilePositionOfsets": [
        7139
      ],
      "shouldPause": false
    },
    {
      "itemType": 25,
      "tilePositionOfsets": [
        7341,
        7241
      ],
      "shouldPause": false
    },
    {
      "itemType": 110,
      "tilePositionOfsets": [
        7639
      ],
      "shouldPause": false
    },
    {
      "itemType": 25,
      "tilePositionOfsets": [
        7741
      ],
      "shouldPause": false
    },
    {
      "itemType": 110,
      "tilePositionOfsets": [
        7942
      ],
      "shouldPause": false
    },
    {
      "itemType": 25,
      "tilePositionOfsets": [
        7745,
        7746,
        7747,
        7748
      ],
      "shouldPause": false
    },
    {
      "itemType": 76,
      "tilePositionOfsets": [
        6947
      ],
      "shouldPause": false
    },
    {
      "itemType": 92,
      "tilePositionOfsets": [
        7543
      ],
      "shouldPause": false
    },
    {
      "itemType": 88,
      "tilePositionOfsets": [
        4956
      ],
      "shouldPause": false
    },
    {
      "itemType": 180,
      "tilePositionOfsets": [
        4962
      ],
      "shouldPause": false
    },
    {
      "itemType": 26,
      "tilePositionOfsets": [
        7854
      ],
      "shouldPause": false
    },
    {
      "itemType": 26,
      "tilePositionOfsets": [
        7858,
        7859
      ],
      "shouldPause": false
    },
    {
      "itemType": 26,
      "tilePositionOfsets": [
        7863
      ],
      "shouldPause": false
    },
    {
      "itemType": 26,
      "tilePositionOfsets": [
        7867
      ],
      "shouldPause": false
    },
    {
      "itemType": 26,
      "tilePositionOfsets": [
        7868,
        7768
      ],
      "shouldPause": true
    },
    {
      "itemType": 26,
      "tilePositionOfsets": [
        7668,
        7568,
        7468
      ],
      "shouldPause": false
    },
    {
      "itemType": 26,
      "tilePositionOfsets": [
        7368
      ],
      "shouldPause": false
    },
    {
      "itemType": 26,
      "tilePositionOfsets": [
        6968
      ],
      "shouldPause": false
    },
    {
      "itemType": 26,
      "tilePositionOfsets": [
        6868,
        6768,
        6668,
        6568,
        6468,
        6368
      ],
      "shouldPause": false
    },
    {
      "itemType": 26,
      "tilePositionOfsets": [
        5968
      ],
      "shouldPause": false
    },
    {
      "itemType": 26,
      "tilePositionOfsets": [
        5868,
        5768,
        5668,
        5568
      ],
      "shouldPause": false
    },
    {
      "itemType": 26,
      "tilePositionOfsets": [
        5168,
        5068,
        4968,
        4868
      ],
      "shouldPause": false
    },
    {
      "itemType": 26,
      "tilePositionOfsets": [
        4468
      ],
      "shouldPause": false
    },
    {
      "itemType": 26,
      "tilePositionOfsets": [
        4068,
        3968
      ],
      "shouldPause": false
    },
    {
      "itemType": 26,
      "tilePositionOfsets": [
        3868,
        3768,
        3668
      ],
      "shouldPause": false
    },
    {
      "itemType": 26,
      "tilePositionOfsets": [
        3568
      ],
      "shouldPause": false
    },
    {
      "itemType": 26,
      "tilePositionOfsets": [
        3467,
        3468
      ],
      "shouldPause": false
    },
    {
      "itemType": 26,
      "tilePositionOfsets": [
        3463
      ],
      "shouldPause": false
    },
    {
      "itemType": 26,
      "tilePositionOfsets": [
        3458,
        3459
      ],
      "shouldPause": false
    },
    {
      "itemType": 26,
      "tilePositionOfsets": [
        3454,
        3455,
        3456,
        3457
      ],
      "shouldPause": false
    },
    {
      "itemType": 26,
      "tilePositionOfsets": [
        3450
      ],
      "shouldPause": false
    },
    {
      "itemType": 26,
      "tilePositionOfsets": [
        3445,
        3446
      ],
      "shouldPause": false
    },
    {
      "itemType": 26,
      "tilePositionOfsets": [
        3441
      ],
      "shouldPause": false
    },
    {
      "itemType": 26,
      "tilePositionOfsets": [
        3540,
        3440
      ],
      "shouldPause": false
    },
    {
      "itemType": 26,
      "tilePositionOfsets": [
        3840,
        3740,
        3640
      ],
      "shouldPause": false
    },
    {
      "itemType": 26,
      "tilePositionOfsets": [
        3940
      ],
      "shouldPause": false
    },
    {
      "itemType": 26,
      "tilePositionOfsets": [
        4440,
        4340
      ],
      "shouldPause": false
    },
    {
      "itemType": 26,
      "tilePositionOfsets": [
        4840,
        4740,
        4640,
        4540
      ],
      "shouldPause": false
    },
    {
      "itemType": 26,
      "tilePositionOfsets": [
        5440,
        5340,
        5240
      ],
      "shouldPause": false
    },
    {
      "itemType": 26,
      "tilePositionOfsets": [
        5840
      ],
      "shouldPause": false
    },
    {
      "itemType": 26,
      "tilePositionOfsets": [
        6440,
        6340,
        6240
      ],
      "shouldPause": false
    },
    {
      "itemType": 26,
      "tilePositionOfsets": [
        6840,
        6740,
        6640,
        6540
      ],
      "shouldPause": false
    },
    {
      "itemType": 26,
      "tilePositionOfsets": [
        7340,
        7240
      ],
      "shouldPause": false
    },
    {
      "itemType": 26,
      "tilePositionOfsets": [
        7740
      ],
      "shouldPause": false
    },
    {
      "itemType": 26,
      "tilePositionOfsets": [
        7840,
        7841
      ],
      "shouldPause": false
    },
    {
      "itemType": 26,
      "tilePositionOfsets": [
        7845,
        7846,
        7847,
        7848
      ],
      "shouldPause": false
    },
    {
      "itemType": 176,
      "tilePositionOfsets": [
        6357
      ],
      "shouldPause": false
    },
    {
      "itemType": 176,
      "tilePositionOfsets": [
        6557
      ],
      "shouldPause": false
    },
    {
      "itemType": 176,
      "tilePositionOfsets": [
        6359
      ],
      "shouldPause": false
    },
    {
      "itemType": 176,
      "tilePositionOfsets": [
        6559
      ],
      "shouldPause": false
    },
    {
      "itemType": 92,
      "tilePositionOfsets": [
        7656
      ],
      "shouldPause": false
    },
    {
      "itemType": 177,
      "tilePositionOfsets": [
        3852
      ],
      "shouldPause": false
    },
    {
      "itemType": 305,
      "tilePositionOfsets": [
        3856
      ],
      "shouldPause": false
    },
    {
      "itemType": 305,
      "tilePositionOfsets": [
        7349
      ],
      "shouldPause": false
    },
    {
      "itemType": 308,
      "tilePositionOfsets": [
        3859
      ],
      "shouldPause": false
    },
    {
      "itemType": 306,
      "tilePositionOfsets": [
        7252
      ],
      "shouldPause": false
    },
    {
      "itemType": 306,
      "tilePositionOfsets": [
        7452
      ],
      "shouldPause": false
    },
    {
      "itemType": 306,
      "tilePositionOfsets": [
        3762
      ],
      "shouldPause": false
    },
    {
      "itemType": 177,
      "tilePositionOfsets": [
        4163
      ],
      "shouldPause": false
    },
    {
      "itemType": 99,
      "tilePositionOfsets": [
        6476,
        6479,
        6372,
        6374,
        6273,
        6173,
        6177,
        6178,
        6073,
        6075,
        6080,
        5975,
        5977,
        5773,
        5774,
        5776,
        5783,
        5577,
        5477,
        5478,
        5373,
        5381,
        5275,
        5175,
        5178,
        5076,
        4973,
        4976,
        4881,
        4773,
        4777,
        4674,
        4675,
        4681,
        4576,
        4474,
        4478,
        4376,
        4382,
        4273,
        4173,
        4074,
        3975,
        3879,
        3774,
        3677,
        3576
      ],
      "shouldPause": true
    },
    {
      "itemType": 99,
      "tilePositionOfsets": [
        3674,
        3675,
        3573,
        3478,
        3260,
        3262,
        3270,
        3273,
        3276,
        3141,
        3171,
        3044,
        3047,
        3051,
        3053,
        3063,
        3072,
        3075,
        3078,
        2945,
        2950,
        2952,
        2953,
        2958,
        2959,
        2968,
        2969,
        2973,
        2840,
        2845,
        2846,
        2850,
        2851,
        2856,
        2857,
        2876,
        2740,
        2745,
        2746,
        2750,
        2751,
        2757,
        2758,
        2761,
        2762,
        2765,
        2766,
        2644,
        2648,
        2650,
        2651,
        2652,
        2656,
        2659,
        2660,
        2661,
        2662,
        2663,
        2666,
        2667,
        2669,
        2670,
        2672,
        2541,
        2542,
        2551,
        2555,
        2556,
        2557,
        2454
      ],
      "shouldPause": false
    },
    {
      "itemType": 99,
      "tilePositionOfsets": [
        2642
      ],
      "shouldPause": false
    },
    {
      "itemType": 99,
      "tilePositionOfsets": [
        6633,
        6532,
        6534,
        6430,
        6332,
        6335,
        6231,
        6234,
        6131,
        6134,
        6135,
        6136,
        6035,
        5932,
        5935,
        5833,
        5733,
        5735,
        5632,
        5534,
        5433,
        5436,
        5335,
        5131,
        5132,
        5136,
        5033,
        5034,
        5035,
        4932,
        4934,
        4733,
        4734,
        4736,
        4634,
        4537,
        4333,
        4232,
        4235,
        4135,
        4030,
        4035,
        3936,
        3835,
        3836,
        3732,
        3735,
        3433,
        3435,
        3333,
        3335,
        3233,
        3236,
        3237,
        3134,
        3035,
        2933,
        2937,
        2938,
        2836,
        2736,
        2737,
        2638
      ],
      "shouldPause": false
    },
    {
      "itemType": 99,
      "tilePositionOfsets": [
        8941,
        8943,
        8944,
        8838,
        8844,
        8846,
        8736,
        8737,
        8738,
        8740,
        8742,
        8637,
        8638,
        8642,
        8646,
        8535,
        8537,
        8538,
        8539,
        8540,
        8542,
        8545,
        8434,
        8438,
        8334,
        8335,
        8238,
        8131,
        8133,
        8134,
        8137,
        8138,
        8031,
        7933,
        7937,
        7834,
        7835,
        7735,
        7633,
        7635,
        7636,
        7534,
        7432,
        7433
      ],
      "shouldPause": false
    },
    {
      "itemType": 99,
      "tilePositionOfsets": [
        8337
      ],
      "shouldPause": false
    },
    {
      "itemType": 99,
      "tilePositionOfsets": [
        9363,
        9364,
        9249,
        9255,
        9259,
        9260,
        9265,
        9269,
        9272,
        9274,
        9146,
        9152,
        9153,
        9155,
        9156,
        9159,
        9162,
        9164,
        9165,
        9173,
        9177,
        9045,
        9046,
        9050,
        9051,
        9052,
        9057,
        9058,
        9067,
        9068,
        9070,
        9071,
        8967,
        8968,
        8973,
        8979,
        8980,
        8858,
        8876,
        8763,
        8778,
        8781,
        8674,
        8676,
        8679,
        8680,
        8575,
        8482,
        8282,
        8181,
        8080,
        8086,
        7975,
        7979,
        7981,
        7985,
        7778,
        7779,
        7783,
        7674,
        7680,
        7683,
        7577,
        7583,
        7474,
        7476,
        7483,
        7379,
        7382,
        7283,
        7182,
        7083,
        6984,
        6885,
        6783,
        6784,
        6683,
        6583,
        6584,
        6585,
        6482,
        6484,
        6485,
        6283,
        6184,
        6081,
        5981,
        5881
      ],
      "shouldPause": false
    },
    {
      "itemType": 99,
      "tilePositionOfsets": [
        7530,
        7427,
        7327,
        7329,
        7227,
        7229,
        7231,
        7128,
        7031,
        6926,
        6827,
        6724,
        6727,
        6729,
        6627,
        6524,
        6427,
        6327,
        6329,
        6230,
        6029
      ],
      "shouldPause": false
    },
    {
      "itemType": 99,
      "tilePositionOfsets": [
        7184,
        7080,
        6982,
        6983,
        6882,
        6781,
        6682,
        6581,
        6582,
        6480,
        6381
      ],
      "shouldPause": false
    },
    {
      "itemType": 99,
      "tilePositionOfsets": [
        7482
      ],
      "shouldPause": false
    },
    {
      "itemType": 99,
      "tilePositionOfsets": [
        9362,
        9064,
        9066,
        8960,
        8966,
        8863,
        8764,
        8665,
        8667,
        8563,
        8565
      ],
      "shouldPause": false
    },
    {
      "itemType": 99,
      "tilePositionOfsets": [
        8766
      ],
      "shouldPause": false
    }
  ],
  "miscItems": [
    {
      "positionOfset": 5649,
      "itemType": 1,
      "number": 0
    },
    {
      "positionOfset": 8051,
      "itemType": 1,
      "number": 1
    },
    {
      "positionOfset": 7856,
      "itemType": 1,
      "number": 2
    },
    {
      "positionOfset": 7943,
      "itemType": 1,
      "number": 3
    },
    {
      "positionOfset": 5046,
      "itemType": 1,
      "number": 4
    },
    {
      "positionOfset": 3461,
      "itemType": 1,
      "number": 5
    },
    {
      "positionOfset": 3448,
      "itemType": 1,
      "number": 6
    },
    {
      "positionOfset": 5640,
      "itemType": 1,
      "number": 7
    },
    {
      "positionOfset": 4668,
      "itemType": 1,
      "number": 8
    },
    {
      "positionOfset": 8551,
      "itemType": 5,
      "number": 0
    },
    {
      "positionOfset": 6934,
      "itemType": 5,
      "number": 1
    },
    {
      "positionOfset": 6875,
      "itemType": 5,
      "number": 2
    },
    {
      "positionOfset": 8370,
      "itemType": 5,
      "number": 3
    },
    {
      "positionOfset": 8358,
      "itemType": 5,
      "number": 4
    },
    {
      "positionOfset": 5448,
      "itemType": 13,
      "number": 0
    },
    {
      "positionOfset": 5444,
      "itemType": 13,
      "number": 1
    },
    {
      "positionOfset": 3452,
      "itemType": 16,
      "number": 0
    },
    {
      "positionOfset": 4140,
      "itemType": 16,
      "number": 1
    },
    {
      "positionOfset": 5040,
      "itemType": 16,
      "number": 2
    },
    {
      "positionOfset": 6041,
      "itemType": 16,
      "number": 3
    },
    {
      "positionOfset": 7039,
      "itemType": 16,
      "number": 4
    },
    {
      "positionOfset": 7861,
      "itemType": 16,
      "number": 5
    },
    {
      "positionOfset": 7168,
      "itemType": 16,
      "number": 6
    },
    {
      "positionOfset": 6169,
      "itemType": 16,
      "number": 7
    },
    {
      "positionOfset": 5368,
      "itemType": 16,
      "number": 8
    },
    {
      "positionOfset": 4269,
      "itemType": 16,
      "number": 9
    },
    {
      "positionOfset": 5144,
      "itemType": 18,
      "number": 0
    },
    {
      "positionOfset": 5148,
      "itemType": 18,
      "number": 1
    },
    {
      "positionOfset": 4646,
      "itemType": 18,
      "number": 2
    },
    {
      "positionOfset": 5463,
      "itemType": 18,
      "number": 3
    },
    {
      "positionOfset": 4258,
      "itemType": 18,
      "number": 4
    },
    {
      "positionOfset": 7865,
      "itemType": 19,
      "number": 0
    },
    {
      "positionOfset": 7540,
      "itemType": 19,
      "number": 1
    },
    {
      "positionOfset": 7950,
      "itemType": 19,
      "number": 2
    },
    {
      "positionOfset": 5643,
      "itemType": 19,
      "number": 3
    },
    {
      "positionOfset": 3443,
      "itemType": 19,
      "number": 4
    },
    {
      "positionOfset": 3465,
      "itemType": 19,
      "number": 5
    },
    {
      "positionOfset": 5469,
      "itemType": 20,
      "number": 0
    },
    {
      "positionOfset": 6167,
      "itemType": 20,
      "number": 1
    },
    {
      "positionOfset": 7267,
      "itemType": 20,
      "number": 2
    },
    {
      "positionOfset": 7860,
      "itemType": 20,
      "number": 3
    },
    {
      "positionOfset": 7040,
      "itemType": 20,
      "number": 4
    },
    {
      "positionOfset": 6039,
      "itemType": 20,
      "number": 5
    },
    {
      "positionOfset": 4941,
      "itemType": 20,
      "number": 6
    },
    {
      "positionOfset": 4041,
      "itemType": 20,
      "number": 7
    },
    {
      "positionOfset": 3553,
      "itemType": 20,
      "number": 8
    },
    {
      "positionOfset": 4268,
      "itemType": 20,
      "number": 9
    }
  ]
}