{
  "pauseDelayAmount": 100,
  "frames": [
    {
      "itemType": 61,
      "tilePositionOfsets": [
        5643
      ],
      "shouldPause": false
    },
    {
      "itemType": 52,
      "tilePositionOfsets": [
        4950
      ],
      "shouldPause": false
    },
    {
      "itemType": 52,
      "tilePositionOfsets": [
        4450
      ],
      "shouldPause": false
    },
    {
      "itemType": 80,
      "tilePositionOfsets": [
        4938
      ],
      "shouldPause": false
    },
    {
      "itemType": 80,
      "tilePositionOfsets": [
        4538
      ],
      "shouldPause": false
    },
    {
      "itemType": 54,
      "tilePositionOfsets": [
        7657
      ],
      "shouldPause": false
    },
    {
      "itemType": 54,
      "tilePositionOfsets": [
        7653
      ],
      "shouldPause": false
    },
    {
      "itemType": 54,
      "tilePositionOfsets": [
        7536
      ],
      "shouldPause": false
    },
    {
      "itemType": 54,
      "tilePositionOfsets": [
        7132
      ],
      "shouldPause": false
    },
    {
      "itemType": 54,
      "tilePositionOfsets": [
        7136
      ],
      "shouldPause": false
    },
    {
      "itemType": 54,
      "tilePositionOfsets": [
        7140
      ],
      "shouldPause": false
    },
    {
      "itemType": 54,
      "tilePositionOfsets": [
        5317
      ],
      "shouldPause": false
    },
    {
      "itemType": 54,
      "tilePositionOfsets": [
        3430
      ],
      "shouldPause": false
    },
    {
      "itemType": 54,
      "tilePositionOfsets": [
        3463
      ],
      "shouldPause": false
    },
    {
      "itemType": 54,
      "tilePositionOfsets": [
        5477
      ],
      "shouldPause": false
    },
    {
      "itemType": 77,
      "tilePositionOfsets": [
        7747
      ],
      "shouldPause": false
    },
    {
      "itemType": 74,
      "tilePositionOfsets": [
        5851
      ],
      "shouldPause": false
    },
    {
      "itemType": 75,
      "tilePositionOfsets": [
        5456
      ],
      "shouldPause": false
    },
    {
      "itemType": 75,
      "tilePositionOfsets": [
        5056
      ],
      "shouldPause": false
    },
    {
      "itemType": 86,
      "tilePositionOfsets": [
        6946
      ],
      "shouldPause": false
    },
    {
      "itemType": 81,
      "tilePositionOfsets": [
        4933
      ],
      "shouldPause": false
    },
    {
      "itemType": 87,
      "tilePositionOfsets": [
        6734
      ],
      "shouldPause": false
    },
    {
      "itemType": 342,
      "tilePositionOfsets": [
        7257
      ],
      "shouldPause": false
    },
    {
      "itemType": 76,
      "tilePositionOfsets": [
        6857
      ],
      "shouldPause": false
    },
    {
      "itemType": 50,
      "tilePositionOfsets": [
        4533
      ],
      "shouldPause": false
    },
    {
      "itemType": 25,
      "tilePositionOfsets": [
        7946,
        7947,
        7948,
        7949,
        7950,
        7951
      ],
      "shouldPause": false
    },
    {
      "itemType": 114,
      "tilePositionOfsets": [
        8352
      ],
      "shouldPause": false
    },
    {
      "itemType": 114,
      "tilePositionOfsets": [
        8340
      ],
      "shouldPause": false
    },
    {
      "itemType": 25,
      "tilePositionOfsets": [
        7938,
        7939
      ],
      "shouldPause": false
    },
    {
      "itemType": 25,
      "tilePositionOfsets": [
        7837,
        7736,
        7635,
        7534,
        7433,
        7332,
        7231,
        7130,
        7029,
        6928,
        6827
      ],
      "shouldPause": false
    },
    {
      "itemType": 25,
      "tilePositionOfsets": [
        6726,
        6626
      ],
      "shouldPause": false
    },
    {
      "itemType": 114,
      "tilePositionOfsets": [
        6522
      ],
      "shouldPause": false
    },
    {
      "itemType": 25,
      "tilePositionOfsets": [
        5926,
        5826,
        5726,
        5626,
        5526,
        5426
      ],
      "shouldPause": false
    },
    {
      "itemType": 114,
      "tilePositionOfsets": [
        5322
      ],
      "shouldPause": false
    },
    {
      "itemType": 25,
      "tilePositionOfsets": [
        4726,
        4626
      ],
      "shouldPause": false
    },
    {
      "itemType": 25,
      "tilePositionOfsets": [
        4527,
        4428,
        4329,
        4230,
        4131,
        4032,
        3933,
        3834,
        3735,
        3636,
        3537
      ],
      "shouldPause": false
    },
    {
      "itemType": 25,
      "tilePositionOfsets": [
        3438,
        3439
      ],
      "shouldPause": false
    },
    {
      "itemType": 146,
      "tilePositionOfsets": [
        3540
      ],
      "shouldPause": false
    },
    {
      "itemType": 25,
      "tilePositionOfsets": [
        3447,
        3448,
        3449,
        3450
      ],
      "shouldPause": false
    },
    {
      "itemType": 146,
      "tilePositionOfsets": [
        3551
      ],
      "shouldPause": false
    },
    {
      "itemType": 25,
      "tilePositionOfsets": [
        3458,
        3459
      ],
      "shouldPause": false
    },
    {
      "itemType": 25,
      "tilePositionOfsets": [
        4570,
        4469,
        4368,
        4267,
        4166,
        4065,
        3964,
        3863,
        3762,
        3661,
        3560
      ],
      "shouldPause": false
    },
    {
      "itemType": 25,
      "tilePositionOfsets": [
        4771,
        4671
      ],
      "shouldPause": false
    },
    {
      "itemType": 114,
      "tilePositionOfsets": [
        5370
      ],
      "shouldPause": false
    },
    {
      "itemType": 25,
      "tilePositionOfsets": [
        5971,
        5871,
        5771,
        5671,
        5571,
        5471
      ],
      "shouldPause": false
    },
    {
      "itemType": 114,
      "tilePositionOfsets": [
        6570
      ],
      "shouldPause": false
    },
    {
      "itemType": 25,
      "tilePositionOfsets": [
        6771,
        6671
      ],
      "shouldPause": false
    },
    {
      "itemType": 25,
      "tilePositionOfsets": [
        7959,
        7860,
        7761,
        7662,
        7563,
        7464,
        7365,
        7266,
        7167,
        7068,
        6969,
        6870
      ],
      "shouldPause": false
    },
    {
      "itemType": 25,
      "tilePositionOfsets": [
        7958
      ],
      "shouldPause": false
    },
    {
      "itemType": 75,
      "tilePositionOfsets": [
        5460
      ],
      "shouldPause": false
    },
    {
      "itemType": 75,
      "tilePositionOfsets": [
        5464
      ],
      "shouldPause": false
    },
    {
      "itemType": 75,
      "tilePositionOfsets": [
        5060
      ],
      "shouldPause": false
    },
    {
      "itemType": 75,
      "tilePositionOfsets": [
        5064
      ],
      "shouldPause": false
    },
    {
      "itemType": 92,
      "tilePositionOfsets": [
        5537
      ],
      "shouldPause": false
    },
    {
      "itemType": 88,
      "tilePositionOfsets": [
        6729
      ],
      "shouldPause": false
    },
    {
      "itemType": 74,
      "tilePositionOfsets": [
        5854
      ],
      "shouldPause": false
    },
    {
      "itemType": 76,
      "tilePositionOfsets": [
        5958
      ],
      "shouldPause": false
    },
    {
      "itemType": 50,
      "tilePositionOfsets": [
        4044
      ],
      "shouldPause": false
    },
    {
      "itemType": 324,
      "tilePositionOfsets": [
        7473
      ],
      "shouldPause": false
    },
    {
      "itemType": 324,
      "tilePositionOfsets": [
        6477
      ],
      "shouldPause": false
    },
    {
      "itemType": 324,
      "tilePositionOfsets": [
        7521
      ],
      "shouldPause": false
    },
    {
      "itemType": 324,
      "tilePositionOfsets": [
        6415
      ],
      "shouldPause": false
    },
    {
      "itemType": 169,
      "tilePositionOfsets": [
        4878
      ],
      "shouldPause": false
    },
    {
      "itemType": 169,
      "tilePositionOfsets": [
        4271
      ],
      "shouldPause": false
    },
    {
      "itemType": 169,
      "tilePositionOfsets": [
        4817
      ],
      "shouldPause": false
    },
    {
      "itemType": 169,
      "tilePositionOfsets": [
        4221
      ],
      "shouldPause": false
    },
    {
      "itemType": 342,
      "tilePositionOfsets": [
        4928
      ],
      "shouldPause": false
    },
    {
      "itemType": 25,
      "tilePositionOfsets": [
        8058,
        8059
      ],
      "shouldPause": false
    },
    {
      "itemType": 25,
      "tilePositionOfsets": [
        7960,
        7861,
        7762,
        7663,
        7564,
        7465,
        7366,
        7267,
        7168,
        7069,
        6970,
        6871,
        6772
      ],
      "shouldPause": false
    },
    {
      "itemType": 25,
      "tilePositionOfsets": [
        6672
      ],
      "shouldPause": false
    },
    {
      "itemType": 25,
      "tilePositionOfsets": [
        5972,
        5872,
        5772,
        5672,
        5572,
        5472
      ],
      "shouldPause": false
    },
    {
      "itemType": 25,
      "tilePositionOfsets": [
        4772,
        4672
      ],
      "shouldPause": false
    },
    {
      "itemType": 25,
      "tilePositionOfsets": [
        4571,
        4470,
        4369,
        4268,
        4167,
        4066,
        3965,
        3864,
        3763,
        3662,
        3561,
        3460,
        3359
      ],
      "shouldPause": false
    },
    {
      "itemType": 25,
      "tilePositionOfsets": [
        3358
      ],
      "shouldPause": false
    },
    {
      "itemType": 25,
      "tilePositionOfsets": [
        3347,
        3348,
        3349,
        3350
      ],
      "shouldPause": false
    },
    {
      "itemType": 25,
      "tilePositionOfsets": [
        3338,
        3339
      ],
      "shouldPause": false
    },
    {
      "itemType": 25,
      "tilePositionOfsets": [
        4625,
        4526,
        4427,
        4328,
        4229,
        4130,
        4031,
        3932,
        3833,
        3734,
        3635,
        3536,
        3437
      ],
      "shouldPause": false
    },
    {
      "itemType": 25,
      "tilePositionOfsets": [
        4725
      ],
      "shouldPause": false
    },
    {
      "itemType": 25,
      "tilePositionOfsets": [
        5925,
        5825,
        5725,
        5625,
        5525,
        5425
      ],
      "shouldPause": false
    },
    {
      "itemType": 25,
      "tilePositionOfsets": [
        6725,
        6625
      ],
      "shouldPause": false
    },
    {
      "itemType": 25,
      "tilePositionOfsets": [
        8038,
        7937,
        7836,
        7735,
        7634,
        7533,
        7432,
        7331,
        7230,
        7129,
        7028,
        6927,
        6826
      ],
      "shouldPause": false
    },
    {
      "itemType": 25,
      "tilePositionOfsets": [
        8039
      ],
      "shouldPause": false
    },
    {
      "itemType": 25,
      "tilePositionOfsets": [
        8046,
        8047,
        8048,
        8049,
        8050,
        8051
      ],
      "shouldPause": false
    },
    {
      "itemType": 25,
      "tilePositionOfsets": [
        8849,
        8749,
        8649,
        8549,
        8449,
        8349,
        8249,
        8149
      ],
      "shouldPause": false
    },
    {
      "itemType": 110,
      "tilePositionOfsets": [
        9148
      ],
      "shouldPause": false
    },
    {
      "itemType": 25,
      "tilePositionOfsets": [
        5617,
        5618,
        5619,
        5620,
        5621,
        5622,
        5623,
        5624
      ],
      "shouldPause": false
    },
    {
      "itemType": 110,
      "tilePositionOfsets": [
        5714
      ],
      "shouldPause": false
    },
    {
      "itemType": 25,
      "tilePositionOfsets": [
        5773,
        5774,
        5775,
        5776,
        5777,
        5778,
        5779,
        5780
      ],
      "shouldPause": false
    },
    {
      "itemType": 110,
      "tilePositionOfsets": [
        5881
      ],
      "shouldPause": false
    },
    {
      "itemType": 93,
      "tilePositionOfsets": [
        5630
      ],
      "shouldPause": false
    },
    {
      "itemType": 75,
      "tilePositionOfsets": [
        4556
      ],
      "shouldPause": false
    },
    {
      "itemType": 75,
      "tilePositionOfsets": [
        4560
      ],
      "shouldPause": false
    },
    {
      "itemType": 75,
      "tilePositionOfsets": [
        4056
      ],
      "shouldPause": false
    },
    {
      "itemType": 76,
      "tilePositionOfsets": [
        6358
      ],
      "shouldPause": false
    },
    {
      "itemType": 92,
      "tilePositionOfsets": [
        6962
      ],
      "shouldPause": false
    },
    {
      "itemType": 50,
      "tilePositionOfsets": [
        4040
      ],
      "shouldPause": false
    },
    {
      "itemType": 75,
      "tilePositionOfsets": [
        6363
      ],
      "shouldPause": false
    },
    {
      "itemType": 75,
      "tilePositionOfsets": [
        5963
      ],
      "shouldPause": false
    },
    {
      "itemType": 75,
      "tilePositionOfsets": [
        5967
      ],
      "shouldPause": false
    },
    {
      "itemType": 92,
      "tilePositionOfsets": [
        7741
      ],
      "shouldPause": false
    },
    {
      "itemType": 25,
      "tilePositionOfsets": [
        8073,
        7972,
        7871,
        7770,
        7669,
        7568,
        7467
      ],
      "shouldPause": false
    },
    {
      "itemType": 25,
      "tilePositionOfsets": [
        8173,
        8072,
        7971,
        7870,
        7769,
        7668,
        7567,
        7466
      ],
      "shouldPause": false
    },
    {
      "itemType": 25,
      "tilePositionOfsets": [
        8074,
        7973,
        7872,
        7771,
        7670,
        7569,
        7468,
        7367
      ],
      "shouldPause": false
    },
    {
      "itemType": 110,
      "tilePositionOfsets": [
        8374
      ],
      "shouldPause": false
    },
    {
      "itemType": 25,
      "tilePositionOfsets": [
        8025,
        7926,
        7827,
        7728,
        7629,
        7530,
        7431
      ],
      "shouldPause": false
    },
    {
      "itemType": 25,
      "tilePositionOfsets": [
        8125,
        8026,
        7927,
        7828,
        7729,
        7630,
        7531
      ],
      "shouldPause": false
    },
    {
      "itemType": 25,
      "tilePositionOfsets": [
        8024,
        7925,
        7826,
        7727,
        7628,
        7529,
        7430
      ],
      "shouldPause": false
    },
    {
      "itemType": 110,
      "tilePositionOfsets": [
        8322
      ],
      "shouldPause": false
    },
    {
      "itemType": 25,
      "tilePositionOfsets": [
        3931,
        3830,
        3729,
        3628,
        3527,
        3426,
        3325
      ],
      "shouldPause": false
    },
    {
      "itemType": 25,
      "tilePositionOfsets": [
        3930,
        3829,
        3728,
        3627,
        3526,
        3425,
        3324
      ],
      "shouldPause": false
    },
    {
      "itemType": 25,
      "tilePositionOfsets": [
        3831,
        3730,
        3629,
        3528,
        3427,
        3326,
        3225
      ],
      "shouldPause": false
    },
    {
      "itemType": 110,
      "tilePositionOfsets": [
        3222
      ],
      "shouldPause": false
    },
    {
      "itemType": 25,
      "tilePositionOfsets": [
        3966,
        3867,
        3768,
        3669,
        3570,
        3471,
        3372
      ],
      "shouldPause": false
    },
    {
      "itemType": 25,
      "tilePositionOfsets": [
        3967,
        3868,
        3769,
        3670,
        3571,
        3472,
        3373
      ],
      "shouldPause": false
    },
    {
      "itemType": 25,
      "tilePositionOfsets": [
        3866,
        3767,
        3668,
        3569,
        3470,
        3371,
        3272
      ],
      "shouldPause": false
    },
    {
      "itemType": 110,
      "tilePositionOfsets": [
        3273
      ],
      "shouldPause": false
    },
    {
      "itemType": 313,
      "tilePositionOfsets": [
        4379
      ],
      "shouldPause": false
    },
    {
      "itemType": 313,
      "tilePositionOfsets": [
        4575
      ],
      "shouldPause": false
    },
    {
      "itemType": 313,
      "tilePositionOfsets": [
        4077
      ],
      "shouldPause": false
    },
    {
      "itemType": 313,
      "tilePositionOfsets": [
        3874
      ],
      "shouldPause": false
    },
    {
      "itemType": 313,
      "tilePositionOfsets": [
        4521
      ],
      "shouldPause": false
    },
    {
      "itemType": 313,
      "tilePositionOfsets": [
        4531
      ],
      "shouldPause": false
    },
    {
      "itemType": 313,
      "tilePositionOfsets": [
        4218
      ],
      "shouldPause": false
    },
    {
      "itemType": 313,
      "tilePositionOfsets": [
        3719
      ],
      "shouldPause": false
    },
    {
      "itemType": 313,
      "tilePositionOfsets": [
        4126
      ],
      "shouldPause": false
    },
    {
      "itemType": 313,
      "tilePositionOfsets": [
        3723
      ],
      "shouldPause": false
    },
    {
      "itemType": 313,
      "tilePositionOfsets": [
        4019
      ],
      "shouldPause": false
    },
    {
      "itemType": 313,
      "tilePositionOfsets": [
        4036
      ],
      "shouldPause": false
    },
    {
      "itemType": 313,
      "tilePositionOfsets": [
        3837
      ],
      "shouldPause": false
    },
    {
      "itemType": 313,
      "tilePositionOfsets": [
        3850
      ],
      "shouldPause": false
    },
    {
      "itemType": 313,
      "tilePositionOfsets": [
        4565
      ],
      "shouldPause": false
    },
    {
      "itemType": 313,
      "tilePositionOfsets": [
        6468
      ],
      "shouldPause": false
    },
    {
      "itemType": 313,
      "tilePositionOfsets": [
        4376
      ],
      "shouldPause": false
    },
    {
      "itemType": 313,
      "tilePositionOfsets": [
        5081
      ],
      "shouldPause": false
    },
    {
      "itemType": 313,
      "tilePositionOfsets": [
        7262
      ],
      "shouldPause": false
    },
    {
      "itemType": 26,
      "tilePositionOfsets": [
        3832,
        3731,
        3630,
        3529,
        3428,
        3327,
        3226,
        3125
      ],
      "shouldPause": false
    },
    {
      "itemType": 26,
      "tilePositionOfsets": [
        3733,
        3634,
        3535,
        3436,
        3337,
        3238
      ],
      "shouldPause": false
    },
    {
      "itemType": 26,
      "tilePositionOfsets": [
        3239
      ],
      "shouldPause": false
    },
    {
      "itemType": 26,
      "tilePositionOfsets": [
        4030,
        3929,
        3828,
        3727,
        3626,
        3525,
        3424,
        3323
      ],
      "shouldPause": false
    },
    {
      "itemType": 26,
      "tilePositionOfsets": [
        4624,
        4525,
        4426,
        4327,
        4228,
        4129
      ],
      "shouldPause": false
    },
    {
      "itemType": 26,
      "tilePositionOfsets": [
        4724
      ],
      "shouldPause": false
    },
    {
      "itemType": 26,
      "tilePositionOfsets": [
        5517,
        5518,
        5519,
        5520,
        5521,
        5522,
        5523,
        5524
      ],
      "shouldPause": false
    },
    {
      "itemType": 26,
      "tilePositionOfsets": [
        5424
      ],
      "shouldPause": false
    },
    {
      "itemType": 26,
      "tilePositionOfsets": [
        5717,
        5718,
        5719,
        5720,
        5721,
        5722,
        5723,
        5724
      ],
      "shouldPause": false
    },
    {
      "itemType": 26,
      "tilePositionOfsets": [
        5924,
        5824
      ],
      "shouldPause": false
    },
    {
      "itemType": 26,
      "tilePositionOfsets": [
        6724,
        6624
      ],
      "shouldPause": false
    },
    {
      "itemType": 26,
      "tilePositionOfsets": [
        7330,
        7229,
        7128,
        7027,
        6926,
        6825
      ],
      "shouldPause": false
    },
    {
      "itemType": 26,
      "tilePositionOfsets": [
        8023,
        7924,
        7825,
        7726,
        7627,
        7528,
        7429
      ],
      "shouldPause": false
    },
    {
      "itemType": 26,
      "tilePositionOfsets": [
        8225,
        8126,
        8027,
        7928,
        7829,
        7730,
        7631,
        7532
      ],
      "shouldPause": false
    },
    {
      "itemType": 26,
      "tilePositionOfsets": [
        8138,
        8037,
        7936,
        7835,
        7734,
        7633
      ],
      "shouldPause": false
    },
    {
      "itemType": 26,
      "tilePositionOfsets": [
        8139
      ],
      "shouldPause": false
    },
    {
      "itemType": 26,
      "tilePositionOfsets": [
        8146,
        8147,
        8148
      ],
      "shouldPause": false
    },
    {
      "itemType": 26,
      "tilePositionOfsets": [
        8848,
        8748,
        8648,
        8548,
        8448,
        8348,
        8248
      ],
      "shouldPause": false
    },
    {
      "itemType": 26,
      "tilePositionOfsets": [
        8850,
        8750,
        8650,
        8550,
        8450,
        8350,
        8250,
        8150
      ],
      "shouldPause": false
    },
    {
      "itemType": 26,
      "tilePositionOfsets": [
        8151
      ],
      "shouldPause": false
    },
    {
      "itemType": 26,
      "tilePositionOfsets": [
        8158,
        8159
      ],
      "shouldPause": false
    },
    {
      "itemType": 26,
      "tilePositionOfsets": [
        8060,
        7961,
        7862,
        7763,
        7664,
        7565
      ],
      "shouldPause": false
    },
    {
      "itemType": 26,
      "tilePositionOfsets": [
        8273,
        8172,
        8071,
        7970,
        7869,
        7768,
        7667,
        7566
      ],
      "shouldPause": false
    },
    {
      "itemType": 26,
      "tilePositionOfsets": [
        8075,
        7974,
        7873,
        7772,
        7671,
        7570,
        7469,
        7368
      ],
      "shouldPause": false
    },
    {
      "itemType": 26,
      "tilePositionOfsets": [
        7268,
        7169,
        7070,
        6971,
        6872,
        6773
      ],
      "shouldPause": false
    },
    {
      "itemType": 26,
      "tilePositionOfsets": [
        6673
      ],
      "shouldPause": false
    },
    {
      "itemType": 26,
      "tilePositionOfsets": [
        5973,
        5873
      ],
      "shouldPause": false
    },
    {
      "itemType": 26,
      "tilePositionOfsets": [
        5874,
        5875,
        5876,
        5877,
        5878,
        5879,
        5880
      ],
      "shouldPause": false
    },
    {
      "itemType": 26,
      "tilePositionOfsets": [
        5673,
        5674,
        5675,
        5676,
        5677,
        5678,
        5679,
        5680
      ],
      "shouldPause": false
    },
    {
      "itemType": 26,
      "tilePositionOfsets": [
        5573,
        5473
      ],
      "shouldPause": false
    },
    {
      "itemType": 26,
      "tilePositionOfsets": [
        4773,
        4673
      ],
      "shouldPause": false
    },
    {
      "itemType": 26,
      "tilePositionOfsets": [
        4572,
        4471,
        4370,
        4269,
        4168,
        4067
      ],
      "shouldPause": false
    },
    {
      "itemType": 26,
      "tilePositionOfsets": [
        3968,
        3869,
        3770,
        3671,
        3572,
        3473,
        3374
      ],
      "shouldPause": false
    },
    {
      "itemType": 26,
      "tilePositionOfsets": [
        3865,
        3766,
        3667,
        3568,
        3469,
        3370,
        3271,
        3172
      ],
      "shouldPause": false
    },
    {
      "itemType": 26,
      "tilePositionOfsets": [
        3764,
        3663,
        3562,
        3461,
        3360,
        3259
      ],
      "shouldPause": false
    },
    {
      "itemType": 26,
      "tilePositionOfsets": [
        3258
      ],
      "shouldPause": false
    },
    {
      "itemType": 26,
      "tilePositionOfsets": [
        3247,
        3248,
        3249,
        3250
      ],
      "shouldPause": false
    },
    {
      "itemType": 166,
      "tilePositionOfsets": [
        7470
      ],
      "shouldPause": false
    },
    {
      "itemType": 166,
      "tilePositionOfsets": [
        6821
      ],
      "shouldPause": false
    }
  ],
  "miscItems": [
    {
      "positionOfset": 3142,
      "itemType": 1,
      "number": 0
    },
    {
      "positionOfset": 3155,
      "itemType": 1,
      "number": 1
    },
    {
      "positionOfset": 5448,
      "itemType": 1,
      "number": 2
    },
    {
      "positionOfset": 5444,
      "itemType": 1,
      "number": 3
    },
    {
      "positionOfset": 5146,
      "itemType": 1,
      "number": 4
    },
    {
      "positionOfset": 8154,
      "itemType": 2,
      "number": 0
    },
    {
      "positionOfset": 8142,
      "itemType": 2,
      "number": 1
    },
    {
      "positionOfset": 9049,
      "itemType": 6,
      "number": 0
    },
    {
      "positionOfset": 8223,
      "itemType": 6,
      "number": 1
    },
    {
      "positionOfset": 5615,
      "itemType": 6,
      "number": 2
    },
    {
      "positionOfset": 3123,
      "itemType": 6,
      "number": 3
    },
    {
      "positionOfset": 3174,
      "itemType": 6,
      "number": 4
    },
    {
      "positionOfset": 5782,
      "itemType": 6,
      "number": 5
    },
    {
      "positionOfset": 8275,
      "itemType": 6,
      "number": 6
    },
    {
      "positionOfset": 8055,
      "itemType": 16,
      "number": 0
    },
    {
      "positionOfset": 8043,
      "itemType": 16,
      "number": 1
    },
    {
      "positionOfset": 6324,
      "itemType": 16,
      "number": 2
    },
    {
      "positionOfset": 5124,
      "itemType": 16,
      "number": 3
    },
    {
      "positionOfset": 5072,
      "itemType": 16,
      "number": 4
    },
    {
      "positionOfset": 6272,
      "itemType": 16,
      "number": 5
    }
  ]
}