{
  "pauseDelayAmount": 100,
  "frames": [
    {
      "itemType": 61,
      "tilePositionOfsets": [
        5643
      ],
      "shouldPause": false
    },
    {
      "itemType": 52,
      "tilePositionOfsets": [
        4950
      ],
      "shouldPause": false
    },
    {
      "itemType": 52,
      "tilePositionOfsets": [
        4450
      ],
      "shouldPause": false
    },
    {
      "itemType": 80,
      "tilePositionOfsets": [
        6046
      ],
      "shouldPause": false
    },
    {
      "itemType": 80,
      "tilePositionOfsets": [
        6042
      ],
      "shouldPause": false
    },
    {
      "itemType": 77,
      "tilePositionOfsets": [
        4040
      ],
      "shouldPause": false
    },
    {
      "itemType": 54,
      "tilePositionOfsets": [
        4574
      ],
      "shouldPause": false
    },
    {
      "itemType": 54,
      "tilePositionOfsets": [
        4169
      ],
      "shouldPause": false
    },
    {
      "itemType": 54,
      "tilePositionOfsets": [
        3261
      ],
      "shouldPause": false
    },
    {
      "itemType": 54,
      "tilePositionOfsets": [
        3056
      ],
      "shouldPause": false
    },
    {
      "itemType": 54,
      "tilePositionOfsets": [
        3334
      ],
      "shouldPause": false
    },
    {
      "itemType": 54,
      "tilePositionOfsets": [
        3038
      ],
      "shouldPause": false
    },
    {
      "itemType": 54,
      "tilePositionOfsets": [
        6546
      ],
      "shouldPause": false
    },
    {
      "itemType": 54,
      "tilePositionOfsets": [
        6642
      ],
      "shouldPause": false
    },
    {
      "itemType": 54,
      "tilePositionOfsets": [
        6637
      ],
      "shouldPause": false
    },
    {
      "itemType": 86,
      "tilePositionOfsets": [
        7217
      ],
      "shouldPause": false
    },
    {
      "itemType": 81,
      "tilePositionOfsets": [
        5532
      ],
      "shouldPause": false
    },
    {
      "itemType": 50,
      "tilePositionOfsets": [
        5932
      ],
      "shouldPause": false
    },
    {
      "itemType": 87,
      "tilePositionOfsets": [
        6872
      ],
      "shouldPause": false
    },
    {
      "itemType": 88,
      "tilePositionOfsets": [
        5774
      ],
      "shouldPause": false
    },
    {
      "itemType": 74,
      "tilePositionOfsets": [
        5851
      ],
      "shouldPause": false
    },
    {
      "itemType": 75,
      "tilePositionOfsets": [
        5056
      ],
      "shouldPause": false
    },
    {
      "itemType": 75,
      "tilePositionOfsets": [
        5060
      ],
      "shouldPause": false
    },
    {
      "itemType": 75,
      "tilePositionOfsets": [
        5064
      ],
      "shouldPause": false
    },
    {
      "itemType": 75,
      "tilePositionOfsets": [
        4656
      ],
      "shouldPause": false
    },
    {
      "itemType": 75,
      "tilePositionOfsets": [
        4660
      ],
      "shouldPause": false
    },
    {
      "itemType": 76,
      "tilePositionOfsets": [
        4538
      ],
      "shouldPause": false
    },
    {
      "itemType": 92,
      "tilePositionOfsets": [
        6556
      ],
      "shouldPause": false
    },
    {
      "itemType": 342,
      "tilePositionOfsets": [
        6461
      ],
      "shouldPause": false
    },
    {
      "itemType": 25,
      "tilePositionOfsets": [
        7353,
        7354,
        7355,
        7356,
        7357
      ],
      "shouldPause": false
    },
    {
      "itemType": 25,
      "tilePositionOfsets": [
        7258,
        7159,
        7060,
        6961,
        6862,
        6763,
        6664,
        6565,
        6466,
        6367
      ],
      "shouldPause": false
    },
    {
      "itemType": 25,
      "tilePositionOfsets": [
        6268,
        6168,
        6068,
        5968,
        5868,
        5768
      ],
      "shouldPause": false
    },
    {
      "itemType": 25,
      "tilePositionOfsets": [
        7342,
        7343,
        7344,
        7345,
        7346
      ],
      "shouldPause": false
    },
    {
      "itemType": 25,
      "tilePositionOfsets": [
        7341,
        7240,
        7139,
        7038,
        6937,
        6836,
        6735,
        6634,
        6533,
        6432,
        6331,
        6230
      ],
      "shouldPause": false
    },
    {
      "itemType": 25,
      "tilePositionOfsets": [
        6130,
        6030,
        5930,
        5830,
        5730
      ],
      "shouldPause": false
    },
    {
      "itemType": 25,
      "tilePositionOfsets": [
        5030,
        4930,
        4830,
        4730,
        4630,
        4530,
        4430
      ],
      "shouldPause": false
    },
    {
      "itemType": 25,
      "tilePositionOfsets": [
        4331,
        4232,
        4133,
        4034,
        3935,
        3836,
        3737,
        3638,
        3539,
        3440
      ],
      "shouldPause": false
    },
    {
      "itemType": 25,
      "tilePositionOfsets": [
        3441,
        3442,
        3443,
        3444
      ],
      "shouldPause": false
    },
    {
      "itemType": 25,
      "tilePositionOfsets": [
        3452,
        3453,
        3454,
        3455,
        3456,
        3457
      ],
      "shouldPause": false
    },
    {
      "itemType": 25,
      "tilePositionOfsets": [
        4568,
        4467,
        4366,
        4265,
        4164,
        4063,
        3962,
        3861,
        3760,
        3659,
        3558
      ],
      "shouldPause": false
    },
    {
      "itemType": 25,
      "tilePositionOfsets": [
        5068,
        4968,
        4868,
        4768,
        4668
      ],
      "shouldPause": false
    },
    {
      "itemType": 114,
      "tilePositionOfsets": [
        7747
      ],
      "shouldPause": false
    },
    {
      "itemType": 114,
      "tilePositionOfsets": [
        5667
      ],
      "shouldPause": false
    },
    {
      "itemType": 114,
      "tilePositionOfsets": [
        5626
      ],
      "shouldPause": false
    },
    {
      "itemType": 146,
      "tilePositionOfsets": [
        3545
      ],
      "shouldPause": false
    },
    {
      "itemType": 25,
      "tilePositionOfsets": [
        7441,
        7442,
        7443,
        7444,
        7445,
        7446
      ],
      "shouldPause": false
    },
    {
      "itemType": 25,
      "tilePositionOfsets": [
        7340,
        7239,
        7138,
        7037,
        6936,
        6835,
        6734,
        6633,
        6532,
        6431,
        6330,
        6229
      ],
      "shouldPause": false
    },
    {
      "itemType": 25,
      "tilePositionOfsets": [
        6129,
        6029,
        5929,
        5829,
        5729
      ],
      "shouldPause": false
    },
    {
      "itemType": 25,
      "tilePositionOfsets": [
        5029,
        4929,
        4829,
        4729,
        4629,
        4529,
        4429
      ],
      "shouldPause": false
    },
    {
      "itemType": 25,
      "tilePositionOfsets": [
        4330,
        4231,
        4132,
        4033,
        3934,
        3835,
        3736,
        3637,
        3538,
        3439,
        3340
      ],
      "shouldPause": false
    },
    {
      "itemType": 25,
      "tilePositionOfsets": [
        3341,
        3342,
        3343,
        3344
      ],
      "shouldPause": false
    },
    {
      "itemType": 25,
      "tilePositionOfsets": [
        3352,
        3353,
        3354,
        3355,
        3356,
        3357
      ],
      "shouldPause": false
    },
    {
      "itemType": 25,
      "tilePositionOfsets": [
        4569,
        4468,
        4367,
        4266,
        4165,
        4064,
        3963,
        3862,
        3761,
        3660,
        3559,
        3458
      ],
      "shouldPause": false
    },
    {
      "itemType": 25,
      "tilePositionOfsets": [
        5069,
        4969,
        4869,
        4769,
        4669
      ],
      "shouldPause": false
    },
    {
      "itemType": 25,
      "tilePositionOfsets": [
        6269,
        6169,
        6069,
        5969,
        5869,
        5769
      ],
      "shouldPause": false
    },
    {
      "itemType": 25,
      "tilePositionOfsets": [
        7457,
        7358,
        7259,
        7160,
        7061,
        6962,
        6863,
        6764,
        6665,
        6566,
        6467,
        6368
      ],
      "shouldPause": false
    },
    {
      "itemType": 25,
      "tilePositionOfsets": [
        7453,
        7454,
        7455,
        7456
      ],
      "shouldPause": false
    },
    {
      "itemType": 342,
      "tilePositionOfsets": [
        4045
      ],
      "shouldPause": false
    },
    {
      "itemType": 75,
      "tilePositionOfsets": [
        4156
      ],
      "shouldPause": false
    },
    {
      "itemType": 75,
      "tilePositionOfsets": [
        5956
      ],
      "shouldPause": false
    },
    {
      "itemType": 75,
      "tilePositionOfsets": [
        5556
      ],
      "shouldPause": false
    },
    {
      "itemType": 50,
      "tilePositionOfsets": [
        5132
      ],
      "shouldPause": false
    },
    {
      "itemType": 92,
      "tilePositionOfsets": [
        6137
      ],
      "shouldPause": false
    },
    {
      "itemType": 180,
      "tilePositionOfsets": [
        7152
      ],
      "shouldPause": false
    },
    {
      "itemType": 93,
      "tilePositionOfsets": [
        4123
      ],
      "shouldPause": false
    },
    {
      "itemType": 324,
      "tilePositionOfsets": [
        6020
      ],
      "shouldPause": false
    },
    {
      "itemType": 324,
      "tilePositionOfsets": [
        4821
      ],
      "shouldPause": false
    },
    {
      "itemType": 324,
      "tilePositionOfsets": [
        8033
      ],
      "shouldPause": false
    },
    {
      "itemType": 324,
      "tilePositionOfsets": [
        7862
      ],
      "shouldPause": false
    },
    {
      "itemType": 169,
      "tilePositionOfsets": [
        8056
      ],
      "shouldPause": false
    },
    {
      "itemType": 169,
      "tilePositionOfsets": [
        8140
      ],
      "shouldPause": false
    },
    {
      "itemType": 169,
      "tilePositionOfsets": [
        5321
      ],
      "shouldPause": false
    },
    {
      "itemType": 313,
      "tilePositionOfsets": [
        5522
      ],
      "shouldPause": false
    },
    {
      "itemType": 313,
      "tilePositionOfsets": [
        5817
      ],
      "shouldPause": false
    },
    {
      "itemType": 313,
      "tilePositionOfsets": [
        5319
      ],
      "shouldPause": false
    },
    {
      "itemType": 313,
      "tilePositionOfsets": [
        4717
      ],
      "shouldPause": false
    },
    {
      "itemType": 313,
      "tilePositionOfsets": [
        7536
      ],
      "shouldPause": false
    },
    {
      "itemType": 313,
      "tilePositionOfsets": [
        8046
      ],
      "shouldPause": false
    },
    {
      "itemType": 313,
      "tilePositionOfsets": [
        8067
      ],
      "shouldPause": false
    },
    {
      "itemType": 313,
      "tilePositionOfsets": [
        8062
      ],
      "shouldPause": false
    },
    {
      "itemType": 313,
      "tilePositionOfsets": [
        7949
      ],
      "shouldPause": false
    },
    {
      "itemType": 313,
      "tilePositionOfsets": [
        8148
      ],
      "shouldPause": false
    },
    {
      "itemType": 318,
      "tilePositionOfsets": [
        8154
      ],
      "shouldPause": false
    },
    {
      "itemType": 318,
      "tilePositionOfsets": [
        7952
      ],
      "shouldPause": false
    },
    {
      "itemType": 318,
      "tilePositionOfsets": [
        8244
      ],
      "shouldPause": false
    },
    {
      "itemType": 318,
      "tilePositionOfsets": [
        7838
      ],
      "shouldPause": false
    },
    {
      "itemType": 318,
      "tilePositionOfsets": [
        5519
      ],
      "shouldPause": false
    },
    {
      "itemType": 318,
      "tilePositionOfsets": [
        5516
      ],
      "shouldPause": false
    },
    {
      "itemType": 318,
      "tilePositionOfsets": [
        5017
      ],
      "shouldPause": false
    },
    {
      "itemType": 25,
      "tilePositionOfsets": [
        3864,
        3765,
        3666,
        3567,
        3468,
        3369,
        3270
      ],
      "shouldPause": false
    },
    {
      "itemType": 25,
      "tilePositionOfsets": [
        3964,
        3865,
        3766,
        3667,
        3568,
        3469,
        3370,
        3271
      ],
      "shouldPause": false
    },
    {
      "itemType": 25,
      "tilePositionOfsets": [
        3863,
        3764,
        3665,
        3566,
        3467,
        3368,
        3269,
        3170
      ],
      "shouldPause": false
    },
    {
      "itemType": 25,
      "tilePositionOfsets": [
        3734,
        3633,
        3532,
        3431,
        3330,
        3229,
        3128
      ],
      "shouldPause": false
    },
    {
      "itemType": 25,
      "tilePositionOfsets": [
        3834,
        3733,
        3632,
        3531,
        3430,
        3329,
        3228,
        3127
      ],
      "shouldPause": false
    },
    {
      "itemType": 25,
      "tilePositionOfsets": [
        3735,
        3634,
        3533,
        3432,
        3331,
        3230,
        3129,
        3028
      ],
      "shouldPause": false
    },
    {
      "itemType": 25,
      "tilePositionOfsets": [
        7528,
        7429,
        7330,
        7231,
        7132,
        7033,
        6934
      ],
      "shouldPause": false
    },
    {
      "itemType": 25,
      "tilePositionOfsets": [
        7628,
        7529,
        7430,
        7331,
        7232,
        7133,
        7034,
        6935
      ],
      "shouldPause": false
    },
    {
      "itemType": 25,
      "tilePositionOfsets": [
        7527,
        7428,
        7329,
        7230,
        7131,
        7032,
        6933,
        6834
      ],
      "shouldPause": false
    },
    {
      "itemType": 25,
      "tilePositionOfsets": [
        7471,
        7370,
        7269,
        7168,
        7067,
        6966,
        6865
      ],
      "shouldPause": false
    },
    {
      "itemType": 25,
      "tilePositionOfsets": [
        7571,
        7470,
        7369,
        7268,
        7167,
        7066,
        6965,
        6864
      ],
      "shouldPause": false
    },
    {
      "itemType": 25,
      "tilePositionOfsets": [
        7472,
        7371,
        7270,
        7169,
        7068,
        6967,
        6866,
        6765
      ],
      "shouldPause": false
    },
    {
      "itemType": 110,
      "tilePositionOfsets": [
        3171
      ],
      "shouldPause": false
    },
    {
      "itemType": 110,
      "tilePositionOfsets": [
        3025
      ],
      "shouldPause": false
    },
    {
      "itemType": 110,
      "tilePositionOfsets": [
        7825
      ],
      "shouldPause": false
    },
    {
      "itemType": 110,
      "tilePositionOfsets": [
        7772
      ],
      "shouldPause": false
    },
    {
      "itemType": 74,
      "tilePositionOfsets": [
        6151
      ],
      "shouldPause": false
    },
    {
      "itemType": 75,
      "tilePositionOfsets": [
        5960
      ],
      "shouldPause": false
    },
    {
      "itemType": 75,
      "tilePositionOfsets": [
        5560
      ],
      "shouldPause": false
    },
    {
      "itemType": 76,
      "tilePositionOfsets": [
        5038
      ],
      "shouldPause": false
    },
    {
      "itemType": 76,
      "tilePositionOfsets": [
        5438
      ],
      "shouldPause": false
    },
    {
      "itemType": 50,
      "tilePositionOfsets": [
        4732
      ],
      "shouldPause": false
    },
    {
      "itemType": 342,
      "tilePositionOfsets": [
        7148
      ],
      "shouldPause": false
    },
    {
      "itemType": 92,
      "tilePositionOfsets": [
        7242
      ],
      "shouldPause": false
    },
    {
      "itemType": 26,
      "tilePositionOfsets": [
        7671,
        7570,
        7469,
        7368,
        7267,
        7166,
        7065,
        6964
      ],
      "shouldPause": false
    },
    {
      "itemType": 26,
      "tilePositionOfsets": [
        7557,
        7458,
        7359,
        7260,
        7161,
        7062,
        6963
      ],
      "shouldPause": false
    },
    {
      "itemType": 26,
      "tilePositionOfsets": [
        7553,
        7554,
        7555,
        7556
      ],
      "shouldPause": false
    },
    {
      "itemType": 26,
      "tilePositionOfsets": [
        7473,
        7372,
        7271,
        7170,
        7069,
        6968,
        6867,
        6766
      ],
      "shouldPause": false
    },
    {
      "itemType": 26,
      "tilePositionOfsets": [
        6666,
        6567,
        6468,
        6369,
        6270
      ],
      "shouldPause": false
    },
    {
      "itemType": 26,
      "tilePositionOfsets": [
        6170,
        6070,
        5970,
        5870,
        5770
      ],
      "shouldPause": false
    },
    {
      "itemType": 26,
      "tilePositionOfsets": [
        5070,
        4970,
        4870,
        4770,
        4670,
        4570
      ],
      "shouldPause": false
    },
    {
      "itemType": 26,
      "tilePositionOfsets": [
        4469,
        4368,
        4267,
        4166,
        4065
      ],
      "shouldPause": false
    },
    {
      "itemType": 26,
      "tilePositionOfsets": [
        3965,
        3866,
        3767,
        3668,
        3569,
        3470,
        3371,
        3272
      ],
      "shouldPause": false
    },
    {
      "itemType": 26,
      "tilePositionOfsets": [
        3763,
        3664,
        3565,
        3466,
        3367,
        3268,
        3169,
        3070
      ],
      "shouldPause": false
    },
    {
      "itemType": 26,
      "tilePositionOfsets": [
        3762,
        3661,
        3560,
        3459,
        3358,
        3257
      ],
      "shouldPause": false
    },
    {
      "itemType": 26,
      "tilePositionOfsets": [
        3252,
        3253,
        3254,
        3255,
        3256
      ],
      "shouldPause": false
    },
    {
      "itemType": 26,
      "tilePositionOfsets": [
        3240,
        3241,
        3242,
        3243,
        3244
      ],
      "shouldPause": false
    },
    {
      "itemType": 26,
      "tilePositionOfsets": [
        3636,
        3537,
        3438,
        3339
      ],
      "shouldPause": false
    },
    {
      "itemType": 26,
      "tilePositionOfsets": [
        3635,
        3534,
        3433,
        3332,
        3231,
        3130,
        3029,
        2928
      ],
      "shouldPause": false
    },
    {
      "itemType": 26,
      "tilePositionOfsets": [
        3833,
        3732,
        3631,
        3530,
        3429,
        3328,
        3227,
        3126
      ],
      "shouldPause": false
    },
    {
      "itemType": 26,
      "tilePositionOfsets": [
        4428,
        4329,
        4230,
        4131,
        4032,
        3933
      ],
      "shouldPause": false
    },
    {
      "itemType": 26,
      "tilePositionOfsets": [
        5028,
        4928,
        4828,
        4728,
        4628,
        4528
      ],
      "shouldPause": false
    },
    {
      "itemType": 26,
      "tilePositionOfsets": [
        7526,
        7427,
        7328,
        7229,
        7130,
        7031,
        6932,
        6833
      ],
      "shouldPause": false
    },
    {
      "itemType": 26,
      "tilePositionOfsets": [
        6733,
        6632,
        6531,
        6430,
        6329,
        6228
      ],
      "shouldPause": false
    },
    {
      "itemType": 26,
      "tilePositionOfsets": [
        6128,
        6028,
        5928,
        5828,
        5728
      ],
      "shouldPause": false
    },
    {
      "itemType": 26,
      "tilePositionOfsets": [
        7728,
        7629,
        7530,
        7431,
        7332,
        7233,
        7134,
        7035
      ],
      "shouldPause": false
    },
    {
      "itemType": 26,
      "tilePositionOfsets": [
        7541,
        7440,
        7339,
        7238,
        7137,
        7036
      ],
      "shouldPause": false
    },
    {
      "itemType": 26,
      "tilePositionOfsets": [
        7542,
        7543,
        7544,
        7545,
        7546
      ],
      "shouldPause": false
    },
    {
      "itemType": 313,
      "tilePositionOfsets": [
        6166
      ],
      "shouldPause": false
    },
    {
      "itemType": 313,
      "tilePositionOfsets": [
        5865
      ],
      "shouldPause": false
    },
    {
      "itemType": 313,
      "tilePositionOfsets": [
        5665
      ],
      "shouldPause": false
    },
    {
      "itemType": 313,
      "tilePositionOfsets": [
        3654
      ],
      "shouldPause": false
    },
    {
      "itemType": 313,
      "tilePositionOfsets": [
        4037
      ],
      "shouldPause": false
    },
    {
      "itemType": 313,
      "tilePositionOfsets": [
        6234
      ],
      "shouldPause": false
    },
    {
      "itemType": 313,
      "tilePositionOfsets": [
        6857
      ],
      "shouldPause": false
    },
    {
      "itemType": 318,
      "tilePositionOfsets": [
        6760
      ],
      "shouldPause": false
    },
    {
      "itemType": 318,
      "tilePositionOfsets": [
        7057
      ],
      "shouldPause": false
    },
    {
      "itemType": 318,
      "tilePositionOfsets": [
        6434
      ],
      "shouldPause": false
    },
    {
      "itemType": 318,
      "tilePositionOfsets": [
        6232
      ],
      "shouldPause": false
    },
    {
      "itemType": 318,
      "tilePositionOfsets": [
        4235
      ],
      "shouldPause": false
    },
    {
      "itemType": 318,
      "tilePositionOfsets": [
        3656
      ],
      "shouldPause": false
    },
    {
      "itemType": 318,
      "tilePositionOfsets": [
        3652
      ],
      "shouldPause": false
    },
    {
      "itemType": 318,
      "tilePositionOfsets": [
        4665
      ],
      "shouldPause": false
    },
    {
      "itemType": 318,
      "tilePositionOfsets": [
        5465
      ],
      "shouldPause": false
    },
    {
      "itemType": 54,
      "tilePositionOfsets": [
        6928
      ],
      "shouldPause": false
    },
    {
      "itemType": 54,
      "tilePositionOfsets": [
        7373
      ],
      "shouldPause": false
    }
  ],
  "miscItems": [
    {
      "positionOfset": 5447,
      "itemType": 1,
      "number": 0
    },
    {
      "positionOfset": 5445,
      "itemType": 1,
      "number": 1
    },
    {
      "positionOfset": 5246,
      "itemType": 1,
      "number": 2
    },
    {
      "positionOfset": 3150,
      "itemType": 1,
      "number": 3
    },
    {
      "positionOfset": 3147,
      "itemType": 1,
      "number": 4
    },
    {
      "positionOfset": 7449,
      "itemType": 2,
      "number": 0
    },
    {
      "positionOfset": 7726,
      "itemType": 6,
      "number": 0
    },
    {
      "positionOfset": 2926,
      "itemType": 6,
      "number": 1
    },
    {
      "positionOfset": 3072,
      "itemType": 6,
      "number": 2
    },
    {
      "positionOfset": 7673,
      "itemType": 6,
      "number": 3
    },
    {
      "positionOfset": 7550,
      "itemType": 6,
      "number": 4
    },
    {
      "positionOfset": 7549,
      "itemType": 6,
      "number": 5
    },
    {
      "positionOfset": 5370,
      "itemType": 16,
      "number": 0
    },
    {
      "positionOfset": 5329,
      "itemType": 16,
      "number": 1
    },
    {
      "positionOfset": 5470,
      "itemType": 16,
      "number": 2
    },
    {
      "positionOfset": 5529,
      "itemType": 16,
      "number": 3
    },
    {
      "positionOfset": 3248,
      "itemType": 16,
      "number": 4
    },
    {
      "positionOfset": 7450,
      "itemType": 16,
      "number": 5
    }
  ]
}