{
  "pauseDelayAmount": 100,
  "frames": [
    {
      "itemType": 61,
      "tilePositionOfsets": [
        5643
      ],
      "shouldPause": false
    },
    {
      "itemType": 80,
      "tilePositionOfsets": [
        5255
      ],
      "shouldPause": false
    },
    {
      "itemType": 81,
      "tilePositionOfsets": [
        5134
      ],
      "shouldPause": false
    },
    {
      "itemType": 77,
      "tilePositionOfsets": [
        6128
      ],
      "shouldPause": false
    },
    {
      "itemType": 87,
      "tilePositionOfsets": [
        6664
      ],
      "shouldPause": false
    },
    {
      "itemType": 52,
      "tilePositionOfsets": [
        4950
      ],
      "shouldPause": false
    },
    {
      "itemType": 52,
      "tilePositionOfsets": [
        4450
      ],
      "shouldPause": false
    },
    {
      "itemType": 52,
      "tilePositionOfsets": [
        4455
      ],
      "shouldPause": false
    },
    {
      "itemType": 54,
      "tilePositionOfsets": [
        7055
      ],
      "shouldPause": false
    },
    {
      "itemType": 54,
      "tilePositionOfsets": [
        7034
      ],
      "shouldPause": false
    },
    {
      "itemType": 54,
      "tilePositionOfsets": [
        6625
      ],
      "shouldPause": false
    },
    {
      "itemType": 54,
      "tilePositionOfsets": [
        6224
      ],
      "shouldPause": false
    },
    {
      "itemType": 80,
      "tilePositionOfsets": [
        4855
      ],
      "shouldPause": false
    },
    {
      "itemType": 95,
      "tilePositionOfsets": [
        3036
      ],
      "shouldPause": false
    },
    {
      "itemType": 95,
      "tilePositionOfsets": [
        4138
      ],
      "shouldPause": false
    },
    {
      "itemType": 50,
      "tilePositionOfsets": [
        5139
      ],
      "shouldPause": false
    },
    {
      "itemType": 85,
      "tilePositionOfsets": [
        4426
      ],
      "shouldPause": false
    },
    {
      "itemType": 83,
      "tilePositionOfsets": [
        4232
      ],
      "shouldPause": false
    },
    {
      "itemType": 54,
      "tilePositionOfsets": [
        5668
      ],
      "shouldPause": false
    },
    {
      "itemType": 54,
      "tilePositionOfsets": [
        5270
      ],
      "shouldPause": false
    },
    {
      "itemType": 54,
      "tilePositionOfsets": [
        3052
      ],
      "shouldPause": false
    },
    {
      "itemType": 54,
      "tilePositionOfsets": [
        3056
      ],
      "shouldPause": false
    },
    {
      "itemType": 84,
      "tilePositionOfsets": [
        4639
      ],
      "shouldPause": false
    },
    {
      "itemType": 81,
      "tilePositionOfsets": [
        4734
      ],
      "shouldPause": false
    },
    {
      "itemType": 92,
      "tilePositionOfsets": [
        6344
      ],
      "shouldPause": false
    },
    {
      "itemType": 76,
      "tilePositionOfsets": [
        3963
      ],
      "shouldPause": false
    },
    {
      "itemType": 144,
      "tilePositionOfsets": [
        3844
      ],
      "shouldPause": false
    },
    {
      "itemType": 112,
      "tilePositionOfsets": [
        3856
      ],
      "shouldPause": false
    },
    {
      "itemType": 112,
      "tilePositionOfsets": [
        3832
      ],
      "shouldPause": false
    },
    {
      "itemType": 145,
      "tilePositionOfsets": [
        3968
      ],
      "shouldPause": false
    },
    {
      "itemType": 145,
      "tilePositionOfsets": [
        3920
      ],
      "shouldPause": false
    },
    {
      "itemType": 25,
      "tilePositionOfsets": [
        3525,
        3526,
        3527,
        3528,
        3529,
        3530,
        3531,
        3420,
        3421,
        3422,
        3423,
        3424
      ],
      "shouldPause": false
    },
    {
      "itemType": 25,
      "tilePositionOfsets": [
        3537,
        3538,
        3539,
        3540,
        3541,
        3542,
        3543
      ],
      "shouldPause": false
    },
    {
      "itemType": 25,
      "tilePositionOfsets": [
        3549,
        3550,
        3551,
        3552,
        3553,
        3554,
        3555
      ],
      "shouldPause": false
    },
    {
      "itemType": 25,
      "tilePositionOfsets": [
        3561,
        3562,
        3563,
        3564,
        3565,
        3566,
        3567,
        3468,
        3469,
        3470,
        3471,
        3472
      ],
      "shouldPause": false
    },
    {
      "itemType": 25,
      "tilePositionOfsets": [
        5738,
        5637,
        5536,
        5435,
        5334,
        5233,
        4627,
        4526,
        4425,
        4324,
        4223,
        4122,
        4021
      ],
      "shouldPause": false
    },
    {
      "itemType": 25,
      "tilePositionOfsets": [
        5754,
        5655,
        5556,
        5457,
        5358,
        5259,
        4665,
        4566,
        4467,
        4368,
        4269,
        4170,
        4071
      ],
      "shouldPause": false
    },
    {
      "itemType": 112,
      "tilePositionOfsets": [
        6239
      ],
      "shouldPause": false
    },
    {
      "itemType": 112,
      "tilePositionOfsets": [
        6249
      ],
      "shouldPause": false
    },
    {
      "itemType": 112,
      "tilePositionOfsets": [
        5128
      ],
      "shouldPause": false
    },
    {
      "itemType": 112,
      "tilePositionOfsets": [
        5160
      ],
      "shouldPause": false
    },
    {
      "itemType": 113,
      "tilePositionOfsets": [
        7438
      ],
      "shouldPause": false
    },
    {
      "itemType": 113,
      "tilePositionOfsets": [
        7449
      ],
      "shouldPause": false
    },
    {
      "itemType": 112,
      "tilePositionOfsets": [
        6629
      ],
      "shouldPause": false
    },
    {
      "itemType": 112,
      "tilePositionOfsets": [
        6659
      ],
      "shouldPause": false
    },
    {
      "itemType": 25,
      "tilePositionOfsets": [
        7538,
        7539,
        7540,
        7541,
        7542,
        7543,
        7437,
        7336,
        7235,
        7134,
        7033,
        6932,
        6831,
        6729,
        6730
      ],
      "shouldPause": false
    },
    {
      "itemType": 25,
      "tilePositionOfsets": [
        7548,
        7549,
        7550,
        7551,
        7552,
        7553,
        7554,
        7455,
        7356,
        7257,
        7158,
        7059,
        6960,
        6861,
        6762,
        6763
      ],
      "shouldPause": false
    },
    {
      "itemType": 25,
      "tilePositionOfsets": [
        7544,
        7545,
        7546,
        7547
      ],
      "shouldPause": false
    },
    {
      "itemType": 181,
      "tilePositionOfsets": [
        7446
      ],
      "shouldPause": false
    },
    {
      "itemType": 182,
      "tilePositionOfsets": [
        7346
      ],
      "shouldPause": false
    },
    {
      "itemType": 183,
      "tilePositionOfsets": [
        7246
      ],
      "shouldPause": false
    },
    {
      "itemType": 184,
      "tilePositionOfsets": [
        7146
      ],
      "shouldPause": false
    },
    {
      "itemType": 185,
      "tilePositionOfsets": [
        7046
      ],
      "shouldPause": false
    },
    {
      "itemType": 25,
      "tilePositionOfsets": [
        6731,
        6732,
        6733
      ],
      "shouldPause": false
    },
    {
      "itemType": 25,
      "tilePositionOfsets": [
        6759,
        6760,
        6761
      ],
      "shouldPause": false
    },
    {
      "itemType": 25,
      "tilePositionOfsets": [
        6238,
        6138,
        6038,
        5938,
        5838
      ],
      "shouldPause": false
    },
    {
      "itemType": 25,
      "tilePositionOfsets": [
        5954,
        5854
      ],
      "shouldPause": false
    },
    {
      "itemType": 25,
      "tilePositionOfsets": [
        6254,
        6154,
        6054
      ],
      "shouldPause": false
    },
    {
      "itemType": 25,
      "tilePositionOfsets": [
        4827,
        4727
      ],
      "shouldPause": false
    },
    {
      "itemType": 25,
      "tilePositionOfsets": [
        5227,
        5127,
        5027,
        4927
      ],
      "shouldPause": false
    },
    {
      "itemType": 25,
      "tilePositionOfsets": [
        5228,
        5229,
        5230,
        5231,
        5232
      ],
      "shouldPause": false
    },
    {
      "itemType": 25,
      "tilePositionOfsets": [
        5260,
        5261,
        5262,
        5263,
        5264
      ],
      "shouldPause": false
    },
    {
      "itemType": 25,
      "tilePositionOfsets": [
        5265,
        5165,
        5065,
        4965,
        4865,
        4765
      ],
      "shouldPause": false
    },
    {
      "itemType": 25,
      "tilePositionOfsets": [
        3631
      ],
      "shouldPause": false
    },
    {
      "itemType": 25,
      "tilePositionOfsets": [
        3637
      ],
      "shouldPause": false
    },
    {
      "itemType": 25,
      "tilePositionOfsets": [
        3655
      ],
      "shouldPause": false
    },
    {
      "itemType": 25,
      "tilePositionOfsets": [
        3661
      ],
      "shouldPause": false
    },
    {
      "itemType": 181,
      "tilePositionOfsets": [
        5133
      ],
      "shouldPause": false
    },
    {
      "itemType": 182,
      "tilePositionOfsets": [
        5033
      ],
      "shouldPause": false
    },
    {
      "itemType": 183,
      "tilePositionOfsets": [
        4933
      ],
      "shouldPause": false
    },
    {
      "itemType": 184,
      "tilePositionOfsets": [
        4833
      ],
      "shouldPause": false
    },
    {
      "itemType": 185,
      "tilePositionOfsets": [
        4733
      ],
      "shouldPause": false
    },
    {
      "itemType": 181,
      "tilePositionOfsets": [
        5159
      ],
      "shouldPause": false
    },
    {
      "itemType": 182,
      "tilePositionOfsets": [
        5059
      ],
      "shouldPause": false
    },
    {
      "itemType": 183,
      "tilePositionOfsets": [
        4959
      ],
      "shouldPause": false
    },
    {
      "itemType": 184,
      "tilePositionOfsets": [
        4859
      ],
      "shouldPause": false
    },
    {
      "itemType": 185,
      "tilePositionOfsets": [
        4759
      ],
      "shouldPause": false
    },
    {
      "itemType": 342,
      "tilePositionOfsets": [
        5638
      ],
      "shouldPause": true
    },
    {
      "itemType": 65,
      "tilePositionOfsets": [
        7265
      ],
      "shouldPause": false
    },
    {
      "itemType": 88,
      "tilePositionOfsets": [
        5619
      ],
      "shouldPause": false
    },
    {
      "itemType": 93,
      "tilePositionOfsets": [
        6318
      ],
      "shouldPause": false
    },
    {
      "itemType": 54,
      "tilePositionOfsets": [
        6721
      ],
      "shouldPause": false
    },
    {
      "itemType": 54,
      "tilePositionOfsets": [
        4870
      ],
      "shouldPause": false
    },
    {
      "itemType": 76,
      "tilePositionOfsets": [
        4661
      ],
      "shouldPause": false
    },
    {
      "itemType": 26,
      "tilePositionOfsets": [
        6338,
        6237
      ],
      "shouldPause": false
    },
    {
      "itemType": 26,
      "tilePositionOfsets": [
        6137,
        6037,
        5937,
        5837,
        5737
      ],
      "shouldPause": false
    },
    {
      "itemType": 26,
      "tilePositionOfsets": [
        5636,
        5535,
        5434,
        5333
      ],
      "shouldPause": false
    },
    {
      "itemType": 26,
      "tilePositionOfsets": [
        5327,
        5328,
        5329,
        5330,
        5331,
        5332
      ],
      "shouldPause": false
    },
    {
      "itemType": 26,
      "tilePositionOfsets": [
        5326,
        5226,
        5126,
        5026,
        4926,
        4826,
        4726,
        4626
      ],
      "shouldPause": false
    },
    {
      "itemType": 26,
      "tilePositionOfsets": [
        4525,
        4424,
        4323,
        4222,
        4121,
        4020
      ],
      "shouldPause": false
    },
    {
      "itemType": 26,
      "tilePositionOfsets": [
        3419,
        3320
      ],
      "shouldPause": false
    },
    {
      "itemType": 26,
      "tilePositionOfsets": [
        3321,
        3322,
        3323
      ],
      "shouldPause": false
    },
    {
      "itemType": 26,
      "tilePositionOfsets": [
        3425,
        3324
      ],
      "shouldPause": false
    },
    {
      "itemType": 26,
      "tilePositionOfsets": [
        3427,
        3428,
        3429,
        3430,
        3431
      ],
      "shouldPause": false
    },
    {
      "itemType": 26,
      "tilePositionOfsets": [
        3426
      ],
      "shouldPause": false
    },
    {
      "itemType": 26,
      "tilePositionOfsets": [
        3437,
        3438,
        3439,
        3440,
        3441,
        3442,
        3443
      ],
      "shouldPause": false
    },
    {
      "itemType": 26,
      "tilePositionOfsets": [
        3449,
        3450,
        3451,
        3452,
        3453,
        3454,
        3455
      ],
      "shouldPause": false
    },
    {
      "itemType": 26,
      "tilePositionOfsets": [
        3461,
        3462,
        3463,
        3464,
        3465,
        3466,
        3467
      ],
      "shouldPause": false
    },
    {
      "itemType": 26,
      "tilePositionOfsets": [
        3368,
        3369,
        3370,
        3371,
        3372
      ],
      "shouldPause": false
    },
    {
      "itemType": 26,
      "tilePositionOfsets": [
        3473
      ],
      "shouldPause": false
    },
    {
      "itemType": 26,
      "tilePositionOfsets": [
        4666,
        4567,
        4468,
        4369,
        4270,
        4171,
        4072
      ],
      "shouldPause": false
    },
    {
      "itemType": 26,
      "tilePositionOfsets": [
        5266,
        5166,
        5066,
        4966,
        4866,
        4766
      ],
      "shouldPause": false
    },
    {
      "itemType": 26,
      "tilePositionOfsets": [
        5359,
        5360,
        5361,
        5362,
        5363,
        5364,
        5365,
        5366
      ],
      "shouldPause": false
    },
    {
      "itemType": 26,
      "tilePositionOfsets": [
        5755,
        5656,
        5557,
        5458
      ],
      "shouldPause": false
    },
    {
      "itemType": 26,
      "tilePositionOfsets": [
        5955,
        5855
      ],
      "shouldPause": false
    },
    {
      "itemType": 26,
      "tilePositionOfsets": [
        6255,
        6155,
        6055
      ],
      "shouldPause": false
    },
    {
      "itemType": 26,
      "tilePositionOfsets": [
        6354
      ],
      "shouldPause": false
    },
    {
      "itemType": 26,
      "tilePositionOfsets": [
        6728
      ],
      "shouldPause": false
    },
    {
      "itemType": 26,
      "tilePositionOfsets": [
        6829
      ],
      "shouldPause": false
    },
    {
      "itemType": 26,
      "tilePositionOfsets": [
        7638,
        7537,
        7436,
        7335,
        7234,
        7133,
        7032,
        6931,
        6830
      ],
      "shouldPause": false
    },
    {
      "itemType": 26,
      "tilePositionOfsets": [
        6764
      ],
      "shouldPause": false
    },
    {
      "itemType": 26,
      "tilePositionOfsets": [
        6863
      ],
      "shouldPause": false
    },
    {
      "itemType": 26,
      "tilePositionOfsets": [
        7654,
        7555,
        7456,
        7357,
        7258,
        7159,
        7060,
        6961,
        6862
      ],
      "shouldPause": false
    },
    {
      "itemType": 26,
      "tilePositionOfsets": [
        7639,
        7640,
        7641,
        7642,
        7643,
        7644,
        7645,
        7646,
        7647,
        7648,
        7649,
        7650,
        7651,
        7652,
        7653
      ],
      "shouldPause": false
    },
    {
      "itemType": 106,
      "tilePositionOfsets": [
        4621,
        4622,
        4623,
        4520,
        4521,
        4522,
        4523,
        4420
      ],
      "shouldPause": false
    },
    {
      "itemType": 105,
      "tilePositionOfsets": [
        3973
      ],
      "shouldPause": false
    },
    {
      "itemType": 105,
      "tilePositionOfsets": [
        3344
      ],
      "shouldPause": false
    },
    {
      "itemType": 105,
      "tilePositionOfsets": [
        3915
      ],
      "shouldPause": false
    },
    {
      "itemType": 106,
      "tilePositionOfsets": [
        4374,
        4375,
        4274,
        4275,
        4174,
        4175,
        4176,
        4074,
        4075,
        4076,
        4077
      ],
      "shouldPause": false
    },
    {
      "itemType": 106,
      "tilePositionOfsets": [
        3477
      ],
      "shouldPause": false
    },
    {
      "itemType": 106,
      "tilePositionOfsets": [
        3049,
        3050,
        3051,
        2949,
        2950
      ],
      "shouldPause": false
    },
    {
      "itemType": 106,
      "tilePositionOfsets": [
        3042,
        3043,
        2943
      ],
      "shouldPause": false
    },
    {
      "itemType": 106,
      "tilePositionOfsets": [
        3415
      ],
      "shouldPause": false
    },
    {
      "itemType": 106,
      "tilePositionOfsets": [
        4318,
        4319,
        4217,
        4218,
        4116,
        4117,
        4015,
        4016,
        4017
      ],
      "shouldPause": false
    },
    {
      "itemType": 106,
      "tilePositionOfsets": [
        6741,
        6742,
        6743,
        6744,
        6745,
        6746,
        6747,
        6639,
        6640,
        6641,
        6642,
        6643,
        6644,
        6645,
        6646,
        6647,
        6648,
        6649,
        6650,
        6651,
        6652,
        6538,
        6539,
        6540,
        6541,
        6542,
        6543,
        6544,
        6545,
        6546,
        6547,
        6548,
        6549,
        6550,
        6551,
        6552,
        6553,
        6554,
        6437,
        6438,
        6439,
        6440,
        6441,
        6451,
        6452,
        6453,
        6454,
        6455,
        6456,
        6336,
        6337,
        6339,
        6340,
        6353,
        6355,
        6356,
        6236,
        6256,
        6135,
        6136,
        6156,
        6035,
        6036,
        6056,
        6057,
        5935,
        5936,
        5956,
        5957,
        5958,
        5959,
        5960,
        5962,
        5963,
        5834,
        5835,
        5836,
        5856,
        5857,
        5858,
        5859,
        5860,
        5861,
        5862,
        5863,
        5734,
        5735,
        5736,
        5756,
        5757,
        5758,
        5759,
        5760,
        5761,
        5762,
        5763,
        5626,
        5634,
        5635,
        5657,
        5658,
        5659,
        5660,
        5661,
        5662,
        5663,
        5664,
        5665,
        5524,
        5525,
        5526,
        5527,
        5528,
        5529,
        5530,
        5531,
        5532,
        5533,
        5534,
        5558,
        5559,
        5560,
        5561,
        5562,
        5563,
        5564,
        5565,
        5566,
        5567,
        5424,
        5425,
        5426,
        5427,
        5428,
        5429,
        5430,
        5431,
        5432,
        5433,
        5459,
        5460,
        5461,
        5462,
        5463,
        5464,
        5465,
        5466,
        5467,
        5324,
        5325,
        5367,
        5224,
        5225,
        5267,
        5268,
        5124,
        5125,
        5167,
        5168,
        5169,
        5024,
        5025,
        5067,
        5068,
        5069,
        4924,
        4925,
        4967,
        4968,
        4969,
        4824,
        4825,
        4867,
        4868,
        4869,
        4724,
        4725,
        4767,
        4768,
        4769,
        4624,
        4625,
        4667,
        4668,
        4669,
        4524,
        4568,
        4569,
        4421,
        4422,
        4423,
        4469,
        4470,
        4471,
        4472,
        4473,
        4320,
        4321,
        4322,
        4370,
        4371,
        4372,
        4373,
        4219,
        4220,
        4221,
        4271,
        4272,
        4273,
        4118,
        4119,
        4120,
        4172,
        4173,
        4018,
        4019,
        4073,
        3416,
        3417,
        3418,
        3474,
        3475,
        3476,
        3317,
        3318,
        3319,
        3325,
        3326,
        3327,
        3328,
        3329,
        3330,
        3331,
        3332,
        3333,
        3334,
        3335,
        3336,
        3337,
        3338,
        3339,
        3340,
        3341,
        3342,
        3343,
        3349,
        3350,
        3351,
        3352,
        3353,
        3354,
        3355,
        3356,
        3357,
        3358,
        3359,
        3360,
        3361,
        3362,
        3363,
        3364,
        3365,
        3366,
        3367,
        3373,
        3374,
        3375,
        3376,
        3219,
        3220,
        3221,
        3222,
        3223,
        3224,
        3225,
        3226,
        3227,
        3228,
        3229,
        3230,
        3231,
        3232,
        3233,
        3234,
        3235,
        3236,
        3237,
        3238,
        3239,
        3240,
        3241,
        3242,
        3243,
        3249,
        3250,
        3251,
        3252,
        3253,
        3254,
        3255,
        3256,
        3257,
        3258,
        3259,
        3260,
        3261,
        3262,
        3263,
        3264,
        3265,
        3266,
        3267,
        3268,
        3269,
        3270,
        3271,
        3272,
        3273,
        3274,
        3275,
        3276,
        3119,
        3120,
        3121,
        3122,
        3123,
        3124,
        3131,
        3132,
        3133,
        3134,
        3135,
        3136,
        3137,
        3138,
        3139,
        3142,
        3143,
        3149,
        3150,
        3151,
        3152,
        3153,
        3156,
        3157,
        3158,
        3163,
        3164,
        3165,
        3167,
        3168,
        3169,
        3170,
        3171,
        3172,
        3173,
        3174,
        3031,
        3032,
        3033,
        3034
      ],
      "shouldPause": false
    },
    {
      "itemType": 98,
      "tilePositionOfsets": [
        7044
      ],
      "shouldPause": false
    },
    {
      "itemType": 98,
      "tilePositionOfsets": [
        6846
      ],
      "shouldPause": false
    },
    {
      "itemType": 98,
      "tilePositionOfsets": [
        6851
      ],
      "shouldPause": false
    },
    {
      "itemType": 98,
      "tilePositionOfsets": [
        6159
      ],
      "shouldPause": false
    },
    {
      "itemType": 98,
      "tilePositionOfsets": [
        6162
      ],
      "shouldPause": false
    },
    {
      "itemType": 98,
      "tilePositionOfsets": [
        6536
      ],
      "shouldPause": false
    },
    {
      "itemType": 98,
      "tilePositionOfsets": [
        6519
      ],
      "shouldPause": false
    },
    {
      "itemType": 98,
      "tilePositionOfsets": [
        7462
      ],
      "shouldPause": false
    },
    {
      "itemType": 98,
      "tilePositionOfsets": [
        6872
      ],
      "shouldPause": false
    },
    {
      "itemType": 98,
      "tilePositionOfsets": [
        5374
      ],
      "shouldPause": false
    },
    {
      "itemType": 98,
      "tilePositionOfsets": [
        4575
      ],
      "shouldPause": false
    },
    {
      "itemType": 98,
      "tilePositionOfsets": [
        5317
      ],
      "shouldPause": false
    },
    {
      "itemType": 98,
      "tilePositionOfsets": [
        3713
      ],
      "shouldPause": false
    },
    {
      "itemType": 98,
      "tilePositionOfsets": [
        3979
      ],
      "shouldPause": false
    },
    {
      "itemType": 98,
      "tilePositionOfsets": [
        2744
      ],
      "shouldPause": false
    },
    {
      "itemType": 50,
      "tilePositionOfsets": [
        3926
      ],
      "shouldPause": true
    },
    {
      "itemType": 50,
      "tilePositionOfsets": [
        2747
      ],
      "shouldPause": false
    },
    {
      "itemType": 83,
      "tilePositionOfsets": [
        2932
      ],
      "shouldPause": false
    },
    {
      "itemType": 85,
      "tilePositionOfsets": [
        3060
      ],
      "shouldPause": false
    },
    {
      "itemType": 84,
      "tilePositionOfsets": [
        2928
      ],
      "shouldPause": false
    },
    {
      "itemType": 65,
      "tilePositionOfsets": [
        7323
      ],
      "shouldPause": false
    },
    {
      "itemType": 330,
      "tilePositionOfsets": [
        4617
      ],
      "shouldPause": false
    },
    {
      "itemType": 330,
      "tilePositionOfsets": [
        5672
      ],
      "shouldPause": false
    }
  ],
  "miscItems": [
    {
      "positionOfset": 7241,
      "itemType": 2,
      "number": 0
    },
    {
      "positionOfset": 7252,
      "itemType": 2,
      "number": 1
    },
    {
      "positionOfset": 7946,
      "itemType": 4,
      "number": 0
    },
    {
      "positionOfset": 7231,
      "itemType": 4,
      "number": 1
    },
    {
      "positionOfset": 7261,
      "itemType": 4,
      "number": 2
    },
    {
      "positionOfset": 3722,
      "itemType": 6,
      "number": 0
    },
    {
      "positionOfset": 3633,
      "itemType": 6,
      "number": 1
    },
    {
      "positionOfset": 3646,
      "itemType": 6,
      "number": 2
    },
    {
      "positionOfset": 3658,
      "itemType": 6,
      "number": 3
    },
    {
      "positionOfset": 3670,
      "itemType": 6,
      "number": 4
    },
    {
      "positionOfset": 4830,
      "itemType": 6,
      "number": 5
    },
    {
      "positionOfset": 4962,
      "itemType": 6,
      "number": 6
    },
    {
      "positionOfset": 7546,
      "itemType": 6,
      "number": 7
    },
    {
      "positionOfset": 6431,
      "itemType": 7,
      "number": 0
    },
    {
      "positionOfset": 7439,
      "itemType": 7,
      "number": 1
    },
    {
      "positionOfset": 7450,
      "itemType": 7,
      "number": 2
    },
    {
      "positionOfset": 6461,
      "itemType": 7,
      "number": 3
    },
    {
      "positionOfset": 6140,
      "itemType": 7,
      "number": 4
    },
    {
      "positionOfset": 6151,
      "itemType": 7,
      "number": 5
    },
    {
      "positionOfset": 5029,
      "itemType": 7,
      "number": 6
    },
    {
      "positionOfset": 5163,
      "itemType": 7,
      "number": 7
    }
  ]
}