{
  "pauseDelayAmount": 100,
  "frames": [
    {
      "itemType": 61,
      "tilePositionOfsets": [
        5643
      ],
      "shouldPause": false
    },
    {
      "itemType": 80,
      "tilePositionOfsets": [
        5070
      ],
      "shouldPause": false
    },
    {
      "itemType": 77,
      "tilePositionOfsets": [
        4124
      ],
      "shouldPause": false
    },
    {
      "itemType": 81,
      "tilePositionOfsets": [
        6838
      ],
      "shouldPause": false
    },
    {
      "itemType": 87,
      "tilePositionOfsets": [
        5124
      ],
      "shouldPause": false
    },
    {
      "itemType": 52,
      "tilePositionOfsets": [
        5455
      ],
      "shouldPause": false
    },
    {
      "itemType": 52,
      "tilePositionOfsets": [
        5950
      ],
      "shouldPause": false
    },
    {
      "itemType": 52,
      "tilePositionOfsets": [
        5955
      ],
      "shouldPause": false
    },
    {
      "itemType": 54,
      "tilePositionOfsets": [
        5278
      ],
      "shouldPause": false
    },
    {
      "itemType": 54,
      "tilePositionOfsets": [
        5311
      ],
      "shouldPause": false
    },
    {
      "itemType": 76,
      "tilePositionOfsets": [
        6164
      ],
      "shouldPause": false
    },
    {
      "itemType": 54,
      "tilePositionOfsets": [
        4910
      ],
      "shouldPause": false
    },
    {
      "itemType": 54,
      "tilePositionOfsets": [
        4878
      ],
      "shouldPause": false
    },
    {
      "itemType": 80,
      "tilePositionOfsets": [
        4670
      ],
      "shouldPause": false
    },
    {
      "itemType": 96,
      "tilePositionOfsets": [
        6125
      ],
      "shouldPause": false
    },
    {
      "itemType": 95,
      "tilePositionOfsets": [
        6234
      ],
      "shouldPause": false
    },
    {
      "itemType": 50,
      "tilePositionOfsets": [
        6851
      ],
      "shouldPause": false
    },
    {
      "itemType": 85,
      "tilePositionOfsets": [
        6847
      ],
      "shouldPause": false
    },
    {
      "itemType": 54,
      "tilePositionOfsets": [
        4478
      ],
      "shouldPause": false
    },
    {
      "itemType": 54,
      "tilePositionOfsets": [
        5911
      ],
      "shouldPause": false
    },
    {
      "itemType": 54,
      "tilePositionOfsets": [
        5878
      ],
      "shouldPause": false
    },
    {
      "itemType": 83,
      "tilePositionOfsets": [
        6160
      ],
      "shouldPause": false
    },
    {
      "itemType": 81,
      "tilePositionOfsets": [
        6842
      ],
      "shouldPause": false
    },
    {
      "itemType": 54,
      "tilePositionOfsets": [
        4511
      ],
      "shouldPause": false
    },
    {
      "itemType": 84,
      "tilePositionOfsets": [
        6341
      ],
      "shouldPause": false
    },
    {
      "itemType": 92,
      "tilePositionOfsets": [
        5534
      ],
      "shouldPause": false
    },
    {
      "itemType": 330,
      "tilePositionOfsets": [
        6350
      ],
      "shouldPause": false
    },
    {
      "itemType": 112,
      "tilePositionOfsets": [
        4169
      ],
      "shouldPause": false
    },
    {
      "itemType": 112,
      "tilePositionOfsets": [
        4119
      ],
      "shouldPause": false
    },
    {
      "itemType": 112,
      "tilePositionOfsets": [
        5519
      ],
      "shouldPause": false
    },
    {
      "itemType": 112,
      "tilePositionOfsets": [
        5569
      ],
      "shouldPause": false
    },
    {
      "itemType": 112,
      "tilePositionOfsets": [
        6833
      ],
      "shouldPause": false
    },
    {
      "itemType": 112,
      "tilePositionOfsets": [
        6855
      ],
      "shouldPause": false
    },
    {
      "itemType": 25,
      "tilePositionOfsets": [
        6933,
        6934,
        6935,
        6936,
        6937,
        6938,
        6939,
        6940,
        6941,
        6942,
        6943,
        6944,
        6945,
        6946,
        6947,
        6948,
        6949,
        6950,
        6951,
        6952,
        6953,
        6954,
        6955,
        6956,
        6957,
        6958,
        6959
      ],
      "shouldPause": false
    },
    {
      "itemType": 25,
      "tilePositionOfsets": [
        6861,
        6762,
        6663,
        6564,
        6465,
        6366,
        6267,
        6168,
        6069,
        5970,
        5871,
        5772,
        5673
      ],
      "shouldPause": false
    },
    {
      "itemType": 25,
      "tilePositionOfsets": [
        6831,
        6730,
        6629,
        6528,
        6427,
        6326,
        6225,
        6124,
        6023,
        5922,
        5821,
        5720,
        5619
      ],
      "shouldPause": false
    },
    {
      "itemType": 25,
      "tilePositionOfsets": [
        5574,
        5474,
        5374,
        5274,
        5174,
        5074,
        4974,
        4874,
        4774,
        4674,
        4574,
        4474,
        4374,
        4274,
        4174,
        4074,
        3974,
        3874,
        3774
      ],
      "shouldPause": false
    },
    {
      "itemType": 25,
      "tilePositionOfsets": [
        5518,
        5418,
        5318,
        5218,
        5118,
        5018,
        4918,
        4818,
        4718,
        4618,
        4518,
        4418,
        4318,
        4218,
        4118,
        4018,
        3918,
        3818,
        3718
      ],
      "shouldPause": false
    },
    {
      "itemType": 25,
      "tilePositionOfsets": [
        8245,
        8144,
        8043,
        6932
      ],
      "shouldPause": false
    },
    {
      "itemType": 25,
      "tilePositionOfsets": [
        8346,
        8247,
        8148,
        8049,
        6960
      ],
      "shouldPause": false
    },
    {
      "itemType": 112,
      "tilePositionOfsets": [
        8844
      ],
      "shouldPause": false
    },
    {
      "itemType": 113,
      "tilePositionOfsets": [
        7937
      ],
      "shouldPause": false
    },
    {
      "itemType": 113,
      "tilePositionOfsets": [
        7950
      ],
      "shouldPause": false
    },
    {
      "itemType": 144,
      "tilePositionOfsets": [
        7844
      ],
      "shouldPause": false
    },
    {
      "itemType": 25,
      "tilePositionOfsets": [
        7643
      ],
      "shouldPause": false
    },
    {
      "itemType": 25,
      "tilePositionOfsets": [
        7649
      ],
      "shouldPause": false
    },
    {
      "itemType": 25,
      "tilePositionOfsets": [
        3619,
        3620,
        3621,
        3622,
        3623,
        3624,
        3625,
        3626,
        3627,
        3628,
        3629,
        3630,
        3631,
        3632,
        3633,
        3634,
        3635,
        3636,
        3637,
        3638,
        3639,
        3640,
        3641,
        3642,
        3643,
        3649,
        3650,
        3651,
        3652,
        3653,
        3654,
        3655,
        3656,
        3657,
        3658,
        3659,
        3660,
        3661,
        3662,
        3663,
        3664,
        3665,
        3666,
        3667,
        3668,
        3669,
        3670,
        3671,
        3672,
        3673,
        3674
      ],
      "shouldPause": false
    },
    {
      "itemType": 185,
      "tilePositionOfsets": [
        6432
      ],
      "shouldPause": false
    },
    {
      "itemType": 184,
      "tilePositionOfsets": [
        6532
      ],
      "shouldPause": false
    },
    {
      "itemType": 183,
      "tilePositionOfsets": [
        6632
      ],
      "shouldPause": false
    },
    {
      "itemType": 182,
      "tilePositionOfsets": [
        6732
      ],
      "shouldPause": false
    },
    {
      "itemType": 181,
      "tilePositionOfsets": [
        6832
      ],
      "shouldPause": false
    },
    {
      "itemType": 185,
      "tilePositionOfsets": [
        6460
      ],
      "shouldPause": false
    },
    {
      "itemType": 184,
      "tilePositionOfsets": [
        6560
      ],
      "shouldPause": false
    },
    {
      "itemType": 183,
      "tilePositionOfsets": [
        6660
      ],
      "shouldPause": false
    },
    {
      "itemType": 182,
      "tilePositionOfsets": [
        6760
      ],
      "shouldPause": false
    },
    {
      "itemType": 181,
      "tilePositionOfsets": [
        6860
      ],
      "shouldPause": false
    },
    {
      "itemType": 65,
      "tilePositionOfsets": [
        4078
      ],
      "shouldPause": false
    },
    {
      "itemType": 88,
      "tilePositionOfsets": [
        4934
      ],
      "shouldPause": false
    },
    {
      "itemType": 93,
      "tilePositionOfsets": [
        4350
      ],
      "shouldPause": false
    },
    {
      "itemType": 342,
      "tilePositionOfsets": [
        5019
      ],
      "shouldPause": false
    },
    {
      "itemType": 54,
      "tilePositionOfsets": [
        4519
      ],
      "shouldPause": false
    },
    {
      "itemType": 54,
      "tilePositionOfsets": [
        4029
      ],
      "shouldPause": false
    },
    {
      "itemType": 76,
      "tilePositionOfsets": [
        5661
      ],
      "shouldPause": false
    },
    {
      "itemType": 50,
      "tilePositionOfsets": [
        5061
      ],
      "shouldPause": true
    },
    {
      "itemType": 92,
      "tilePositionOfsets": [
        4164
      ],
      "shouldPause": false
    },
    {
      "itemType": 84,
      "tilePositionOfsets": [
        4851
      ],
      "shouldPause": false
    },
    {
      "itemType": 83,
      "tilePositionOfsets": [
        4856
      ],
      "shouldPause": false
    },
    {
      "itemType": 85,
      "tilePositionOfsets": [
        4561
      ],
      "shouldPause": false
    },
    {
      "itemType": 26,
      "tilePositionOfsets": [
        8345,
        8244,
        8143,
        8042
      ],
      "shouldPause": false
    },
    {
      "itemType": 26,
      "tilePositionOfsets": [
        8347,
        8248,
        8149,
        8050
      ],
      "shouldPause": false
    },
    {
      "itemType": 26,
      "tilePositionOfsets": [
        7549
      ],
      "shouldPause": false
    },
    {
      "itemType": 26,
      "tilePositionOfsets": [
        7543
      ],
      "shouldPause": false
    },
    {
      "itemType": 26,
      "tilePositionOfsets": [
        7032,
        7033,
        7034,
        7035,
        7036,
        7037,
        7038,
        7039,
        7040,
        7041,
        7042,
        7043,
        7044,
        7045,
        7046,
        7047,
        7048,
        7049,
        7050,
        7051,
        7052,
        7053,
        7054,
        7055,
        7056,
        7057,
        7058,
        7059,
        7060
      ],
      "shouldPause": false
    },
    {
      "itemType": 26,
      "tilePositionOfsets": [
        6961,
        6862,
        6763,
        6664,
        6565,
        6466,
        6367,
        6268,
        6169,
        6070,
        5971,
        5872,
        5773,
        5674,
        5575
      ],
      "shouldPause": false
    },
    {
      "itemType": 26,
      "tilePositionOfsets": [
        6931,
        6830,
        6729,
        6628,
        6527,
        6426,
        6325,
        6224,
        6123,
        6022,
        5921,
        5820,
        5719,
        5618,
        5517
      ],
      "shouldPause": false
    },
    {
      "itemType": 25,
      "tilePositionOfsets": [
        3618
      ],
      "shouldPause": false
    },
    {
      "itemType": 144,
      "tilePositionOfsets": [
        3844
      ],
      "shouldPause": false
    },
    {
      "itemType": 105,
      "tilePositionOfsets": [
        3344
      ],
      "shouldPause": false
    },
    {
      "itemType": 26,
      "tilePositionOfsets": [
        5417,
        5317,
        5217,
        5117,
        5017,
        4917,
        4817,
        4717,
        4617,
        4517,
        4417,
        4317,
        4217,
        4117,
        4017,
        3917,
        3817,
        3717,
        3617
      ],
      "shouldPause": false
    },
    {
      "itemType": 26,
      "tilePositionOfsets": [
        3517,
        3518,
        3519,
        3520,
        3521,
        3522,
        3523,
        3524,
        3525,
        3526,
        3527,
        3528,
        3529,
        3530,
        3531,
        3532,
        3533,
        3534,
        3535,
        3536,
        3537,
        3538,
        3539,
        3540,
        3541,
        3542,
        3543
      ],
      "shouldPause": false
    },
    {
      "itemType": 26,
      "tilePositionOfsets": [
        3549,
        3550,
        3551,
        3552,
        3553,
        3554,
        3555,
        3556,
        3557,
        3558,
        3559,
        3560,
        3561,
        3562,
        3563,
        3564,
        3565,
        3566,
        3567,
        3568,
        3569,
        3570,
        3571,
        3572,
        3573,
        3574
      ],
      "shouldPause": false
    },
    {
      "itemType": 26,
      "tilePositionOfsets": [
        5475,
        5375,
        5275,
        5175,
        5075,
        4975,
        4875,
        4775,
        4675,
        4575,
        4475,
        4375,
        4275,
        4175,
        4075,
        3975,
        3875,
        3775,
        3675,
        3575
      ],
      "shouldPause": false
    },
    {
      "itemType": 106,
      "tilePositionOfsets": [
        7232,
        7233,
        7234,
        7235,
        7236,
        7237,
        7238,
        7239,
        7240,
        7241,
        7242,
        7243,
        7244,
        7245,
        7246,
        7247,
        7248,
        7249,
        7250,
        7251,
        7252,
        7253,
        7254,
        7255,
        7256,
        7257,
        7258,
        7259,
        7260,
        7261,
        7130,
        7131,
        7132,
        7133,
        7134,
        7135,
        7136,
        7137,
        7138,
        7139,
        7140,
        7141,
        7142,
        7143,
        7144,
        7145,
        7146,
        7147,
        7148,
        7149,
        7150,
        7151,
        7152,
        7153,
        7154,
        7155,
        7156,
        7157,
        7158,
        7159,
        7160,
        7161,
        7162,
        7029,
        7030,
        7031,
        7061,
        7062,
        7063,
        6928,
        6929,
        6930,
        6962,
        6963,
        6964,
        6827,
        6828,
        6829,
        6863,
        6864,
        6865,
        6726,
        6727,
        6728,
        6764,
        6765,
        6766,
        6625,
        6626,
        6627,
        6665,
        6666,
        6667,
        6523,
        6524,
        6525,
        6526,
        6566,
        6567,
        6568,
        6422,
        6423,
        6424,
        6425,
        6467,
        6468,
        6469,
        6321,
        6322,
        6323,
        6324,
        6368,
        6369,
        6370,
        6220,
        6221,
        6222,
        6223,
        6269,
        6270,
        6271,
        6119,
        6120,
        6121,
        6122,
        6170,
        6171,
        6172,
        6018,
        6019,
        6020,
        6021,
        6071,
        6072,
        6073,
        5917,
        5918,
        5919,
        5920,
        5972,
        5973,
        5974,
        5816,
        5817,
        5818,
        5819,
        5873,
        5874,
        5875,
        5715,
        5716,
        5717,
        5718,
        5774,
        5775,
        5776,
        5777,
        5615,
        5616,
        5617,
        5675,
        5676,
        5677,
        5515,
        5516,
        5576,
        5577,
        5415,
        5416,
        5476,
        5477,
        5315,
        5316,
        5376,
        5377,
        5215,
        5216,
        5276,
        5277,
        5115,
        5116,
        5176,
        5177,
        5015,
        5016,
        5076,
        5077,
        4915,
        4916,
        4976,
        4977,
        4814,
        4815,
        4816,
        4876,
        4877,
        4714,
        4715,
        4716,
        4776,
        4777,
        4614,
        4615,
        4616,
        4676,
        4677,
        4515,
        4516,
        4576,
        4577,
        4415,
        4416,
        4476,
        4477,
        4316,
        4376,
        4377,
        4215,
        4216,
        4276,
        4277,
        4115,
        4116,
        4176,
        4177,
        4016,
        4076,
        4077,
        3914,
        3915,
        3916,
        3976,
        3977,
        3814,
        3815,
        3816,
        3876,
        3877,
        3714,
        3715,
        3716,
        3776,
        3777,
        3614,
        3615,
        3616,
        3676,
        3677,
        3514,
        3515,
        3516,
        3576,
        3577,
        3414,
        3415,
        3416,
        3417,
        3418,
        3419,
        3420,
        3421,
        3422,
        3423,
        3424,
        3425,
        3426,
        3427,
        3428,
        3429,
        3430,
        3431,
        3432,
        3433,
        3434,
        3435,
        3436,
        3437,
        3438,
        3439,
        3440,
        3441,
        3442,
        3443,
        3449,
        3450,
        3451,
        3452,
        3453,
        3454,
        3455,
        3456,
        3457,
        3458,
        3459,
        3460,
        3461,
        3462,
        3463,
        3464,
        3465,
        3466,
        3467,
        3468,
        3469,
        3470,
        3471,
        3472,
        3473,
        3474,
        3475,
        3476,
        3477,
        3316,
        3317,
        3318,
        3319,
        3320,
        3321,
        3322,
        3323,
        3324,
        3325,
        3326,
        3327,
        3328,
        3329,
        3330,
        3331,
        3332,
        3333,
        3334,
        3335,
        3336,
        3337,
        3338,
        3339,
        3340,
        3341,
        3342,
        3343,
        3349,
        3350,
        3351,
        3352,
        3353,
        3354,
        3355,
        3356,
        3357,
        3358,
        3359,
        3360,
        3361,
        3362,
        3363,
        3364,
        3365,
        3366,
        3367,
        3368,
        3369,
        3370,
        3371,
        3372,
        3373,
        3374,
        3375,
        3376,
        3377,
        3219,
        3220,
        3221,
        3222,
        3237,
        3238,
        3240,
        3241,
        3242,
        3243,
        3249,
        3250,
        3251,
        3252,
        3269,
        3270,
        3271,
        3141,
        3142,
        3143,
        3149,
        3150
      ],
      "shouldPause": false
    },
    {
      "itemType": 50,
      "tilePositionOfsets": [
        6345
      ],
      "shouldPause": false
    },
    {
      "itemType": 76,
      "tilePositionOfsets": [
        5065
      ],
      "shouldPause": true
    },
    {
      "itemType": 342,
      "tilePositionOfsets": [
        5665
      ],
      "shouldPause": false
    },
    {
      "itemType": 54,
      "tilePositionOfsets": [
        4839
      ],
      "shouldPause": false
    },
    {
      "itemType": 342,
      "tilePositionOfsets": [
        4339
      ],
      "shouldPause": false
    },
    {
      "itemType": 330,
      "tilePositionOfsets": [
        5440
      ],
      "shouldPause": false
    },
    {
      "itemType": 76,
      "tilePositionOfsets": [
        4058
      ],
      "shouldPause": false
    },
    {
      "itemType": 98,
      "tilePositionOfsets": [
        7347
      ],
      "shouldPause": false
    },
    {
      "itemType": 98,
      "tilePositionOfsets": [
        7348
      ],
      "shouldPause": false
    },
    {
      "itemType": 98,
      "tilePositionOfsets": [
        7353
      ],
      "shouldPause": false
    },
    {
      "itemType": 98,
      "tilePositionOfsets": [
        7338
      ],
      "shouldPause": false
    },
    {
      "itemType": 98,
      "tilePositionOfsets": [
        7341
      ],
      "shouldPause": false
    },
    {
      "itemType": 98,
      "tilePositionOfsets": [
        5513
      ],
      "shouldPause": false
    },
    {
      "itemType": 98,
      "tilePositionOfsets": [
        5510
      ],
      "shouldPause": false
    },
    {
      "itemType": 98,
      "tilePositionOfsets": [
        5479
      ],
      "shouldPause": false
    },
    {
      "itemType": 98,
      "tilePositionOfsets": [
        4583
      ],
      "shouldPause": false
    },
    {
      "itemType": 98,
      "tilePositionOfsets": [
        4184
      ],
      "shouldPause": false
    },
    {
      "itemType": 98,
      "tilePositionOfsets": [
        3684
      ],
      "shouldPause": false
    },
    {
      "itemType": 98,
      "tilePositionOfsets": [
        3051
      ],
      "shouldPause": false
    },
    {
      "itemType": 98,
      "tilePositionOfsets": [
        3055
      ],
      "shouldPause": false
    },
    {
      "itemType": 98,
      "tilePositionOfsets": [
        3036
      ],
      "shouldPause": false
    },
    {
      "itemType": 98,
      "tilePositionOfsets": [
        3041
      ],
      "shouldPause": false
    },
    {
      "itemType": 98,
      "tilePositionOfsets": [
        3945
      ],
      "shouldPause": false
    },
    {
      "itemType": 98,
      "tilePositionOfsets": [
        4047
      ],
      "shouldPause": false
    },
    {
      "itemType": 98,
      "tilePositionOfsets": [
        3940
      ],
      "shouldPause": false
    },
    {
      "itemType": 98,
      "tilePositionOfsets": [
        4258
      ],
      "shouldPause": false
    },
    {
      "itemType": 98,
      "tilePositionOfsets": [
        6256
      ],
      "shouldPause": false
    },
    {
      "itemType": 98,
      "tilePositionOfsets": [
        4467
      ],
      "shouldPause": false
    },
    {
      "itemType": 98,
      "tilePositionOfsets": [
        3835
      ],
      "shouldPause": false
    },
    {
      "itemType": 98,
      "tilePositionOfsets": [
        6430
      ],
      "shouldPause": false
    },
    {
      "itemType": 98,
      "tilePositionOfsets": [
        5722
      ],
      "shouldPause": false
    },
    {
      "itemType": 98,
      "tilePositionOfsets": [
        4608
      ],
      "shouldPause": false
    },
    {
      "itemType": 98,
      "tilePositionOfsets": [
        3908
      ],
      "shouldPause": false
    },
    {
      "itemType": 98,
      "tilePositionOfsets": [
        3180
      ],
      "shouldPause": false
    },
    {
      "itemType": 98,
      "tilePositionOfsets": [
        5842
      ],
      "shouldPause": false
    }
  ],
  "miscItems": [
    {
      "positionOfset": 7739,
      "itemType": 2,
      "number": 0
    },
    {
      "positionOfset": 7753,
      "itemType": 2,
      "number": 1
    },
    {
      "positionOfset": 8239,
      "itemType": 4,
      "number": 0
    },
    {
      "positionOfset": 8253,
      "itemType": 4,
      "number": 1
    },
    {
      "positionOfset": 3921,
      "itemType": 6,
      "number": 0
    },
    {
      "positionOfset": 3646,
      "itemType": 6,
      "number": 1
    },
    {
      "positionOfset": 3871,
      "itemType": 6,
      "number": 2
    },
    {
      "positionOfset": 5221,
      "itemType": 6,
      "number": 3
    },
    {
      "positionOfset": 5371,
      "itemType": 6,
      "number": 4
    },
    {
      "positionOfset": 6734,
      "itemType": 6,
      "number": 5
    },
    {
      "positionOfset": 6658,
      "itemType": 6,
      "number": 6
    },
    {
      "positionOfset": 8746,
      "itemType": 6,
      "number": 7
    },
    {
      "positionOfset": 8546,
      "itemType": 7,
      "number": 0
    },
    {
      "positionOfset": 7640,
      "itemType": 7,
      "number": 1
    },
    {
      "positionOfset": 7654,
      "itemType": 7,
      "number": 2
    },
    {
      "positionOfset": 6636,
      "itemType": 7,
      "number": 3
    },
    {
      "positionOfset": 6756,
      "itemType": 7,
      "number": 4
    },
    {
      "positionOfset": 6656,
      "itemType": 7,
      "number": 5
    },
    {
      "positionOfset": 7646,
      "itemType": 7,
      "number": 6
    },
    {
      "positionOfset": 5420,
      "itemType": 7,
      "number": 7
    },
    {
      "positionOfset": 5472,
      "itemType": 7,
      "number": 8
    }
  ]
}