{
  "pauseDelayAmount": 100,
  "frames": [
    {
      "itemType": 61,
      "tilePositionOfsets": [
        5643
      ],
      "shouldPause": false
    },
    {
      "itemType": 80,
      "tilePositionOfsets": [
        6238
      ],
      "shouldPause": false
    },
    {
      "itemType": 77,
      "tilePositionOfsets": [
        2935
      ],
      "shouldPause": false
    },
    {
      "itemType": 81,
      "tilePositionOfsets": [
        4429
      ],
      "shouldPause": false
    },
    {
      "itemType": 52,
      "tilePositionOfsets": [
        4950
      ],
      "shouldPause": false
    },
    {
      "itemType": 52,
      "tilePositionOfsets": [
        4955
      ],
      "shouldPause": false
    },
    {
      "itemType": 52,
      "tilePositionOfsets": [
        5950
      ],
      "shouldPause": false
    },
    {
      "itemType": 87,
      "tilePositionOfsets": [
        3124
      ],
      "shouldPause": false
    },
    {
      "itemType": 54,
      "tilePositionOfsets": [
        2755
      ],
      "shouldPause": false
    },
    {
      "itemType": 54,
      "tilePositionOfsets": [
        6370
      ],
      "shouldPause": false
    },
    {
      "itemType": 54,
      "tilePositionOfsets": [
        5525
      ],
      "shouldPause": false
    },
    {
      "itemType": 81,
      "tilePositionOfsets": [
        4533
      ],
      "shouldPause": false
    },
    {
      "itemType": 54,
      "tilePositionOfsets": [
        2759
      ],
      "shouldPause": false
    },
    {
      "itemType": 54,
      "tilePositionOfsets": [
        2763
      ],
      "shouldPause": false
    },
    {
      "itemType": 95,
      "tilePositionOfsets": [
        4737
      ],
      "shouldPause": false
    },
    {
      "itemType": 54,
      "tilePositionOfsets": [
        2767
      ],
      "shouldPause": false
    },
    {
      "itemType": 54,
      "tilePositionOfsets": [
        2771
      ],
      "shouldPause": false
    },
    {
      "itemType": 84,
      "tilePositionOfsets": [
        5836
      ],
      "shouldPause": false
    },
    {
      "itemType": 92,
      "tilePositionOfsets": [
        4030
      ],
      "shouldPause": false
    },
    {
      "itemType": 50,
      "tilePositionOfsets": [
        5032
      ],
      "shouldPause": false
    },
    {
      "itemType": 85,
      "tilePositionOfsets": [
        3956
      ],
      "shouldPause": false
    },
    {
      "itemType": 83,
      "tilePositionOfsets": [
        4460
      ],
      "shouldPause": false
    },
    {
      "itemType": 76,
      "tilePositionOfsets": [
        6549
      ],
      "shouldPause": false
    },
    {
      "itemType": 112,
      "tilePositionOfsets": [
        4037
      ],
      "shouldPause": false
    },
    {
      "itemType": 112,
      "tilePositionOfsets": [
        4025
      ],
      "shouldPause": false
    },
    {
      "itemType": 112,
      "tilePositionOfsets": [
        4051
      ],
      "shouldPause": false
    },
    {
      "itemType": 112,
      "tilePositionOfsets": [
        4063
      ],
      "shouldPause": false
    },
    {
      "itemType": 25,
      "tilePositionOfsets": [
        6237,
        6137,
        6036,
        5936,
        5835,
        5735,
        5634,
        5534,
        5433,
        5333,
        5232,
        5132,
        5031,
        4931,
        4830,
        4730,
        4629,
        4529,
        4428,
        4328,
        4227,
        4127
      ],
      "shouldPause": false
    },
    {
      "itemType": 25,
      "tilePositionOfsets": [
        6255,
        6155,
        6056,
        5956,
        5857,
        5757,
        5658,
        5558,
        5260,
        5160,
        5061,
        4961,
        4862,
        4762,
        4663,
        4563,
        4464,
        4364,
        4265,
        4165
      ],
      "shouldPause": false
    },
    {
      "itemType": 112,
      "tilePositionOfsets": [
        6735
      ],
      "shouldPause": false
    },
    {
      "itemType": 112,
      "tilePositionOfsets": [
        6753
      ],
      "shouldPause": false
    },
    {
      "itemType": 112,
      "tilePositionOfsets": [
        8244
      ],
      "shouldPause": false
    },
    {
      "itemType": 113,
      "tilePositionOfsets": [
        7648
      ],
      "shouldPause": false
    },
    {
      "itemType": 113,
      "tilePositionOfsets": [
        7639
      ],
      "shouldPause": false
    },
    {
      "itemType": 25,
      "tilePositionOfsets": [
        7741,
        7742,
        7743,
        7744,
        7745,
        7746,
        7747,
        7748,
        7749,
        7750,
        7751
      ],
      "shouldPause": false
    },
    {
      "itemType": 25,
      "tilePositionOfsets": [
        5459,
        5359
      ],
      "shouldPause": false
    },
    {
      "itemType": 25,
      "tilePositionOfsets": [
        6740,
        6741,
        6742,
        6743,
        6744,
        6745,
        6746,
        6747,
        6748,
        6749,
        6750,
        6751,
        6752
      ],
      "shouldPause": false
    },
    {
      "itemType": 181,
      "tilePositionOfsets": [
        7646
      ],
      "shouldPause": false
    },
    {
      "itemType": 182,
      "tilePositionOfsets": [
        7546
      ],
      "shouldPause": false
    },
    {
      "itemType": 183,
      "tilePositionOfsets": [
        7446
      ],
      "shouldPause": false
    },
    {
      "itemType": 184,
      "tilePositionOfsets": [
        7346
      ],
      "shouldPause": false
    },
    {
      "itemType": 185,
      "tilePositionOfsets": [
        7246
      ],
      "shouldPause": false
    },
    {
      "itemType": 25,
      "tilePositionOfsets": [
        3525,
        3526,
        3527,
        3528,
        3529,
        3530,
        3531,
        3532,
        3533,
        3534,
        3535,
        3536,
        3537,
        3538,
        3539,
        3540,
        3541,
        3542,
        3543
      ],
      "shouldPause": false
    },
    {
      "itemType": 25,
      "tilePositionOfsets": [
        3549,
        3550,
        3551,
        3552,
        3553,
        3554,
        3555,
        3556,
        3557,
        3558,
        3559,
        3560,
        3561,
        3562,
        3563,
        3564,
        3565,
        3566,
        3567
      ],
      "shouldPause": false
    },
    {
      "itemType": 185,
      "tilePositionOfsets": [
        6644
      ],
      "shouldPause": false
    },
    {
      "itemType": 184,
      "tilePositionOfsets": [
        6643
      ],
      "shouldPause": false
    },
    {
      "itemType": 183,
      "tilePositionOfsets": [
        6642
      ],
      "shouldPause": false
    },
    {
      "itemType": 182,
      "tilePositionOfsets": [
        6641
      ],
      "shouldPause": false
    },
    {
      "itemType": 181,
      "tilePositionOfsets": [
        6640
      ],
      "shouldPause": false
    },
    {
      "itemType": 185,
      "tilePositionOfsets": [
        6648
      ],
      "shouldPause": false
    },
    {
      "itemType": 184,
      "tilePositionOfsets": [
        6649
      ],
      "shouldPause": false
    },
    {
      "itemType": 183,
      "tilePositionOfsets": [
        6650
      ],
      "shouldPause": false
    },
    {
      "itemType": 182,
      "tilePositionOfsets": [
        6651
      ],
      "shouldPause": false
    },
    {
      "itemType": 181,
      "tilePositionOfsets": [
        6652
      ],
      "shouldPause": false
    },
    {
      "itemType": 65,
      "tilePositionOfsets": [
        7633
      ],
      "shouldPause": false
    },
    {
      "itemType": 88,
      "tilePositionOfsets": [
        6865
      ],
      "shouldPause": false
    },
    {
      "itemType": 93,
      "tilePositionOfsets": [
        6527
      ],
      "shouldPause": false
    },
    {
      "itemType": 342,
      "tilePositionOfsets": [
        4145
      ],
      "shouldPause": false
    },
    {
      "itemType": 54,
      "tilePositionOfsets": [
        5927
      ],
      "shouldPause": true
    },
    {
      "itemType": 54,
      "tilePositionOfsets": [
        6929
      ],
      "shouldPause": false
    },
    {
      "itemType": 54,
      "tilePositionOfsets": [
        5868
      ],
      "shouldPause": false
    },
    {
      "itemType": 144,
      "tilePositionOfsets": [
        3644
      ],
      "shouldPause": false
    },
    {
      "itemType": 105,
      "tilePositionOfsets": [
        3144
      ],
      "shouldPause": false
    },
    {
      "itemType": 26,
      "tilePositionOfsets": [
        7740
      ],
      "shouldPause": false
    },
    {
      "itemType": 26,
      "tilePositionOfsets": [
        7840,
        7841,
        7842,
        7843
      ],
      "shouldPause": false
    },
    {
      "itemType": 26,
      "tilePositionOfsets": [
        7849,
        7850,
        7851
      ],
      "shouldPause": false
    },
    {
      "itemType": 26,
      "tilePositionOfsets": [
        7852,
        7752
      ],
      "shouldPause": false
    },
    {
      "itemType": 26,
      "tilePositionOfsets": [
        6840,
        6841,
        6842,
        6843,
        6844,
        6845,
        6846,
        6847,
        6848,
        6849,
        6850,
        6851,
        6852
      ],
      "shouldPause": false
    },
    {
      "itemType": 26,
      "tilePositionOfsets": [
        6256,
        6156,
        6057,
        5957,
        5858,
        5758,
        5659,
        5559,
        5460,
        5360,
        5261,
        5161,
        5062,
        4962,
        4863,
        4763,
        4664,
        4564,
        4465,
        4365,
        4266,
        4166
      ],
      "shouldPause": false
    },
    {
      "itemType": 26,
      "tilePositionOfsets": [
        6236,
        6136,
        6035,
        5935,
        5834,
        5734,
        5633,
        5533,
        5432,
        5332,
        5231,
        5131,
        5030,
        4930,
        4829,
        4729,
        4628,
        4528,
        4427,
        4327,
        4226,
        4126
      ],
      "shouldPause": false
    },
    {
      "itemType": 26,
      "tilePositionOfsets": [
        3425,
        3426,
        3427,
        3428,
        3429,
        3430,
        3431,
        3432,
        3433,
        3434,
        3435,
        3436,
        3437,
        3438,
        3439,
        3440,
        3441,
        3442,
        3443
      ],
      "shouldPause": false
    },
    {
      "itemType": 26,
      "tilePositionOfsets": [
        3450,
        3451,
        3452,
        3453,
        3454,
        3455,
        3456,
        3457,
        3458,
        3459,
        3460,
        3461,
        3462,
        3463,
        3464,
        3465,
        3466,
        3467
      ],
      "shouldPause": false
    },
    {
      "itemType": 26,
      "tilePositionOfsets": [
        3568,
        3468
      ],
      "shouldPause": false
    },
    {
      "itemType": 26,
      "tilePositionOfsets": [
        3524,
        3424
      ],
      "shouldPause": false
    },
    {
      "itemType": 26,
      "tilePositionOfsets": [
        3449
      ],
      "shouldPause": false
    },
    {
      "itemType": 106,
      "tilePositionOfsets": [
        7038,
        7039,
        7040,
        7041,
        7042,
        7043,
        7044,
        7045,
        6933,
        6934,
        6935,
        6936,
        6937,
        6938,
        6939,
        6940,
        6941,
        6942,
        6943,
        6944,
        6945,
        6833,
        6834,
        6835,
        6836,
        6837,
        6838,
        6839,
        6733,
        6734,
        6633,
        6634,
        6533,
        6534,
        6433,
        6434,
        6333,
        6334,
        6233,
        6234,
        6235,
        6134,
        6135,
        6033,
        6034,
        5932,
        5933,
        5934,
        5832,
        5833,
        5731,
        5732,
        5733,
        5631,
        5632,
        5531,
        5532,
        5430,
        5431,
        5330,
        5331,
        5229,
        5230,
        5129,
        5130,
        5027,
        5028,
        5029,
        4927,
        4928,
        4929,
        4825,
        4826,
        4827,
        4828,
        4725,
        4726,
        4727,
        4728,
        4624,
        4625,
        4626,
        4627,
        4524,
        4525,
        4526,
        4527,
        4423,
        4424,
        4425,
        4426,
        4323,
        4324,
        4325,
        4326,
        4223,
        4224,
        4225,
        4123,
        4124,
        4125,
        4022,
        4023,
        4024,
        3922,
        3923,
        3924,
        3822,
        3823,
        3824,
        3722,
        3723,
        3724,
        3622,
        3623,
        3624,
        3521,
        3522,
        3523,
        3421,
        3422,
        3423,
        3321,
        3322,
        3323,
        3324,
        3325,
        3326,
        3327,
        3328,
        3329,
        3330,
        3331,
        3332,
        3333,
        3334,
        3335,
        3336,
        3337,
        3338,
        3339,
        3340,
        3341,
        3342,
        3343,
        3222,
        3223,
        3224,
        3225,
        3226,
        3227,
        3228,
        3229,
        3230,
        3231,
        3232,
        3233,
        3234,
        3235,
        3236,
        3237,
        3238,
        3239,
        3240,
        3241,
        3242,
        3243,
        3134,
        3135,
        3136,
        3137,
        3138,
        3139,
        3140,
        3141,
        3142,
        3143,
        3034,
        3035,
        3036,
        3037,
        3038,
        3039,
        3040,
        3041,
        3042,
        3043,
        2940,
        2941,
        2942,
        2943,
        2841,
        2842,
        2843,
        2742,
        2743
      ],
      "shouldPause": false
    },
    {
      "itemType": 106,
      "tilePositionOfsets": [
        7154,
        7155,
        7156,
        7157,
        7053,
        7054,
        7055,
        7056,
        7057,
        7058,
        7059,
        6957,
        6958,
        6959,
        6960,
        6859,
        6860,
        6861,
        6759,
        6760,
        6761,
        6762,
        6661,
        6662,
        6561,
        6562,
        6461,
        6462,
        6360,
        6361,
        6362,
        6260,
        6261,
        6160,
        6161,
        6060,
        6061,
        5960,
        5961,
        5860,
        5861,
        5862,
        5761,
        5762,
        5763,
        5662,
        5663,
        5664,
        5562,
        5563,
        5564,
        5565,
        5463,
        5464,
        5465,
        5364,
        5365,
        5265,
        5266,
        5165,
        5166,
        5065,
        5066,
        5067,
        4966,
        4967,
        4866,
        4867,
        4766,
        4767,
        4768,
        4667,
        4668,
        4669,
        4567,
        4568,
        4569,
        4468,
        4469,
        4470,
        4368,
        4369,
        4370,
        4269,
        4270,
        4169,
        4170,
        4171,
        4070,
        4071,
        3970,
        3971,
        3870,
        3871,
        3770,
        3771,
        3670,
        3671,
        3570,
        3571,
        3470,
        3471,
        3370,
        3371,
        3253,
        3254,
        3255,
        3256,
        3257,
        3269,
        3270,
        3271,
        3151,
        3152,
        3153,
        3154,
        3155,
        3156,
        3157,
        3158,
        3159,
        3160,
        3161,
        3162,
        3163,
        3164,
        3165,
        3166,
        3167,
        3168,
        3169,
        3170,
        3051,
        3052,
        3053,
        3057,
        3058,
        3059,
        3060,
        3061,
        3062,
        3063,
        3064,
        3065,
        3066,
        3067,
        3068,
        3069,
        2951,
        2952,
        2851,
        2852,
        2751,
        2752
      ],
      "shouldPause": false
    },
    {
      "itemType": 106,
      "tilePositionOfsets": [
        2650,
        2651,
        2652,
        2547,
        2548,
        2549,
        2550,
        2551,
        2552,
        2442,
        2443,
        2444,
        2445,
        2446,
        2447,
        2448,
        2449,
        2450,
        2451,
        2342,
        2343,
        2344,
        2345,
        2346,
        2347
      ],
      "shouldPause": false
    },
    {
      "itemType": 106,
      "tilePositionOfsets": [
        7654,
        7655,
        7554,
        7555,
        7454,
        7455,
        7456,
        7354,
        7355,
        7356,
        7357,
        7358,
        7254,
        7255,
        7256,
        7257,
        7258,
        7259,
        7260,
        7158,
        7159,
        7160,
        7161,
        7060,
        7061,
        7062,
        7063,
        6961,
        6962,
        6963,
        6862,
        6863,
        6864,
        6763,
        6764,
        6663,
        6664,
        6563,
        6564,
        6463,
        6464,
        6363,
        6364,
        6262,
        6263,
        6264,
        6162,
        6163,
        6164,
        6062,
        6063,
        6064,
        5962,
        5963,
        5964,
        5863,
        5864,
        5865,
        5764,
        5765,
        5766,
        5665,
        5666,
        5566,
        5567,
        5466,
        5467,
        5366,
        5367,
        5368,
        5267,
        5268,
        5269,
        5167,
        5168,
        5169,
        5068,
        5069,
        5070,
        4968,
        4969,
        4970,
        4868,
        4869,
        4870,
        4769,
        4770,
        4670,
        4671,
        4570,
        4571,
        4471,
        4472,
        4371,
        4372,
        4271,
        4272,
        4172,
        4072,
        3972,
        3973,
        3872,
        3873,
        3772,
        3773,
        3672,
        3673,
        3572,
        3573,
        3472,
        3473,
        3372,
        3373,
        3272,
        3273,
        3171,
        3172,
        3173,
        3054,
        3055,
        3056,
        3070,
        3071,
        3072,
        2953,
        2954,
        2955,
        2956,
        2957,
        2958,
        2959,
        2960,
        2961,
        2962,
        2963,
        2964,
        2965,
        2966,
        2967,
        2968,
        2969,
        2970,
        2971,
        2972,
        2853,
        2854,
        2855,
        2856,
        2857,
        2858,
        2859,
        2860,
        2861,
        2862,
        2863,
        2864,
        2865,
        2866,
        2867,
        2868,
        2869,
        2870,
        2871,
        2753,
        2754,
        2653,
        2654,
        2553,
        2554,
        2452,
        2453,
        2348,
        2349,
        2350
      ],
      "shouldPause": false
    },
    {
      "itemType": 50,
      "tilePositionOfsets": [
        5339
      ],
      "shouldPause": true
    },
    {
      "itemType": 85,
      "tilePositionOfsets": [
        6143
      ],
      "shouldPause": false
    },
    {
      "itemType": 50,
      "tilePositionOfsets": [
        2434
      ],
      "shouldPause": false
    },
    {
      "itemType": 83,
      "tilePositionOfsets": [
        2241
      ],
      "shouldPause": false
    },
    {
      "itemType": 84,
      "tilePositionOfsets": [
        2245
      ],
      "shouldPause": false
    },
    {
      "itemType": 330,
      "tilePositionOfsets": [
        5434
      ],
      "shouldPause": false
    },
    {
      "itemType": 98,
      "tilePositionOfsets": [
        7146
      ],
      "shouldPause": false
    },
    {
      "itemType": 98,
      "tilePositionOfsets": [
        7050
      ],
      "shouldPause": false
    },
    {
      "itemType": 98,
      "tilePositionOfsets": [
        6948
      ],
      "shouldPause": false
    },
    {
      "itemType": 98,
      "tilePositionOfsets": [
        7835
      ],
      "shouldPause": false
    },
    {
      "itemType": 98,
      "tilePositionOfsets": [
        6825
      ],
      "shouldPause": false
    },
    {
      "itemType": 98,
      "tilePositionOfsets": [
        6625
      ],
      "shouldPause": false
    },
    {
      "itemType": 98,
      "tilePositionOfsets": [
        6124
      ],
      "shouldPause": false
    },
    {
      "itemType": 98,
      "tilePositionOfsets": [
        7169
      ],
      "shouldPause": false
    },
    {
      "itemType": 98,
      "tilePositionOfsets": [
        6772
      ],
      "shouldPause": false
    },
    {
      "itemType": 98,
      "tilePositionOfsets": [
        5473
      ],
      "shouldPause": false
    },
    {
      "itemType": 98,
      "tilePositionOfsets": [
        2162
      ],
      "shouldPause": false
    },
    {
      "itemType": 98,
      "tilePositionOfsets": [
        2169
      ],
      "shouldPause": false
    },
    {
      "itemType": 98,
      "tilePositionOfsets": [
        2378
      ],
      "shouldPause": false
    },
    {
      "itemType": 98,
      "tilePositionOfsets": [
        2477
      ],
      "shouldPause": false
    },
    {
      "itemType": 98,
      "tilePositionOfsets": [
        2922
      ],
      "shouldPause": false
    },
    {
      "itemType": 98,
      "tilePositionOfsets": [
        2422
      ],
      "shouldPause": false
    },
    {
      "itemType": 98,
      "tilePositionOfsets": [
        2645
      ],
      "shouldPause": false
    },
    {
      "itemType": 98,
      "tilePositionOfsets": [
        2749
      ],
      "shouldPause": false
    },
    {
      "itemType": 98,
      "tilePositionOfsets": [
        3149
      ],
      "shouldPause": false
    },
    {
      "itemType": 98,
      "tilePositionOfsets": [
        2641
      ],
      "shouldPause": false
    },
    {
      "itemType": 98,
      "tilePositionOfsets": [
        2240
      ],
      "shouldPause": false
    },
    {
      "itemType": 98,
      "tilePositionOfsets": [
        2543
      ],
      "shouldPause": false
    }
  ],
  "miscItems": [
    {
      "positionOfset": 7442,
      "itemType": 2,
      "number": 0
    },
    {
      "positionOfset": 7350,
      "itemType": 2,
      "number": 1
    },
    {
      "positionOfset": 8141,
      "itemType": 4,
      "number": 0
    },
    {
      "positionOfset": 8150,
      "itemType": 4,
      "number": 1
    },
    {
      "positionOfset": 3827,
      "itemType": 6,
      "number": 0
    },
    {
      "positionOfset": 3839,
      "itemType": 6,
      "number": 1
    },
    {
      "positionOfset": 3445,
      "itemType": 6,
      "number": 2
    },
    {
      "positionOfset": 3853,
      "itemType": 6,
      "number": 3
    },
    {
      "positionOfset": 3864,
      "itemType": 6,
      "number": 4
    },
    {
      "positionOfset": 6537,
      "itemType": 6,
      "number": 5
    },
    {
      "positionOfset": 6554,
      "itemType": 6,
      "number": 6
    },
    {
      "positionOfset": 8146,
      "itemType": 6,
      "number": 7
    },
    {
      "positionOfset": 7946,
      "itemType": 7,
      "number": 0
    },
    {
      "positionOfset": 7540,
      "itemType": 7,
      "number": 1
    },
    {
      "positionOfset": 7548,
      "itemType": 7,
      "number": 2
    },
    {
      "positionOfset": 6635,
      "itemType": 7,
      "number": 3
    },
    {
      "positionOfset": 6755,
      "itemType": 7,
      "number": 4
    },
    {
      "positionOfset": 4026,
      "itemType": 7,
      "number": 5
    },
    {
      "positionOfset": 4066,
      "itemType": 7,
      "number": 6
    },
    {
      "positionOfset": 3547,
      "itemType": 7,
      "number": 7
    }
  ]
}