{
  "pauseDelayAmount": 100,
  "frames": [
    {
      "itemType": 61,
      "tilePositionOfsets": [
        5643
      ],
      "shouldPause": false
    },
    {
      "itemType": 80,
      "tilePositionOfsets": [
        5337
      ],
      "shouldPause": false
    },
    {
      "itemType": 77,
      "tilePositionOfsets": [
        5933
      ],
      "shouldPause": false
    },
    {
      "itemType": 52,
      "tilePositionOfsets": [
        5950
      ],
      "shouldPause": false
    },
    {
      "itemType": 52,
      "tilePositionOfsets": [
        5955
      ],
      "shouldPause": false
    },
    {
      "itemType": 54,
      "tilePositionOfsets": [
        4838
      ],
      "shouldPause": false
    },
    {
      "itemType": 54,
      "tilePositionOfsets": [
        4851
      ],
      "shouldPause": false
    },
    {
      "itemType": 54,
      "tilePositionOfsets": [
        4834
      ],
      "shouldPause": false
    },
    {
      "itemType": 54,
      "tilePositionOfsets": [
        4438
      ],
      "shouldPause": false
    },
    {
      "itemType": 54,
      "tilePositionOfsets": [
        4451
      ],
      "shouldPause": false
    },
    {
      "itemType": 54,
      "tilePositionOfsets": [
        4855
      ],
      "shouldPause": false
    },
    {
      "itemType": 50,
      "tilePositionOfsets": [
        5961
      ],
      "shouldPause": false
    },
    {
      "itemType": 50,
      "tilePositionOfsets": [
        5928
      ],
      "shouldPause": false
    },
    {
      "itemType": 84,
      "tilePositionOfsets": [
        5965
      ],
      "shouldPause": false
    },
    {
      "itemType": 83,
      "tilePositionOfsets": [
        5924
      ],
      "shouldPause": false
    },
    {
      "itemType": 81,
      "tilePositionOfsets": [
        5938
      ],
      "shouldPause": false
    },
    {
      "itemType": 87,
      "tilePositionOfsets": [
        4164
      ],
      "shouldPause": false
    },
    {
      "itemType": 76,
      "tilePositionOfsets": [
        5969
      ],
      "shouldPause": false
    },
    {
      "itemType": 76,
      "tilePositionOfsets": [
        5920
      ],
      "shouldPause": false
    },
    {
      "itemType": 92,
      "tilePositionOfsets": [
        4716
      ],
      "shouldPause": false
    },
    {
      "itemType": 65,
      "tilePositionOfsets": [
        5422
      ],
      "shouldPause": false
    },
    {
      "itemType": 25,
      "tilePositionOfsets": [
        6032,
        6033,
        6034,
        6035,
        6036,
        6037,
        6038,
        6039,
        6040,
        6041,
        6042,
        6043,
        6044,
        6045,
        6046,
        6047,
        6048,
        6049,
        6050,
        6051,
        6052,
        6053,
        6054,
        6055,
        6056,
        6057,
        6058,
        6059
      ],
      "shouldPause": false
    },
    {
      "itemType": 25,
      "tilePositionOfsets": [
        5932,
        5832,
        5732,
        5632,
        5532
      ],
      "shouldPause": false
    },
    {
      "itemType": 25,
      "tilePositionOfsets": [
        6060,
        5960,
        5860,
        5760,
        5660,
        5560,
        4960
      ],
      "shouldPause": false
    },
    {
      "itemType": 25,
      "tilePositionOfsets": [
        4932,
        4933,
        4934,
        4935,
        4936,
        4937,
        4938,
        4939,
        4940,
        4941
      ],
      "shouldPause": false
    },
    {
      "itemType": 25,
      "tilePositionOfsets": [
        4951,
        4952,
        4953,
        4954,
        4955,
        4956,
        4957,
        4958,
        4959
      ],
      "shouldPause": false
    },
    {
      "itemType": 145,
      "tilePositionOfsets": [
        5458
      ],
      "shouldPause": false
    },
    {
      "itemType": 145,
      "tilePositionOfsets": [
        5430
      ],
      "shouldPause": false
    },
    {
      "itemType": 25,
      "tilePositionOfsets": [
        6061,
        6062,
        6063,
        6064,
        6065,
        6066,
        6067,
        6068,
        6069,
        6070,
        6071,
        6072,
        6073,
        6074,
        6075,
        6076
      ],
      "shouldPause": false
    },
    {
      "itemType": 25,
      "tilePositionOfsets": [
        6016,
        6017,
        6018,
        6019,
        6020,
        6021,
        6022,
        6023,
        6024,
        6025,
        6026,
        6027,
        6028,
        6029,
        6030,
        6031
      ],
      "shouldPause": false
    },
    {
      "itemType": 25,
      "tilePositionOfsets": [
        6015,
        5915,
        5815,
        5715,
        5615,
        5515,
        5415,
        5315,
        5215,
        5115,
        5015,
        4915
      ],
      "shouldPause": false
    },
    {
      "itemType": 25,
      "tilePositionOfsets": [
        6077,
        5977,
        5877,
        5777,
        5677,
        5577,
        5477,
        5377,
        5277,
        5177,
        5077,
        4977
      ],
      "shouldPause": false
    },
    {
      "itemType": 25,
      "tilePositionOfsets": [
        4842,
        4742,
        4642,
        4542,
        4442,
        4342,
        4242
      ],
      "shouldPause": false
    },
    {
      "itemType": 25,
      "tilePositionOfsets": [
        4142,
        4143,
        4144,
        4145,
        4146,
        4147,
        4148,
        4149
      ],
      "shouldPause": false
    },
    {
      "itemType": 25,
      "tilePositionOfsets": [
        4850,
        4750,
        4650,
        4550,
        4450,
        4350,
        4250,
        4150
      ],
      "shouldPause": false
    },
    {
      "itemType": 88,
      "tilePositionOfsets": [
        4119
      ],
      "shouldPause": true
    },
    {
      "itemType": 65,
      "tilePositionOfsets": [
        4822
      ],
      "shouldPause": false
    },
    {
      "itemType": 50,
      "tilePositionOfsets": [
        5973
      ],
      "shouldPause": false
    },
    {
      "itemType": 50,
      "tilePositionOfsets": [
        5916
      ],
      "shouldPause": false
    },
    {
      "itemType": 84,
      "tilePositionOfsets": [
        5573
      ],
      "shouldPause": false
    },
    {
      "itemType": 83,
      "tilePositionOfsets": [
        5516
      ],
      "shouldPause": false
    },
    {
      "itemType": 65,
      "tilePositionOfsets": [
        5465
      ],
      "shouldPause": false
    },
    {
      "itemType": 76,
      "tilePositionOfsets": [
        5116
      ],
      "shouldPause": false
    },
    {
      "itemType": 76,
      "tilePositionOfsets": [
        5173
      ],
      "shouldPause": false
    },
    {
      "itemType": 92,
      "tilePositionOfsets": [
        4124
      ],
      "shouldPause": false
    },
    {
      "itemType": 25,
      "tilePositionOfsets": [
        4877
      ],
      "shouldPause": false
    },
    {
      "itemType": 25,
      "tilePositionOfsets": [
        4815
      ],
      "shouldPause": false
    },
    {
      "itemType": 25,
      "tilePositionOfsets": [
        4961,
        4962
      ],
      "shouldPause": false
    },
    {
      "itemType": 25,
      "tilePositionOfsets": [
        4930,
        4931
      ],
      "shouldPause": false
    },
    {
      "itemType": 25,
      "tilePositionOfsets": [
        4715,
        4615,
        4515,
        4415,
        4315,
        4215
      ],
      "shouldPause": false
    },
    {
      "itemType": 25,
      "tilePositionOfsets": [
        4777,
        4677,
        4577,
        4477,
        4377
      ],
      "shouldPause": false
    },
    {
      "itemType": 25,
      "tilePositionOfsets": [
        4275,
        4276,
        4277
      ],
      "shouldPause": false
    },
    {
      "itemType": 25,
      "tilePositionOfsets": [
        4274,
        4174,
        4074,
        3974,
        3874,
        3774,
        3674,
        3574,
        3474,
        3374,
        3274
      ],
      "shouldPause": false
    },
    {
      "itemType": 25,
      "tilePositionOfsets": [
        4216,
        4217
      ],
      "shouldPause": false
    },
    {
      "itemType": 25,
      "tilePositionOfsets": [
        4218,
        4118,
        4018,
        3918,
        3818,
        3718,
        3618,
        3518,
        3418,
        3318,
        3218
      ],
      "shouldPause": false
    },
    {
      "itemType": 112,
      "tilePositionOfsets": [
        6010
      ],
      "shouldPause": false
    },
    {
      "itemType": 112,
      "tilePositionOfsets": [
        6078
      ],
      "shouldPause": false
    },
    {
      "itemType": 112,
      "tilePositionOfsets": [
        3116
      ],
      "shouldPause": false
    },
    {
      "itemType": 112,
      "tilePositionOfsets": [
        3172
      ],
      "shouldPause": false
    },
    {
      "itemType": 26,
      "tilePositionOfsets": [
        6115,
        6116,
        6117,
        6118,
        6119,
        6120,
        6121,
        6122,
        6123,
        6124,
        6125,
        6126,
        6127,
        6128,
        6129,
        6130,
        6131,
        6132,
        6133,
        6134,
        6135,
        6136,
        6137,
        6138,
        6139,
        6140,
        6141,
        6142,
        6143,
        6144,
        6145,
        6146,
        6147,
        6148,
        6149,
        6150,
        6151,
        6152,
        6153,
        6154,
        6155,
        6156,
        6157,
        6158,
        6159,
        6160,
        6161,
        6162,
        6163,
        6164,
        6165,
        6166,
        6167,
        6168,
        6169,
        6170,
        6171,
        6172,
        6173,
        6174,
        6175,
        6176,
        6177
      ],
      "shouldPause": false
    },
    {
      "itemType": 26,
      "tilePositionOfsets": [
        5578,
        5478,
        5378,
        5278,
        5178,
        5078,
        4978,
        4878,
        4778,
        4678,
        4578,
        4478,
        4378,
        4278
      ],
      "shouldPause": false
    },
    {
      "itemType": 26,
      "tilePositionOfsets": [
        4176,
        4177,
        4178
      ],
      "shouldPause": false
    },
    {
      "itemType": 26,
      "tilePositionOfsets": [
        4175,
        4075,
        3975,
        3875,
        3775,
        3675,
        3575,
        3475,
        3375,
        3275
      ],
      "shouldPause": false
    },
    {
      "itemType": 26,
      "tilePositionOfsets": [
        5514,
        5414,
        5314,
        5214,
        5114,
        5014,
        4914,
        4814,
        4714,
        4614,
        4514,
        4414,
        4314,
        4214
      ],
      "shouldPause": false
    },
    {
      "itemType": 26,
      "tilePositionOfsets": [
        4114,
        4115,
        4116
      ],
      "shouldPause": false
    },
    {
      "itemType": 26,
      "tilePositionOfsets": [
        4117,
        4017,
        3917,
        3817,
        3717,
        3617,
        3517,
        3417,
        3317,
        3217
      ],
      "shouldPause": false
    },
    {
      "itemType": 26,
      "tilePositionOfsets": [
        4043,
        4044,
        4045,
        4046,
        4047,
        4048,
        4049
      ],
      "shouldPause": false
    },
    {
      "itemType": 106,
      "tilePositionOfsets": [
        6672,
        6673,
        6674,
        6675,
        6676,
        6677,
        6678,
        6679,
        6680,
        6511,
        6512,
        6513,
        6514,
        6515,
        6516,
        6517,
        6518,
        6519,
        6520,
        6521,
        6522,
        6523,
        6524,
        6525,
        6526,
        6527,
        6528,
        6529,
        6530,
        6531,
        6532,
        6533,
        6534,
        6535,
        6536,
        6537,
        6538,
        6539,
        6540,
        6541,
        6542,
        6543,
        6544,
        6545,
        6546,
        6547,
        6548,
        6549,
        6550,
        6551,
        6552,
        6553,
        6554,
        6555,
        6556,
        6557,
        6558,
        6559,
        6560,
        6561,
        6562,
        6563,
        6564,
        6565,
        6566,
        6567,
        6568,
        6569,
        6570,
        6571,
        6572,
        6573,
        6574,
        6575,
        6576,
        6577,
        6578,
        6579,
        6580,
        6581,
        6582,
        6583,
        6411,
        6412,
        6413,
        6414,
        6415,
        6416,
        6417,
        6418,
        6419,
        6420,
        6421,
        6422,
        6423,
        6424,
        6425,
        6426,
        6427,
        6428,
        6429,
        6430,
        6431,
        6432,
        6433,
        6434,
        6435,
        6436,
        6437,
        6438,
        6439,
        6440,
        6441,
        6442,
        6443,
        6444,
        6445,
        6446,
        6447,
        6448,
        6449,
        6450,
        6451,
        6452,
        6453,
        6454,
        6455,
        6456,
        6457,
        6458,
        6459,
        6460,
        6461,
        6462,
        6463,
        6464,
        6465,
        6466,
        6467,
        6468,
        6469,
        6470,
        6471,
        6472,
        6473,
        6474,
        6475,
        6476,
        6477,
        6478,
        6479,
        6480,
        6481,
        6482,
        6483,
        6311,
        6312,
        6313,
        6314,
        6315,
        6316,
        6317,
        6318,
        6319,
        6320,
        6321,
        6322,
        6323,
        6324,
        6325,
        6326,
        6327,
        6328,
        6329,
        6330,
        6331,
        6332,
        6333,
        6334,
        6335,
        6336,
        6337,
        6338,
        6339,
        6340,
        6341,
        6342,
        6343,
        6344,
        6345,
        6346,
        6347,
        6348,
        6349,
        6350,
        6351,
        6352,
        6353,
        6354,
        6355,
        6356,
        6357,
        6358,
        6359,
        6360,
        6361,
        6362,
        6363,
        6364,
        6365,
        6366,
        6367,
        6368,
        6369,
        6370,
        6371,
        6372,
        6373,
        6374,
        6375,
        6376,
        6377,
        6378,
        6379,
        6380,
        6381,
        6382,
        6383,
        6211,
        6212,
        6213,
        6214,
        6215,
        6216,
        6217,
        6218,
        6219,
        6220,
        6221,
        6222,
        6223,
        6224,
        6225,
        6226,
        6227,
        6228,
        6229,
        6230,
        6231,
        6232,
        6233,
        6234,
        6235,
        6236,
        6237,
        6238,
        6239,
        6240,
        6241,
        6242,
        6243,
        6244,
        6245,
        6246,
        6247,
        6248,
        6249,
        6250,
        6251,
        6252,
        6253,
        6254,
        6255,
        6256,
        6257,
        6258,
        6259,
        6260,
        6261,
        6262,
        6263,
        6264,
        6265,
        6266,
        6267,
        6268,
        6269,
        6270,
        6271,
        6272,
        6273,
        6274,
        6275,
        6276,
        6277,
        6278,
        6279,
        6280,
        6281,
        6282,
        6283,
        6111,
        6112,
        6113,
        6114,
        6178,
        6179,
        6180,
        6181,
        6182,
        6183
      ],
      "shouldPause": false
    },
    {
      "itemType": 106,
      "tilePositionOfsets": [
        6812,
        6813,
        6863,
        6864,
        6865,
        6866,
        6711,
        6712,
        6713,
        6714,
        6715,
        6723,
        6747,
        6761,
        6762,
        6763,
        6764,
        6765,
        6766,
        6767,
        6611,
        6612,
        6613,
        6614,
        6615,
        6616,
        6617,
        6621,
        6622,
        6623,
        6624,
        6625,
        6632,
        6643,
        6644,
        6645,
        6646,
        6647,
        6648,
        6649,
        6651,
        6659,
        6660,
        6661,
        6662,
        6663,
        6664,
        6665,
        6666,
        6667,
        6668,
        6671,
        6683,
        6684,
        6510,
        6584,
        6585,
        6410,
        6484,
        6485,
        6486,
        6310,
        6384,
        6385,
        6284,
        6110
      ],
      "shouldPause": false
    },
    {
      "itemType": 175,
      "tilePositionOfsets": [
        3838
      ],
      "shouldPause": true
    },
    {
      "itemType": 324,
      "tilePositionOfsets": [
        3841
      ],
      "shouldPause": false
    },
    {
      "itemType": 313,
      "tilePositionOfsets": [
        3846
      ],
      "shouldPause": false
    },
    {
      "itemType": 318,
      "tilePositionOfsets": [
        3539
      ],
      "shouldPause": false
    },
    {
      "itemType": 169,
      "tilePositionOfsets": [
        3848
      ],
      "shouldPause": false
    },
    {
      "itemType": 166,
      "tilePositionOfsets": [
        3852
      ],
      "shouldPause": false
    },
    {
      "itemType": 175,
      "tilePositionOfsets": [
        3552
      ],
      "shouldPause": false
    },
    {
      "itemType": 324,
      "tilePositionOfsets": [
        3447
      ],
      "shouldPause": false
    },
    {
      "itemType": 313,
      "tilePositionOfsets": [
        3252
      ],
      "shouldPause": false
    },
    {
      "itemType": 318,
      "tilePositionOfsets": [
        3345
      ],
      "shouldPause": false
    },
    {
      "itemType": 169,
      "tilePositionOfsets": [
        3341
      ],
      "shouldPause": false
    },
    {
      "itemType": 166,
      "tilePositionOfsets": [
        3338
      ],
      "shouldPause": false
    },
    {
      "itemType": 25,
      "tilePositionOfsets": [
        3837,
        3737,
        3637,
        3537,
        3437,
        3337,
        3237,
        3137,
        3037
      ],
      "shouldPause": false
    },
    {
      "itemType": 25,
      "tilePositionOfsets": [
        2937,
        2938,
        2939,
        2940,
        2941,
        2942,
        2943,
        2944,
        2945,
        2946,
        2947,
        2948,
        2949,
        2950,
        2951,
        2952,
        2953,
        2954
      ],
      "shouldPause": false
    },
    {
      "itemType": 25,
      "tilePositionOfsets": [
        3955,
        3855,
        3755,
        3655,
        3555,
        3455,
        3355,
        3255,
        3155,
        3055,
        2955
      ],
      "shouldPause": false
    },
    {
      "itemType": 25,
      "tilePositionOfsets": [
        3937,
        3938,
        3939,
        3940,
        3941
      ],
      "shouldPause": false
    },
    {
      "itemType": 25,
      "tilePositionOfsets": [
        3952,
        3953,
        3954
      ],
      "shouldPause": false
    },
    {
      "itemType": 25,
      "tilePositionOfsets": [
        3951
      ],
      "shouldPause": false
    },
    {
      "itemType": 25,
      "tilePositionOfsets": [
        4042
      ],
      "shouldPause": false
    },
    {
      "itemType": 65,
      "tilePositionOfsets": [
        4865
      ],
      "shouldPause": false
    },
    {
      "itemType": 25,
      "tilePositionOfsets": [
        4050
      ],
      "shouldPause": false
    },
    {
      "itemType": 65,
      "tilePositionOfsets": [
        4230
      ],
      "shouldPause": false
    },
    {
      "itemType": 65,
      "tilePositionOfsets": [
        4257
      ],
      "shouldPause": false
    },
    {
      "itemType": 76,
      "tilePositionOfsets": [
        4859
      ],
      "shouldPause": false
    },
    {
      "itemType": 76,
      "tilePositionOfsets": [
        4830
      ],
      "shouldPause": false
    },
    {
      "itemType": 92,
      "tilePositionOfsets": [
        4772
      ],
      "shouldPause": false
    },
    {
      "itemType": 342,
      "tilePositionOfsets": [
        3531
      ],
      "shouldPause": false
    },
    {
      "itemType": 342,
      "tilePositionOfsets": [
        3558
      ],
      "shouldPause": false
    },
    {
      "itemType": 54,
      "tilePositionOfsets": [
        3977
      ],
      "shouldPause": false
    },
    {
      "itemType": 54,
      "tilePositionOfsets": [
        4480
      ],
      "shouldPause": false
    },
    {
      "itemType": 54,
      "tilePositionOfsets": [
        3912
      ],
      "shouldPause": false
    },
    {
      "itemType": 54,
      "tilePositionOfsets": [
        5409
      ],
      "shouldPause": false
    },
    {
      "itemType": 54,
      "tilePositionOfsets": [
        4409
      ],
      "shouldPause": false
    }
  ],
  "miscItems": [
    {
      "positionOfset": 5812,
      "itemType": 6,
      "number": 0
    },
    {
      "positionOfset": 5880,
      "itemType": 6,
      "number": 1
    },
    {
      "positionOfset": 2974,
      "itemType": 6,
      "number": 2
    },
    {
      "positionOfset": 2918,
      "itemType": 6,
      "number": 3
    }
  ]
}