{
  "pauseDelayAmount": 100,
  "frames": [
    {
      "itemType": 61,
      "tilePositionOfsets": [
        5643
      ],
      "shouldPause": false
    },
    {
      "itemType": 80,
      "tilePositionOfsets": [
        5338
      ],
      "shouldPause": false
    },
    {
      "itemType": 52,
      "tilePositionOfsets": [
        5455
      ],
      "shouldPause": false
    },
    {
      "itemType": 52,
      "tilePositionOfsets": [
        5460
      ],
      "shouldPause": false
    },
    {
      "itemType": 77,
      "tilePositionOfsets": [
        5466
      ],
      "shouldPause": false
    },
    {
      "itemType": 54,
      "tilePositionOfsets": [
        6052
      ],
      "shouldPause": false
    },
    {
      "itemType": 54,
      "tilePositionOfsets": [
        6048
      ],
      "shouldPause": false
    },
    {
      "itemType": 54,
      "tilePositionOfsets": [
        6044
      ],
      "shouldPause": false
    },
    {
      "itemType": 54,
      "tilePositionOfsets": [
        6040
      ],
      "shouldPause": false
    },
    {
      "itemType": 54,
      "tilePositionOfsets": [
        5936
      ],
      "shouldPause": false
    },
    {
      "itemType": 54,
      "tilePositionOfsets": [
        6061
      ],
      "shouldPause": false
    },
    {
      "itemType": 50,
      "tilePositionOfsets": [
        4030
      ],
      "shouldPause": false
    },
    {
      "itemType": 50,
      "tilePositionOfsets": [
        4059
      ],
      "shouldPause": false
    },
    {
      "itemType": 84,
      "tilePositionOfsets": [
        3630
      ],
      "shouldPause": false
    },
    {
      "itemType": 83,
      "tilePositionOfsets": [
        3659
      ],
      "shouldPause": false
    },
    {
      "itemType": 81,
      "tilePositionOfsets": [
        5333
      ],
      "shouldPause": false
    },
    {
      "itemType": 87,
      "tilePositionOfsets": [
        3535
      ],
      "shouldPause": false
    },
    {
      "itemType": 76,
      "tilePositionOfsets": [
        3230
      ],
      "shouldPause": false
    },
    {
      "itemType": 76,
      "tilePositionOfsets": [
        3259
      ],
      "shouldPause": false
    },
    {
      "itemType": 92,
      "tilePositionOfsets": [
        3553
      ],
      "shouldPause": false
    },
    {
      "itemType": 65,
      "tilePositionOfsets": [
        3546
      ],
      "shouldPause": false
    },
    {
      "itemType": 25,
      "tilePositionOfsets": [
        5550,
        5551,
        5552,
        5553,
        5554,
        5555,
        5556,
        5557,
        5558,
        5559,
        5560,
        5561,
        5562,
        5563,
        5564,
        5565,
        5566,
        5567,
        5568,
        5569,
        5570
      ],
      "shouldPause": false
    },
    {
      "itemType": 25,
      "tilePositionOfsets": [
        5571,
        5471,
        5371,
        5271,
        5171,
        5071,
        4971
      ],
      "shouldPause": false
    },
    {
      "itemType": 25,
      "tilePositionOfsets": [
        5432,
        5433,
        5434,
        5435,
        5436,
        5437,
        5438,
        5439,
        5440,
        5441,
        5442
      ],
      "shouldPause": false
    },
    {
      "itemType": 25,
      "tilePositionOfsets": [
        5332,
        5232,
        5132,
        5032,
        4932
      ],
      "shouldPause": false
    },
    {
      "itemType": 144,
      "tilePositionOfsets": [
        4835
      ],
      "shouldPause": false
    },
    {
      "itemType": 144,
      "tilePositionOfsets": [
        4855
      ],
      "shouldPause": false
    },
    {
      "itemType": 25,
      "tilePositionOfsets": [
        4832,
        4732,
        4632
      ],
      "shouldPause": false
    },
    {
      "itemType": 25,
      "tilePositionOfsets": [
        4633,
        4634
      ],
      "shouldPause": false
    },
    {
      "itemType": 25,
      "tilePositionOfsets": [
        4871,
        4771,
        4671
      ],
      "shouldPause": false
    },
    {
      "itemType": 25,
      "tilePositionOfsets": [
        4660,
        4661,
        4662,
        4663,
        4664,
        4665,
        4666,
        4667,
        4668,
        4669,
        4670
      ],
      "shouldPause": false
    },
    {
      "itemType": 25,
      "tilePositionOfsets": [
        4143,
        4144,
        4145,
        4146,
        4147,
        4148,
        4149
      ],
      "shouldPause": false
    },
    {
      "itemType": 25,
      "tilePositionOfsets": [
        4640,
        4641,
        4642
      ],
      "shouldPause": false
    },
    {
      "itemType": 25,
      "tilePositionOfsets": [
        4650,
        4651,
        4652,
        4653,
        4654
      ],
      "shouldPause": false
    },
    {
      "itemType": 25,
      "tilePositionOfsets": [
        4542,
        4442,
        4342,
        4242,
        4142
      ],
      "shouldPause": false
    },
    {
      "itemType": 25,
      "tilePositionOfsets": [
        4550,
        4450,
        4350,
        4250,
        4150
      ],
      "shouldPause": false
    },
    {
      "itemType": 88,
      "tilePositionOfsets": [
        4065
      ],
      "shouldPause": false
    },
    {
      "itemType": 65,
      "tilePositionOfsets": [
        2946
      ],
      "shouldPause": false
    },
    {
      "itemType": 92,
      "tilePositionOfsets": [
        2953
      ],
      "shouldPause": false
    },
    {
      "itemType": 50,
      "tilePositionOfsets": [
        2859
      ],
      "shouldPause": true
    },
    {
      "itemType": 50,
      "tilePositionOfsets": [
        2830
      ],
      "shouldPause": false
    },
    {
      "itemType": 84,
      "tilePositionOfsets": [
        2430
      ],
      "shouldPause": false
    },
    {
      "itemType": 83,
      "tilePositionOfsets": [
        2459
      ],
      "shouldPause": false
    },
    {
      "itemType": 65,
      "tilePositionOfsets": [
        4071
      ],
      "shouldPause": false
    },
    {
      "itemType": 76,
      "tilePositionOfsets": [
        3065
      ],
      "shouldPause": false
    },
    {
      "itemType": 76,
      "tilePositionOfsets": [
        2665
      ],
      "shouldPause": false
    },
    {
      "itemType": 92,
      "tilePositionOfsets": [
        3471
      ],
      "shouldPause": false
    },
    {
      "itemType": 25,
      "tilePositionOfsets": [
        4534,
        4434,
        4334,
        4234
      ],
      "shouldPause": false
    },
    {
      "itemType": 25,
      "tilePositionOfsets": [
        4130,
        4131,
        4132,
        4133,
        4134
      ],
      "shouldPause": false
    },
    {
      "itemType": 25,
      "tilePositionOfsets": [
        4129,
        4029,
        3929,
        3829,
        3729,
        3629,
        3529,
        3429,
        3329,
        3229,
        3129,
        3029,
        2929,
        2829,
        2729,
        2629,
        2529,
        2429,
        2329,
        2229,
        2129
      ],
      "shouldPause": false
    },
    {
      "itemType": 25,
      "tilePositionOfsets": [
        4560,
        4460,
        4359,
        4259
      ],
      "shouldPause": false
    },
    {
      "itemType": 25,
      "tilePositionOfsets": [
        4159,
        4160,
        4161,
        4162
      ],
      "shouldPause": false
    },
    {
      "itemType": 25,
      "tilePositionOfsets": [
        4163,
        4063,
        3963,
        3863,
        3763,
        3663,
        3563,
        3463,
        3363,
        3263,
        3163,
        3063,
        2963,
        2863,
        2763,
        2663,
        2563,
        2463,
        2363,
        2263,
        2163
      ],
      "shouldPause": false
    },
    {
      "itemType": 26,
      "tilePositionOfsets": [
        4164,
        4064,
        3964,
        3864,
        3764,
        3664,
        3564,
        3464,
        3364,
        3264,
        3164,
        3064,
        2964,
        2864,
        2764,
        2664,
        2564,
        2464,
        2364,
        2264,
        2164
      ],
      "shouldPause": false
    },
    {
      "itemType": 26,
      "tilePositionOfsets": [
        5650,
        5651,
        5652,
        5653,
        5654,
        5655,
        5661,
        5662,
        5663,
        5664,
        5665,
        5666,
        5667
      ],
      "shouldPause": false
    },
    {
      "itemType": 26,
      "tilePositionOfsets": [
        5572,
        5472,
        5372,
        5272,
        5172,
        5072,
        4972,
        4872,
        4772,
        4672
      ],
      "shouldPause": false
    },
    {
      "itemType": 26,
      "tilePositionOfsets": [
        4562,
        4563,
        4564,
        4565,
        4566,
        4567,
        4568,
        4569,
        4570,
        4571,
        4572
      ],
      "shouldPause": false
    },
    {
      "itemType": 26,
      "tilePositionOfsets": [
        4561,
        4461
      ],
      "shouldPause": false
    },
    {
      "itemType": 26,
      "tilePositionOfsets": [
        4361
      ],
      "shouldPause": false
    },
    {
      "itemType": 26,
      "tilePositionOfsets": [
        4360
      ],
      "shouldPause": false
    },
    {
      "itemType": 26,
      "tilePositionOfsets": [
        4260,
        4261,
        4262,
        4263,
        4264
      ],
      "shouldPause": false
    },
    {
      "itemType": 26,
      "tilePositionOfsets": [
        5536,
        5537,
        5538,
        5539,
        5540,
        5541,
        5542
      ],
      "shouldPause": false
    },
    {
      "itemType": 26,
      "tilePositionOfsets": [
        5431,
        5331,
        5231,
        5131,
        5031,
        4931,
        4831,
        4731,
        4631
      ],
      "shouldPause": false
    },
    {
      "itemType": 26,
      "tilePositionOfsets": [
        4531,
        4532
      ],
      "shouldPause": false
    },
    {
      "itemType": 26,
      "tilePositionOfsets": [
        4533,
        4433,
        4333
      ],
      "shouldPause": false
    },
    {
      "itemType": 26,
      "tilePositionOfsets": [
        4229,
        4230,
        4231,
        4232,
        4233
      ],
      "shouldPause": false
    },
    {
      "itemType": 26,
      "tilePositionOfsets": [
        4228,
        4128,
        4028,
        3928,
        3828,
        3728,
        3628,
        3528,
        3428,
        3328,
        3228,
        3128,
        3028,
        2928,
        2828,
        2728,
        2628,
        2528,
        2428,
        2328,
        2228,
        2128
      ],
      "shouldPause": false
    },
    {
      "itemType": 26,
      "tilePositionOfsets": [
        4933,
        4833,
        4733
      ],
      "shouldPause": false
    },
    {
      "itemType": 26,
      "tilePositionOfsets": [
        4734
      ],
      "shouldPause": false
    },
    {
      "itemType": 26,
      "tilePositionOfsets": [
        4335,
        4235,
        4135
      ],
      "shouldPause": false
    },
    {
      "itemType": 26,
      "tilePositionOfsets": [
        4358,
        4258,
        4158
      ],
      "shouldPause": false
    },
    {
      "itemType": 26,
      "tilePositionOfsets": [
        4760,
        4761,
        4762,
        4763,
        4764,
        4765,
        4766,
        4767,
        4768,
        4769,
        4770
      ],
      "shouldPause": false
    },
    {
      "itemType": 26,
      "tilePositionOfsets": [
        4970,
        4870
      ],
      "shouldPause": false
    },
    {
      "itemType": 26,
      "tilePositionOfsets": [
        2029
      ],
      "shouldPause": false
    },
    {
      "itemType": 26,
      "tilePositionOfsets": [
        2063
      ],
      "shouldPause": false
    },
    {
      "itemType": 112,
      "tilePositionOfsets": [
        6068
      ],
      "shouldPause": false
    },
    {
      "itemType": 112,
      "tilePositionOfsets": [
        6056
      ],
      "shouldPause": false
    },
    {
      "itemType": 26,
      "tilePositionOfsets": [
        4540
      ],
      "shouldPause": false
    },
    {
      "itemType": 26,
      "tilePositionOfsets": [
        4541,
        4441,
        4341,
        4241,
        4141
      ],
      "shouldPause": false
    },
    {
      "itemType": 26,
      "tilePositionOfsets": [
        4451,
        4351,
        4251,
        4151
      ],
      "shouldPause": false
    },
    {
      "itemType": 26,
      "tilePositionOfsets": [
        4551,
        4552,
        4553,
        4554
      ],
      "shouldPause": false
    },
    {
      "itemType": 112,
      "tilePositionOfsets": [
        5931
      ],
      "shouldPause": false
    },
    {
      "itemType": 106,
      "tilePositionOfsets": [
        6673,
        6674,
        6675,
        6676,
        6677,
        6678,
        6679,
        6680,
        6681,
        6571,
        6572,
        6573,
        6574,
        6575,
        6576,
        6577,
        6578,
        6579,
        6580,
        6581,
        6582,
        6437,
        6438,
        6439,
        6440,
        6441,
        6442,
        6443,
        6444,
        6445,
        6446,
        6447,
        6448,
        6449,
        6450,
        6451,
        6452,
        6453,
        6454,
        6455,
        6456,
        6457,
        6458,
        6459,
        6460,
        6461,
        6462,
        6463,
        6464,
        6465,
        6466,
        6467,
        6468,
        6469,
        6470,
        6471,
        6472,
        6473,
        6474,
        6475,
        6476,
        6477,
        6478,
        6479,
        6480,
        6481,
        6482,
        6483,
        6331,
        6332,
        6333,
        6334,
        6335,
        6336,
        6337,
        6338,
        6339,
        6340,
        6341,
        6342,
        6343,
        6344,
        6345,
        6346,
        6347,
        6348,
        6349,
        6350,
        6351,
        6352,
        6353,
        6354,
        6355,
        6356,
        6357,
        6358,
        6359,
        6360,
        6361,
        6362,
        6363,
        6364,
        6365,
        6366,
        6367,
        6368,
        6369,
        6370,
        6371,
        6372,
        6373,
        6374,
        6375,
        6376,
        6377,
        6378,
        6379,
        6380,
        6381,
        6382,
        6383,
        6231,
        6232,
        6233,
        6234,
        6235,
        6236,
        6237,
        6238,
        6239,
        6240,
        6241,
        6242,
        6243,
        6244,
        6245,
        6246,
        6247,
        6248,
        6249,
        6250,
        6251,
        6252,
        6253,
        6254,
        6255,
        6256,
        6257,
        6258,
        6259,
        6260,
        6261,
        6262,
        6263,
        6264,
        6265,
        6266,
        6267,
        6268,
        6269,
        6270,
        6271,
        6272,
        6279,
        6280,
        6281,
        6282,
        6283,
        6131,
        6132,
        6133,
        6134,
        6135,
        6136,
        6137,
        6138,
        6139,
        6140,
        6141,
        6142,
        6143,
        6144,
        6145,
        6146,
        6147,
        6148,
        6149,
        6150,
        6151,
        6152,
        6153,
        6154,
        6155,
        6156,
        6157,
        6158,
        6159,
        6160,
        6161,
        6162,
        6163,
        6164,
        6165,
        6166,
        6167,
        6168,
        6169,
        6170,
        6171,
        6172,
        6179,
        6180,
        6181,
        6182,
        6183,
        6031,
        6032,
        6033,
        6034,
        6035,
        6036,
        6037,
        6038,
        6039,
        6079,
        6080,
        6081,
        6082,
        6083,
        5979,
        5980,
        5981,
        5982,
        5879,
        5880,
        5881,
        5882
      ],
      "shouldPause": false
    },
    {
      "itemType": 106,
      "tilePositionOfsets": [
        6776,
        6779,
        6649,
        6535,
        6536,
        6539,
        6544,
        6545,
        6546,
        6547,
        6548,
        6549,
        6550,
        6551,
        6561,
        6563,
        6433,
        6434,
        6435,
        6436,
        6330,
        6229,
        6230,
        6129,
        6130,
        6029,
        6030,
        5929,
        5930,
        5829,
        5830,
        5730,
        5779,
        5780,
        5781,
        5782,
        5679,
        5680,
        5579
      ],
      "shouldPause": false
    },
    {
      "itemType": 175,
      "tilePositionOfsets": [
        2346
      ],
      "shouldPause": true
    },
    {
      "itemType": 324,
      "tilePositionOfsets": [
        2540
      ],
      "shouldPause": false
    },
    {
      "itemType": 169,
      "tilePositionOfsets": [
        2436
      ],
      "shouldPause": false
    },
    {
      "itemType": 313,
      "tilePositionOfsets": [
        2249
      ],
      "shouldPause": false
    },
    {
      "itemType": 166,
      "tilePositionOfsets": [
        2355
      ],
      "shouldPause": false
    },
    {
      "itemType": 318,
      "tilePositionOfsets": [
        2253
      ],
      "shouldPause": false
    },
    {
      "itemType": 175,
      "tilePositionOfsets": [
        2036
      ],
      "shouldPause": false
    },
    {
      "itemType": 313,
      "tilePositionOfsets": [
        2039
      ],
      "shouldPause": false
    },
    {
      "itemType": 166,
      "tilePositionOfsets": [
        2041
      ],
      "shouldPause": false
    },
    {
      "itemType": 318,
      "tilePositionOfsets": [
        2046
      ],
      "shouldPause": false
    },
    {
      "itemType": 175,
      "tilePositionOfsets": [
        2048
      ],
      "shouldPause": false
    },
    {
      "itemType": 313,
      "tilePositionOfsets": [
        2056
      ],
      "shouldPause": false
    },
    {
      "itemType": 65,
      "tilePositionOfsets": [
        5073
      ],
      "shouldPause": false
    },
    {
      "itemType": 65,
      "tilePositionOfsets": [
        5673
      ],
      "shouldPause": false
    },
    {
      "itemType": 65,
      "tilePositionOfsets": [
        6273
      ],
      "shouldPause": false
    },
    {
      "itemType": 76,
      "tilePositionOfsets": [
        4042
      ],
      "shouldPause": false
    },
    {
      "itemType": 76,
      "tilePositionOfsets": [
        4047
      ],
      "shouldPause": false
    },
    {
      "itemType": 92,
      "tilePositionOfsets": [
        4153
      ],
      "shouldPause": false
    },
    {
      "itemType": 342,
      "tilePositionOfsets": [
        4037
      ],
      "shouldPause": false
    },
    {
      "itemType": 330,
      "tilePositionOfsets": [
        4466
      ],
      "shouldPause": false
    },
    {
      "itemType": 330,
      "tilePositionOfsets": [
        4470
      ],
      "shouldPause": false
    },
    {
      "itemType": 54,
      "tilePositionOfsets": [
        5380
      ],
      "shouldPause": false
    },
    {
      "itemType": 54,
      "tilePositionOfsets": [
        4880
      ],
      "shouldPause": false
    },
    {
      "itemType": 54,
      "tilePositionOfsets": [
        5526
      ],
      "shouldPause": false
    },
    {
      "itemType": 54,
      "tilePositionOfsets": [
        4826
      ],
      "shouldPause": false
    }
  ],
  "miscItems": [
    {
      "positionOfset": 5733,
      "itemType": 6,
      "number": 0
    },
    {
      "positionOfset": 5858,
      "itemType": 6,
      "number": 1
    },
    {
      "positionOfset": 5870,
      "itemType": 6,
      "number": 2
    }
  ]
}