{
  "pauseDelayAmount": 100,
  "frames": [
    {
      "itemType": 61,
      "tilePositionOfsets": [
        5643
      ],
      "shouldPause": false
    },
    {
      "itemType": 80,
      "tilePositionOfsets": [
        4839
      ],
      "shouldPause": false
    },
    {
      "itemType": 77,
      "tilePositionOfsets": [
        5438
      ],
      "shouldPause": false
    },
    {
      "itemType": 52,
      "tilePositionOfsets": [
        4950
      ],
      "shouldPause": false
    },
    {
      "itemType": 52,
      "tilePositionOfsets": [
        4955
      ],
      "shouldPause": false
    },
    {
      "itemType": 54,
      "tilePositionOfsets": [
        3429
      ],
      "shouldPause": false
    },
    {
      "itemType": 54,
      "tilePositionOfsets": [
        3433
      ],
      "shouldPause": false
    },
    {
      "itemType": 54,
      "tilePositionOfsets": [
        3437
      ],
      "shouldPause": false
    },
    {
      "itemType": 54,
      "tilePositionOfsets": [
        3459
      ],
      "shouldPause": false
    },
    {
      "itemType": 54,
      "tilePositionOfsets": [
        3455
      ],
      "shouldPause": false
    },
    {
      "itemType": 54,
      "tilePositionOfsets": [
        3451
      ],
      "shouldPause": false
    },
    {
      "itemType": 50,
      "tilePositionOfsets": [
        3940
      ],
      "shouldPause": false
    },
    {
      "itemType": 50,
      "tilePositionOfsets": [
        3949
      ],
      "shouldPause": false
    },
    {
      "itemType": 84,
      "tilePositionOfsets": [
        3936
      ],
      "shouldPause": false
    },
    {
      "itemType": 83,
      "tilePositionOfsets": [
        3953
      ],
      "shouldPause": false
    },
    {
      "itemType": 81,
      "tilePositionOfsets": [
        4835
      ],
      "shouldPause": false
    },
    {
      "itemType": 87,
      "tilePositionOfsets": [
        3441
      ],
      "shouldPause": false
    },
    {
      "itemType": 76,
      "tilePositionOfsets": [
        3932
      ],
      "shouldPause": false
    },
    {
      "itemType": 76,
      "tilePositionOfsets": [
        3957
      ],
      "shouldPause": false
    },
    {
      "itemType": 92,
      "tilePositionOfsets": [
        2936
      ],
      "shouldPause": false
    },
    {
      "itemType": 65,
      "tilePositionOfsets": [
        3051
      ],
      "shouldPause": false
    },
    {
      "itemType": 25,
      "tilePositionOfsets": [
        5550,
        5551,
        5552,
        5553,
        5554
      ],
      "shouldPause": false
    },
    {
      "itemType": 25,
      "tilePositionOfsets": [
        5555,
        5455,
        5355,
        5255,
        5155,
        5055
      ],
      "shouldPause": false
    },
    {
      "itemType": 25,
      "tilePositionOfsets": [
        5537,
        5538,
        5539,
        5540,
        5541,
        5542
      ],
      "shouldPause": false
    },
    {
      "itemType": 25,
      "tilePositionOfsets": [
        5437,
        5337,
        5237,
        5137,
        5037
      ],
      "shouldPause": false
    },
    {
      "itemType": 25,
      "tilePositionOfsets": [
        5057,
        5058,
        5059,
        5060,
        5061,
        5062,
        5063,
        5064,
        5065,
        5066,
        5067,
        5068
      ],
      "shouldPause": false
    },
    {
      "itemType": 25,
      "tilePositionOfsets": [
        5056
      ],
      "shouldPause": false
    },
    {
      "itemType": 25,
      "tilePositionOfsets": [
        5025,
        5026,
        5027,
        5028,
        5029
      ],
      "shouldPause": false
    },
    {
      "itemType": 25,
      "tilePositionOfsets": [
        5030,
        5031,
        5032,
        5033,
        5034,
        5035,
        5036
      ],
      "shouldPause": false
    },
    {
      "itemType": 25,
      "tilePositionOfsets": [
        5024,
        4924,
        4824,
        4724,
        4624,
        4524,
        4424
      ],
      "shouldPause": false
    },
    {
      "itemType": 25,
      "tilePositionOfsets": [
        4968,
        4868,
        4768,
        4668,
        4568,
        4468
      ],
      "shouldPause": false
    },
    {
      "itemType": 144,
      "tilePositionOfsets": [
        4144
      ],
      "shouldPause": false
    },
    {
      "itemType": 25,
      "tilePositionOfsets": [
        4149,
        4150,
        4151,
        4152,
        4153,
        4154,
        4155,
        4156,
        4157,
        4158,
        4159,
        4160,
        4161,
        4162,
        4163,
        4164,
        4165,
        4166,
        4167,
        4168
      ],
      "shouldPause": false
    },
    {
      "itemType": 25,
      "tilePositionOfsets": [
        4368
      ],
      "shouldPause": false
    },
    {
      "itemType": 25,
      "tilePositionOfsets": [
        4268
      ],
      "shouldPause": false
    },
    {
      "itemType": 25,
      "tilePositionOfsets": [
        4124,
        4125,
        4126,
        4127,
        4128,
        4129,
        4130,
        4131,
        4132,
        4133,
        4134,
        4135,
        4136,
        4137,
        4138,
        4139,
        4140,
        4141,
        4142,
        4143
      ],
      "shouldPause": false
    },
    {
      "itemType": 25,
      "tilePositionOfsets": [
        4324,
        4224
      ],
      "shouldPause": false
    },
    {
      "itemType": 112,
      "tilePositionOfsets": [
        4825
      ],
      "shouldPause": false
    },
    {
      "itemType": 112,
      "tilePositionOfsets": [
        4863
      ],
      "shouldPause": false
    },
    {
      "itemType": 181,
      "tilePositionOfsets": [
        4925
      ],
      "shouldPause": false
    },
    {
      "itemType": 182,
      "tilePositionOfsets": [
        4926
      ],
      "shouldPause": false
    },
    {
      "itemType": 183,
      "tilePositionOfsets": [
        4927
      ],
      "shouldPause": false
    },
    {
      "itemType": 184,
      "tilePositionOfsets": [
        4928
      ],
      "shouldPause": false
    },
    {
      "itemType": 185,
      "tilePositionOfsets": [
        4929
      ],
      "shouldPause": false
    },
    {
      "itemType": 181,
      "tilePositionOfsets": [
        4967
      ],
      "shouldPause": false
    },
    {
      "itemType": 182,
      "tilePositionOfsets": [
        4966
      ],
      "shouldPause": false
    },
    {
      "itemType": 183,
      "tilePositionOfsets": [
        4965
      ],
      "shouldPause": false
    },
    {
      "itemType": 184,
      "tilePositionOfsets": [
        4964
      ],
      "shouldPause": false
    },
    {
      "itemType": 185,
      "tilePositionOfsets": [
        4963
      ],
      "shouldPause": false
    },
    {
      "itemType": 88,
      "tilePositionOfsets": [
        3031
      ],
      "shouldPause": true
    },
    {
      "itemType": 65,
      "tilePositionOfsets": [
        3057
      ],
      "shouldPause": false
    },
    {
      "itemType": 50,
      "tilePositionOfsets": [
        3961
      ],
      "shouldPause": false
    },
    {
      "itemType": 50,
      "tilePositionOfsets": [
        3928
      ],
      "shouldPause": false
    },
    {
      "itemType": 84,
      "tilePositionOfsets": [
        3924
      ],
      "shouldPause": false
    },
    {
      "itemType": 83,
      "tilePositionOfsets": [
        3965
      ],
      "shouldPause": false
    },
    {
      "itemType": 65,
      "tilePositionOfsets": [
        2336
      ],
      "shouldPause": false
    },
    {
      "itemType": 76,
      "tilePositionOfsets": [
        3524
      ],
      "shouldPause": false
    },
    {
      "itemType": 76,
      "tilePositionOfsets": [
        3565
      ],
      "shouldPause": false
    },
    {
      "itemType": 92,
      "tilePositionOfsets": [
        2443
      ],
      "shouldPause": false
    },
    {
      "itemType": 26,
      "tilePositionOfsets": [
        5650,
        5651,
        5652,
        5653,
        5654,
        5655
      ],
      "shouldPause": false
    },
    {
      "itemType": 26,
      "tilePositionOfsets": [
        5656,
        5556,
        5456,
        5356,
        5256,
        5156
      ],
      "shouldPause": false
    },
    {
      "itemType": 26,
      "tilePositionOfsets": [
        5158,
        5159,
        5160,
        5161,
        5162,
        5163,
        5164,
        5165,
        5166,
        5167,
        5168
      ],
      "shouldPause": false
    },
    {
      "itemType": 26,
      "tilePositionOfsets": [
        5157
      ],
      "shouldPause": false
    },
    {
      "itemType": 26,
      "tilePositionOfsets": [
        5169,
        5069,
        4969,
        4869,
        4769,
        4669,
        4569,
        4469,
        4369,
        4269,
        4169
      ],
      "shouldPause": false
    },
    {
      "itemType": 26,
      "tilePositionOfsets": [
        4049,
        4050,
        4051,
        4052,
        4053,
        4054,
        4055,
        4056,
        4057,
        4058,
        4059,
        4060,
        4061,
        4062,
        4063,
        4064,
        4065,
        4066,
        4067,
        4068
      ],
      "shouldPause": false
    },
    {
      "itemType": 26,
      "tilePositionOfsets": [
        4024,
        4025,
        4026,
        4027,
        4028,
        4029,
        4030,
        4031,
        4032,
        4033,
        4034,
        4035,
        4036,
        4037,
        4038,
        4039,
        4040,
        4041,
        4042,
        4043
      ],
      "shouldPause": false
    },
    {
      "itemType": 26,
      "tilePositionOfsets": [
        5123,
        5023,
        4923,
        4823,
        4723,
        4623,
        4523,
        4423,
        4323,
        4223,
        4123
      ],
      "shouldPause": false
    },
    {
      "itemType": 26,
      "tilePositionOfsets": [
        5124,
        5125,
        5126,
        5127,
        5128,
        5129,
        5130,
        5131,
        5132,
        5133,
        5134,
        5135,
        5136
      ],
      "shouldPause": false
    },
    {
      "itemType": 26,
      "tilePositionOfsets": [
        5636,
        5536,
        5436,
        5336,
        5236
      ],
      "shouldPause": false
    },
    {
      "itemType": 26,
      "tilePositionOfsets": [
        5637,
        5638,
        5639,
        5640,
        5641,
        5642
      ],
      "shouldPause": false
    },
    {
      "itemType": 25,
      "tilePositionOfsets": [
        4069,
        3969,
        3869,
        3769,
        3669,
        3569,
        3469,
        3369,
        3269,
        3169,
        3069,
        2969,
        2869,
        2769,
        2669,
        2569,
        2469,
        2369,
        2269
      ],
      "shouldPause": false
    },
    {
      "itemType": 25,
      "tilePositionOfsets": [
        4023,
        3923,
        3823,
        3723,
        3623,
        3523,
        3423,
        3323,
        3223,
        3123,
        3023,
        2923,
        2823,
        2723,
        2623,
        2523,
        2423,
        2323,
        2223
      ],
      "shouldPause": false
    },
    {
      "itemType": 26,
      "tilePositionOfsets": [
        4070,
        3970,
        3870,
        3770,
        3670,
        3570,
        3470,
        3370,
        3270,
        3170,
        3070,
        2970,
        2870,
        2770,
        2670,
        2570,
        2470,
        2370,
        2270
      ],
      "shouldPause": false
    },
    {
      "itemType": 26,
      "tilePositionOfsets": [
        4022,
        3922,
        3822,
        3722,
        3622,
        3522,
        3422,
        3322,
        3222,
        3122,
        3022,
        2922,
        2822,
        2722,
        2622,
        2522,
        2422,
        2322,
        2222
      ],
      "shouldPause": false
    },
    {
      "itemType": 106,
      "tilePositionOfsets": [
        6032,
        6033,
        6034,
        6035,
        6036,
        6037,
        6038,
        6039,
        6040,
        6041,
        6042,
        6043,
        6044,
        6045,
        6046,
        6047,
        6048,
        6049,
        6050,
        6051,
        6052,
        6053,
        6054,
        6055,
        6056,
        6057,
        6058,
        6059,
        6060,
        5932,
        5933,
        5934,
        5935,
        5936,
        5937,
        5938,
        5939,
        5940,
        5941,
        5942,
        5943,
        5944,
        5945,
        5946,
        5947,
        5948,
        5949,
        5950,
        5951,
        5952,
        5953,
        5954,
        5955,
        5956,
        5957,
        5958,
        5959,
        5960,
        5832,
        5833,
        5834,
        5835,
        5836,
        5837,
        5838,
        5839,
        5840,
        5841,
        5842,
        5843,
        5844,
        5845,
        5846,
        5847,
        5848,
        5849,
        5850,
        5851,
        5852,
        5853,
        5854,
        5855,
        5856,
        5857,
        5858,
        5859,
        5860,
        5732,
        5733,
        5734,
        5735,
        5736,
        5737,
        5738,
        5739,
        5740,
        5741,
        5742,
        5743,
        5744,
        5745,
        5746,
        5747,
        5748,
        5749,
        5750,
        5751,
        5752,
        5753,
        5754,
        5755,
        5756,
        5757,
        5758,
        5759,
        5760,
        5632,
        5633,
        5634,
        5635,
        5657,
        5658,
        5659,
        5660,
        5523,
        5524,
        5525,
        5526,
        5527,
        5528,
        5529,
        5530,
        5531,
        5532,
        5533,
        5534,
        5535,
        5557,
        5558,
        5559,
        5560,
        5561,
        5562,
        5563,
        5564,
        5565,
        5566,
        5567,
        5568,
        5569,
        5423,
        5424,
        5425,
        5426,
        5427,
        5428,
        5429,
        5430,
        5431,
        5432,
        5433,
        5434,
        5435,
        5457,
        5458,
        5459,
        5460,
        5461,
        5462,
        5463,
        5464,
        5465,
        5466,
        5467,
        5468,
        5469,
        5323,
        5324,
        5325,
        5326,
        5327,
        5328,
        5329,
        5330,
        5331,
        5332,
        5333,
        5334,
        5335,
        5357,
        5358,
        5359,
        5360,
        5361,
        5362,
        5363,
        5364,
        5365,
        5366,
        5367,
        5368,
        5369,
        5223,
        5224,
        5225,
        5226,
        5227,
        5228,
        5229,
        5230,
        5231,
        5232,
        5233,
        5234,
        5235,
        5257,
        5258,
        5259,
        5260,
        5261,
        5262,
        5263,
        5264,
        5265,
        5266,
        5267,
        5268,
        5269
      ],
      "shouldPause": false
    },
    {
      "itemType": 106,
      "tilePositionOfsets": [
        6135,
        6136,
        6155,
        6158,
        6159,
        5931,
        5961,
        5830,
        5831,
        5861,
        5729,
        5730,
        5731,
        5761,
        5762,
        5627,
        5628,
        5629,
        5630,
        5631,
        5661,
        5662,
        5663,
        5570,
        5421,
        5422,
        5470,
        5471,
        5320,
        5321,
        5322,
        5370,
        5371,
        5221,
        5222,
        5270,
        5271,
        5121,
        5122,
        5170,
        5171,
        5022,
        5070
      ],
      "shouldPause": true
    },
    {
      "itemType": 324,
      "tilePositionOfsets": [
        6121
      ],
      "shouldPause": false
    },
    {
      "itemType": 169,
      "tilePositionOfsets": [
        6067
      ],
      "shouldPause": false
    },
    {
      "itemType": 175,
      "tilePositionOfsets": [
        6163
      ],
      "shouldPause": false
    },
    {
      "itemType": 324,
      "tilePositionOfsets": [
        6649
      ],
      "shouldPause": false
    },
    {
      "itemType": 313,
      "tilePositionOfsets": [
        6027
      ],
      "shouldPause": false
    },
    {
      "itemType": 169,
      "tilePositionOfsets": [
        6544
      ],
      "shouldPause": false
    },
    {
      "itemType": 166,
      "tilePositionOfsets": [
        6555
      ],
      "shouldPause": false
    },
    {
      "itemType": 175,
      "tilePositionOfsets": [
        6440
      ],
      "shouldPause": false
    },
    {
      "itemType": 324,
      "tilePositionOfsets": [
        6734
      ],
      "shouldPause": false
    },
    {
      "itemType": 318,
      "tilePositionOfsets": [
        6459
      ],
      "shouldPause": false
    },
    {
      "itemType": 169,
      "tilePositionOfsets": [
        6529
      ],
      "shouldPause": false
    },
    {
      "itemType": 166,
      "tilePositionOfsets": [
        6562
      ],
      "shouldPause": false
    },
    {
      "itemType": 324,
      "tilePositionOfsets": [
        6766
      ],
      "shouldPause": false
    },
    {
      "itemType": 65,
      "tilePositionOfsets": [
        2449
      ],
      "shouldPause": false
    },
    {
      "itemType": 65,
      "tilePositionOfsets": [
        2455
      ],
      "shouldPause": false
    },
    {
      "itemType": 65,
      "tilePositionOfsets": [
        2924
      ],
      "shouldPause": false
    },
    {
      "itemType": 76,
      "tilePositionOfsets": [
        3165
      ],
      "shouldPause": false
    },
    {
      "itemType": 76,
      "tilePositionOfsets": [
        2765
      ],
      "shouldPause": false
    },
    {
      "itemType": 92,
      "tilePositionOfsets": [
        2325
      ],
      "shouldPause": false
    },
    {
      "itemType": 106,
      "tilePositionOfsets": [
        7036,
        7037,
        7038,
        7039,
        7065,
        7066,
        7067,
        7068,
        7069,
        7070,
        7071,
        6932,
        6933,
        6934,
        6935,
        6936,
        6937,
        6938,
        6939,
        6940,
        6941,
        6948,
        6949,
        6950,
        6951,
        6952,
        6953,
        6954,
        6963,
        6964,
        6965,
        6966,
        6967,
        6968,
        6969,
        6970,
        6971,
        6972,
        6831,
        6832,
        6833,
        6834,
        6835,
        6836,
        6838,
        6839,
        6840,
        6841,
        6842,
        6845,
        6846,
        6847,
        6848,
        6849,
        6850,
        6851,
        6852,
        6853,
        6854,
        6855,
        6856,
        6857,
        6860,
        6861,
        6862,
        6863,
        6864,
        6865,
        6870,
        6871,
        6872,
        6873,
        6728,
        6729,
        6730,
        6731,
        6732,
        6733,
        6740,
        6741,
        6742,
        6743,
        6744,
        6745,
        6746,
        6747,
        6748,
        6754,
        6755,
        6756,
        6757,
        6758,
        6759,
        6760,
        6761,
        6762,
        6763,
        6772,
        6773,
        6627,
        6628,
        6629,
        6630,
        6631,
        6632,
        6641,
        6642,
        6643,
        6644,
        6645,
        6657,
        6658,
        6659,
        6660,
        6661,
        6672,
        6673,
        6674,
        6526,
        6527,
        6528,
        6573,
        6574,
        6420,
        6421,
        6422,
        6423,
        6424,
        6425,
        6426,
        6427,
        6473,
        6474,
        6319,
        6320,
        6321,
        6322,
        6323,
        6324,
        6325,
        6326,
        6373,
        6374,
        6218,
        6219,
        6220,
        6221,
        6273,
        6274,
        6118,
        6119,
        6120,
        6173,
        6174,
        6017,
        6018,
        6019,
        6073,
        6074,
        5917,
        5918,
        5972,
        5973,
        5974,
        5817,
        5818,
        5819,
        5872,
        5873,
        5717,
        5718,
        5719,
        5772,
        5773,
        5618,
        5619,
        5620,
        5671,
        5672,
        5673,
        5518,
        5519,
        5520,
        5521,
        5571,
        5572,
        5419,
        5420
      ],
      "shouldPause": false
    },
    {
      "itemType": 330,
      "tilePositionOfsets": [
        4831
      ],
      "shouldPause": false
    },
    {
      "itemType": 330,
      "tilePositionOfsets": [
        4431
      ],
      "shouldPause": false
    },
    {
      "itemType": 330,
      "tilePositionOfsets": [
        2262
      ],
      "shouldPause": false
    },
    {
      "itemType": 330,
      "tilePositionOfsets": [
        2266
      ],
      "shouldPause": false
    },
    {
      "itemType": 330,
      "tilePositionOfsets": [
        2032
      ],
      "shouldPause": false
    },
    {
      "itemType": 54,
      "tilePositionOfsets": [
        4571
      ],
      "shouldPause": false
    },
    {
      "itemType": 54,
      "tilePositionOfsets": [
        4518
      ],
      "shouldPause": false
    },
    {
      "itemType": 54,
      "tilePositionOfsets": [
        4017
      ],
      "shouldPause": false
    },
    {
      "itemType": 54,
      "tilePositionOfsets": [
        3617
      ],
      "shouldPause": false
    },
    {
      "itemType": 54,
      "tilePositionOfsets": [
        4072
      ],
      "shouldPause": false
    },
    {
      "itemType": 54,
      "tilePositionOfsets": [
        3672
      ],
      "shouldPause": false
    }
  ],
  "miscItems": [
    {
      "positionOfset": 4627,
      "itemType": 6,
      "number": 0
    },
    {
      "positionOfset": 4665,
      "itemType": 6,
      "number": 1
    }
  ]
}