{
  "pauseDelayAmount": 100,
  "frames": [
    {
      "itemType": 61,
      "tilePositionOfsets": [
        5643
      ],
      "shouldPause": false
    },
    {
      "itemType": 52,
      "tilePositionOfsets": [
        4950
      ],
      "shouldPause": false
    },
    {
      "itemType": 52,
      "tilePositionOfsets": [
        4955
      ],
      "shouldPause": false
    },
    {
      "itemType": 80,
      "tilePositionOfsets": [
        5951
      ],
      "shouldPause": false
    },
    {
      "itemType": 54,
      "tilePositionOfsets": [
        7043
      ],
      "shouldPause": false
    },
    {
      "itemType": 54,
      "tilePositionOfsets": [
        7047
      ],
      "shouldPause": false
    },
    {
      "itemType": 54,
      "tilePositionOfsets": [
        7053
      ],
      "shouldPause": false
    },
    {
      "itemType": 54,
      "tilePositionOfsets": [
        7057
      ],
      "shouldPause": false
    },
    {
      "itemType": 54,
      "tilePositionOfsets": [
        6624
      ],
      "shouldPause": false
    },
    {
      "itemType": 54,
      "tilePositionOfsets": [
        6962
      ],
      "shouldPause": false
    },
    {
      "itemType": 54,
      "tilePositionOfsets": [
        6465
      ],
      "shouldPause": false
    },
    {
      "itemType": 54,
      "tilePositionOfsets": [
        6929
      ],
      "shouldPause": false
    },
    {
      "itemType": 54,
      "tilePositionOfsets": [
        6429
      ],
      "shouldPause": false
    },
    {
      "itemType": 54,
      "tilePositionOfsets": [
        5929
      ],
      "shouldPause": false
    },
    {
      "itemType": 54,
      "tilePositionOfsets": [
        5860
      ],
      "shouldPause": false
    },
    {
      "itemType": 77,
      "tilePositionOfsets": [
        4866
      ],
      "shouldPause": false
    },
    {
      "itemType": 86,
      "tilePositionOfsets": [
        5966
      ],
      "shouldPause": false
    },
    {
      "itemType": 106,
      "tilePositionOfsets": [
        8437,
        8438,
        8439,
        8440,
        8331,
        8332,
        8333,
        8334,
        8335,
        8336,
        8337,
        8338,
        8339,
        8340,
        8341,
        8355,
        8356,
        8357,
        8358,
        8359,
        8360,
        8230,
        8231,
        8232,
        8233,
        8234,
        8235,
        8236,
        8237,
        8238,
        8240,
        8241,
        8242,
        8243,
        8249,
        8250,
        8251,
        8252,
        8253,
        8254,
        8255,
        8256,
        8257,
        8258,
        8259,
        8260,
        8261,
        8262,
        8129,
        8130,
        8131,
        8132,
        8142,
        8143,
        8149,
        8150,
        8151,
        8152,
        8153,
        8154,
        8155,
        8156,
        8159,
        8160,
        8161,
        8162,
        8163,
        8029,
        8030,
        8062,
        8063,
        8064,
        7929,
        7930,
        7963,
        7964,
        7965,
        7828,
        7829,
        7830,
        7863,
        7864,
        7865,
        7728,
        7729,
        7730,
        7764,
        7765,
        7628,
        7629,
        7664,
        7665,
        7527,
        7528,
        7529,
        7564,
        7565,
        7427,
        7428,
        7464,
        7465,
        7466,
        7467,
        7326,
        7327,
        7328,
        7365,
        7366,
        7367,
        7368,
        7224,
        7225,
        7226,
        7227,
        7266,
        7267,
        7268,
        7269,
        7122,
        7123,
        7124,
        7125,
        7126,
        7167,
        7168,
        7169,
        7170,
        7021,
        7022,
        7023,
        7024,
        7069,
        7070,
        7071,
        7072,
        7073,
        6920,
        6921,
        6922,
        6970,
        6971,
        6972,
        6973,
        6974,
        6975,
        6820,
        6821,
        6822,
        6873,
        6874,
        6875,
        6876,
        6877,
        6720,
        6721,
        6775,
        6776,
        6777,
        6619,
        6620,
        6621,
        6677,
        6678,
        6519,
        6520,
        6577,
        6578,
        6579,
        6418,
        6419,
        6420,
        6477,
        6478,
        6479,
        6318,
        6319,
        6320,
        6378,
        6379,
        6218,
        6219,
        6278,
        6279,
        6280,
        6117,
        6118,
        6119,
        6179,
        6180,
        6017,
        6018,
        6019,
        6079,
        6080,
        6081,
        5917,
        5918,
        5980,
        5981,
        5817,
        5818,
        5880,
        5881,
        5716,
        5717,
        5718,
        5780,
        5781,
        5616,
        5617,
        5618,
        5680,
        5681,
        5516,
        5517,
        5580,
        5581,
        5416,
        5417,
        5480,
        5481,
        5316,
        5317,
        5380,
        5381,
        5216,
        5217,
        5280,
        5281,
        5116,
        5117,
        5179,
        5180,
        5181,
        5016,
        5017,
        5079,
        5080,
        4916,
        4917,
        4978,
        4979,
        4980,
        4816,
        4817,
        4818,
        4877,
        4878,
        4879,
        4717,
        4718,
        4777,
        4778,
        4779,
        4617,
        4618,
        4619,
        4676,
        4677,
        4678,
        4518,
        4519,
        4520,
        4576,
        4577,
        4418,
        4419,
        4420,
        4421,
        4475,
        4476,
        4477,
        4319,
        4320,
        4321,
        4322,
        4323,
        4324,
        4374,
        4375,
        4376,
        4221,
        4222,
        4223,
        4224,
        4225,
        4226,
        4227,
        4228,
        4273,
        4274,
        4275,
        4125,
        4126,
        4127,
        4128,
        4129,
        4130,
        4167,
        4168,
        4169,
        4170,
        4171,
        4172,
        4173,
        4174,
        4029,
        4030,
        4031,
        4063,
        4064,
        4065,
        4066,
        4067,
        4068,
        4069,
        4070,
        4071,
        4072,
        4073,
        3930,
        3931,
        3932,
        3933,
        3934,
        3935,
        3936,
        3937,
        3938,
        3961,
        3962,
        3963,
        3964,
        3965,
        3966,
        3967,
        3831,
        3832,
        3833,
        3834,
        3835,
        3836,
        3837,
        3838,
        3839,
        3840,
        3859,
        3860,
        3861,
        3862,
        3863,
        3864,
        3865,
        3739,
        3740,
        3741,
        3742,
        3757,
        3758,
        3759,
        3760,
        3640,
        3641,
        3642,
        3652,
        3653,
        3654,
        3655,
        3656,
        3657,
        3658,
        3659,
        3540,
        3541,
        3542,
        3543,
        3544,
        3545,
        3546,
        3548,
        3549,
        3550,
        3551,
        3552,
        3553,
        3554,
        3555,
        3556,
        3557,
        3442,
        3443,
        3444,
        3445,
        3446,
        3447,
        3448,
        3449,
        3450,
        3451,
        3452,
        3453,
        3454,
        3345,
        3346,
        3347,
        3348,
        3349,
        3350,
        3351,
        3352
      ],
      "shouldPause": false
    },
    {
      "itemType": 74,
      "tilePositionOfsets": [
        5356
      ],
      "shouldPause": false
    },
    {
      "itemType": 75,
      "tilePositionOfsets": [
        4538
      ],
      "shouldPause": false
    },
    {
      "itemType": 75,
      "tilePositionOfsets": [
        5038
      ],
      "shouldPause": false
    },
    {
      "itemType": 75,
      "tilePositionOfsets": [
        5538
      ],
      "shouldPause": false
    },
    {
      "itemType": 76,
      "tilePositionOfsets": [
        6147
      ],
      "shouldPause": false
    },
    {
      "itemType": 92,
      "tilePositionOfsets": [
        6552
      ],
      "shouldPause": false
    },
    {
      "itemType": 76,
      "tilePositionOfsets": [
        6143
      ],
      "shouldPause": false
    },
    {
      "itemType": 342,
      "tilePositionOfsets": [
        4145
      ],
      "shouldPause": false
    },
    {
      "itemType": 74,
      "tilePositionOfsets": [
        5756
      ],
      "shouldPause": false
    },
    {
      "itemType": 74,
      "tilePositionOfsets": [
        5360
      ],
      "shouldPause": false
    },
    {
      "itemType": 75,
      "tilePositionOfsets": [
        4534
      ],
      "shouldPause": false
    },
    {
      "itemType": 75,
      "tilePositionOfsets": [
        5034
      ],
      "shouldPause": false
    },
    {
      "itemType": 75,
      "tilePositionOfsets": [
        5534
      ],
      "shouldPause": false
    },
    {
      "itemType": 88,
      "tilePositionOfsets": [
        5623
      ],
      "shouldPause": false
    },
    {
      "itemType": 144,
      "tilePositionOfsets": [
        8544
      ],
      "shouldPause": false
    },
    {
      "itemType": 25,
      "tilePositionOfsets": [
        7847,
        7747,
        7647
      ],
      "shouldPause": false
    },
    {
      "itemType": 185,
      "tilePositionOfsets": [
        7448
      ],
      "shouldPause": false
    },
    {
      "itemType": 184,
      "tilePositionOfsets": [
        7548
      ],
      "shouldPause": false
    },
    {
      "itemType": 183,
      "tilePositionOfsets": [
        7648
      ],
      "shouldPause": false
    },
    {
      "itemType": 182,
      "tilePositionOfsets": [
        7748
      ],
      "shouldPause": false
    },
    {
      "itemType": 181,
      "tilePositionOfsets": [
        7848
      ],
      "shouldPause": false
    },
    {
      "itemType": 110,
      "tilePositionOfsets": [
        7844
      ],
      "shouldPause": false
    },
    {
      "itemType": 76,
      "tilePositionOfsets": [
        4350
      ],
      "shouldPause": false
    },
    {
      "itemType": 76,
      "tilePositionOfsets": [
        4355
      ],
      "shouldPause": false
    },
    {
      "itemType": 342,
      "tilePositionOfsets": [
        6547
      ],
      "shouldPause": false
    },
    {
      "itemType": 75,
      "tilePositionOfsets": [
        6034
      ],
      "shouldPause": false
    },
    {
      "itemType": 75,
      "tilePositionOfsets": [
        6534
      ],
      "shouldPause": false
    },
    {
      "itemType": 75,
      "tilePositionOfsets": [
        7034
      ],
      "shouldPause": false
    },
    {
      "itemType": 92,
      "tilePositionOfsets": [
        6458
      ],
      "shouldPause": false
    },
    {
      "itemType": 25,
      "tilePositionOfsets": [
        7953,
        7853,
        7753,
        7653,
        7553,
        7453
      ],
      "shouldPause": false
    },
    {
      "itemType": 185,
      "tilePositionOfsets": [
        7552
      ],
      "shouldPause": false
    },
    {
      "itemType": 184,
      "tilePositionOfsets": [
        7652
      ],
      "shouldPause": false
    },
    {
      "itemType": 183,
      "tilePositionOfsets": [
        7752
      ],
      "shouldPause": false
    },
    {
      "itemType": 182,
      "tilePositionOfsets": [
        7852
      ],
      "shouldPause": false
    },
    {
      "itemType": 181,
      "tilePositionOfsets": [
        7952
      ],
      "shouldPause": false
    },
    {
      "itemType": 114,
      "tilePositionOfsets": [
        7954
      ],
      "shouldPause": false
    },
    {
      "itemType": 25,
      "tilePositionOfsets": [
        7938,
        7838,
        7738,
        7638,
        7538,
        7438
      ],
      "shouldPause": false
    },
    {
      "itemType": 185,
      "tilePositionOfsets": [
        7539
      ],
      "shouldPause": false
    },
    {
      "itemType": 184,
      "tilePositionOfsets": [
        7639
      ],
      "shouldPause": false
    },
    {
      "itemType": 183,
      "tilePositionOfsets": [
        7739
      ],
      "shouldPause": false
    },
    {
      "itemType": 182,
      "tilePositionOfsets": [
        7839
      ],
      "shouldPause": false
    },
    {
      "itemType": 181,
      "tilePositionOfsets": [
        7939
      ],
      "shouldPause": false
    },
    {
      "itemType": 114,
      "tilePositionOfsets": [
        7932
      ],
      "shouldPause": false
    },
    {
      "itemType": 76,
      "tilePositionOfsets": [
        6543
      ],
      "shouldPause": false
    },
    {
      "itemType": 92,
      "tilePositionOfsets": [
        6569
      ],
      "shouldPause": false
    },
    {
      "itemType": 75,
      "tilePositionOfsets": [
        6038
      ],
      "shouldPause": false
    },
    {
      "itemType": 75,
      "tilePositionOfsets": [
        6538
      ],
      "shouldPause": false
    },
    {
      "itemType": 75,
      "tilePositionOfsets": [
        7038
      ],
      "shouldPause": false
    },
    {
      "itemType": 92,
      "tilePositionOfsets": [
        6223
      ],
      "shouldPause": false
    },
    {
      "itemType": 25,
      "tilePositionOfsets": [
        4764,
        4664,
        4564
      ],
      "shouldPause": false
    },
    {
      "itemType": 185,
      "tilePositionOfsets": [
        5264
      ],
      "shouldPause": false
    },
    {
      "itemType": 184,
      "tilePositionOfsets": [
        5164
      ],
      "shouldPause": false
    },
    {
      "itemType": 183,
      "tilePositionOfsets": [
        5064
      ],
      "shouldPause": false
    },
    {
      "itemType": 182,
      "tilePositionOfsets": [
        4964
      ],
      "shouldPause": false
    },
    {
      "itemType": 181,
      "tilePositionOfsets": [
        4864
      ],
      "shouldPause": false
    },
    {
      "itemType": 110,
      "tilePositionOfsets": [
        4761
      ],
      "shouldPause": false
    },
    {
      "itemType": 25,
      "tilePositionOfsets": [
        4732,
        4632,
        4532
      ],
      "shouldPause": false
    },
    {
      "itemType": 185,
      "tilePositionOfsets": [
        5232
      ],
      "shouldPause": false
    },
    {
      "itemType": 184,
      "tilePositionOfsets": [
        5132
      ],
      "shouldPause": false
    },
    {
      "itemType": 183,
      "tilePositionOfsets": [
        5032
      ],
      "shouldPause": false
    },
    {
      "itemType": 182,
      "tilePositionOfsets": [
        4932
      ],
      "shouldPause": false
    },
    {
      "itemType": 181,
      "tilePositionOfsets": [
        4832
      ],
      "shouldPause": false
    },
    {
      "itemType": 110,
      "tilePositionOfsets": [
        4729
      ],
      "shouldPause": false
    },
    {
      "itemType": 106,
      "tilePositionOfsets": [
        8732,
        8733,
        8734,
        8735,
        8736,
        8737,
        8758,
        8759,
        8629,
        8630,
        8631,
        8632,
        8633,
        8634,
        8635,
        8636,
        8637,
        8638,
        8639,
        8640,
        8641,
        8655,
        8656,
        8657,
        8658,
        8659,
        8660,
        8528,
        8529,
        8530,
        8531,
        8532,
        8533,
        8534,
        8535,
        8536,
        8537,
        8538,
        8539,
        8540,
        8541,
        8542,
        8543,
        8549,
        8550,
        8551,
        8552,
        8553,
        8554,
        8555,
        8556,
        8557,
        8558,
        8559,
        8560,
        8561,
        8562,
        8427,
        8428,
        8429,
        8430,
        8431,
        8432,
        8433,
        8434,
        8435,
        8436,
        8441,
        8442,
        8443,
        8449,
        8450,
        8451,
        8452,
        8453,
        8454,
        8455,
        8456,
        8457,
        8458,
        8459,
        8460,
        8461,
        8462,
        8463,
        8464,
        8326,
        8327,
        8328,
        8329,
        8330,
        8342,
        8343,
        8349,
        8350,
        8351,
        8352,
        8353,
        8354,
        8361,
        8362,
        8363,
        8364,
        8365,
        8226,
        8227,
        8228,
        8229,
        8263,
        8264,
        8265,
        8266,
        8125,
        8126,
        8127,
        8128,
        8164,
        8165,
        8166,
        8167,
        8025,
        8026,
        8027,
        8028,
        8065,
        8066,
        8067,
        8068,
        7924,
        7925,
        7926,
        7927,
        7928,
        7966,
        7967,
        7968,
        7823,
        7824,
        7825,
        7826,
        7827,
        7866,
        7867,
        7868,
        7869,
        7723,
        7724,
        7725,
        7726,
        7727,
        7766,
        7767,
        7768,
        7769,
        7622,
        7623,
        7624,
        7625,
        7626,
        7627,
        7666,
        7667,
        7668,
        7669,
        7521,
        7522,
        7523,
        7524,
        7525,
        7526,
        7566,
        7567,
        7568,
        7569,
        7570,
        7420,
        7421,
        7422,
        7423,
        7424,
        7425,
        7426,
        7468,
        7469,
        7470,
        7471,
        7319,
        7320,
        7321,
        7322,
        7323,
        7324,
        7325,
        7369,
        7370,
        7371,
        7372,
        7373,
        7219,
        7220,
        7221,
        7222,
        7223,
        7270,
        7271,
        7272,
        7273,
        7274,
        7275,
        7276,
        7118,
        7119,
        7120,
        7121,
        7171,
        7172,
        7173,
        7174,
        7175,
        7176,
        7177,
        7178,
        7017,
        7018,
        7019,
        7020,
        7074,
        7075,
        7076,
        7077,
        7078,
        7079,
        6917,
        6918,
        6919,
        6976,
        6977,
        6978,
        6979,
        6980,
        6816,
        6817,
        6818,
        6819,
        6878,
        6879,
        6880,
        6716,
        6717,
        6718,
        6719,
        6778,
        6779,
        6780,
        6781,
        6615,
        6616,
        6617,
        6618,
        6679,
        6680,
        6681,
        6515,
        6516,
        6517,
        6518,
        6580,
        6581,
        6582,
        6414,
        6415,
        6416,
        6417,
        6480,
        6481,
        6482,
        6483,
        6315,
        6316,
        6317,
        6380,
        6381,
        6382,
        6383,
        6215,
        6216,
        6217,
        6281,
        6282,
        6283,
        6284,
        6115,
        6116,
        6181,
        6182,
        6183,
        6184,
        6185,
        6015,
        6016,
        6082,
        6083,
        6084,
        6085,
        5915,
        5916,
        5982,
        5983,
        5984,
        5985,
        5815,
        5816,
        5882,
        5883,
        5884,
        5713,
        5714,
        5715,
        5782,
        5783,
        5784,
        5612,
        5613,
        5614,
        5615,
        5682,
        5683,
        5684,
        5512,
        5513,
        5514,
        5515,
        5582,
        5583,
        5584,
        5412,
        5413,
        5414,
        5415,
        5482,
        5483,
        5484,
        5312,
        5313,
        5314,
        5315,
        5382,
        5383,
        5384,
        5385,
        5212,
        5213,
        5214,
        5215,
        5282,
        5283,
        5284,
        5112,
        5113,
        5114,
        5115,
        5182,
        5183,
        5184,
        5012,
        5013,
        5014,
        5015,
        5081,
        5082,
        5083,
        5084,
        4912,
        4913,
        4914,
        4915,
        4981,
        4982,
        4983,
        4984,
        4812,
        4813,
        4814,
        4815,
        4880,
        4881,
        4882,
        4883,
        4884,
        4712,
        4713,
        4714,
        4715,
        4716,
        4780,
        4781,
        4782,
        4783,
        4612,
        4613,
        4614,
        4615,
        4616,
        4679,
        4680,
        4681,
        4682,
        4683,
        4513,
        4514,
        4515,
        4516,
        4517,
        4578,
        4579,
        4580,
        4581,
        4582,
        4413,
        4414,
        4415,
        4416,
        4417,
        4478,
        4479,
        4480,
        4481,
        4482,
        4314,
        4315,
        4316,
        4317,
        4318,
        4377,
        4378,
        4379,
        4380,
        4381,
        4382,
        4214,
        4215,
        4216,
        4217,
        4218,
        4219,
        4220,
        4276,
        4277,
        4278,
        4279,
        4280,
        4115,
        4116,
        4117,
        4118,
        4119,
        4120,
        4121,
        4122,
        4123,
        4124,
        4175,
        4176,
        4177,
        4178,
        4179,
        4180,
        4017,
        4018,
        4019,
        4020,
        4021,
        4022,
        4023,
        4024,
        4025,
        4026,
        4027,
        4028,
        4074,
        4075,
        4076,
        4077,
        4078,
        3918,
        3919,
        3920,
        3921,
        3922,
        3923,
        3924,
        3925,
        3926,
        3927,
        3928,
        3929,
        3968,
        3969,
        3970,
        3971,
        3972,
        3973,
        3974,
        3975,
        3976,
        3977,
        3978,
        3818,
        3819,
        3820,
        3821,
        3822,
        3823,
        3824,
        3825,
        3826,
        3827,
        3828,
        3829,
        3830,
        3866,
        3867,
        3868,
        3869,
        3870,
        3871,
        3872,
        3873,
        3874,
        3875,
        3876,
        3721,
        3722,
        3723,
        3724,
        3725,
        3726,
        3727,
        3728,
        3729,
        3730,
        3731,
        3732,
        3733,
        3734,
        3735,
        3736,
        3737,
        3738,
        3761,
        3762,
        3763,
        3764,
        3765,
        3766,
        3767,
        3768,
        3769,
        3770,
        3771,
        3772,
        3773,
        3774,
        3627,
        3628,
        3629,
        3630,
        3631,
        3632,
        3633,
        3634,
        3635,
        3636,
        3637,
        3638,
        3639,
        3660,
        3661,
        3662,
        3663,
        3664,
        3665,
        3666,
        3667,
        3668,
        3669,
        3670,
        3529,
        3530,
        3531,
        3532,
        3533,
        3534,
        3535,
        3536,
        3537,
        3538,
        3539,
        3558,
        3559,
        3560,
        3561,
        3562,
        3563,
        3564,
        3565,
        3566,
        3567,
        3568,
        3431,
        3432,
        3433,
        3434,
        3435,
        3436,
        3437,
        3438,
        3439,
        3440,
        3441,
        3455,
        3456,
        3457,
        3458,
        3459,
        3460,
        3461,
        3462,
        3463,
        3464,
        3465,
        3333,
        3334,
        3335,
        3336,
        3337,
        3338,
        3339,
        3340,
        3341,
        3342,
        3343,
        3344,
        3353,
        3354,
        3355,
        3356,
        3357,
        3358,
        3359,
        3360,
        3361,
        3362,
        3236,
        3237,
        3238,
        3239,
        3240,
        3241,
        3242,
        3243,
        3244,
        3245,
        3246,
        3247,
        3248,
        3249,
        3250,
        3251,
        3252,
        3253,
        3254,
        3255,
        3256,
        3257,
        3258,
        3259,
        3260,
        3138,
        3139,
        3140,
        3141,
        3142,
        3143,
        3144,
        3145,
        3146,
        3147,
        3148,
        3149,
        3150,
        3151,
        3152,
        3153,
        3154,
        3155,
        3156,
        3157,
        3158,
        3041,
        3042,
        3043,
        3044,
        3045,
        3046,
        3047,
        3048,
        3049,
        3050,
        3051,
        3052,
        3053,
        3054,
        2944,
        2945,
        2946,
        2947,
        2948,
        2949,
        2950,
        2951
      ],
      "shouldPause": false
    },
    {
      "itemType": 144,
      "tilePositionOfsets": [
        2645
      ],
      "shouldPause": false
    },
    {
      "itemType": 106,
      "tilePositionOfsets": [
        9332,
        9333,
        9334,
        9335,
        9336,
        9227,
        9228,
        9229,
        9230,
        9231,
        9232,
        9233,
        9234,
        9235,
        9236,
        9237,
        9238,
        9239,
        9240,
        9241,
        9242,
        9258,
        9259,
        9126,
        9127,
        9128,
        9129,
        9130,
        9131,
        9132,
        9133,
        9136,
        9137,
        9138,
        9139,
        9140,
        9141,
        9142,
        9143,
        9144,
        9145,
        9146,
        9153,
        9154,
        9155,
        9156,
        9157,
        9158,
        9159,
        9160,
        9161,
        9162,
        9164,
        9165,
        9025,
        9026,
        9027,
        9028,
        9042,
        9043,
        9044,
        9045,
        9046,
        9047,
        9048,
        9049,
        9050,
        9051,
        9052,
        9053,
        9054,
        9055,
        9056,
        9057,
        9058,
        9059,
        9060,
        9061,
        9062,
        9063,
        9064,
        9065,
        8924,
        8925,
        8926,
        8945,
        8946,
        8947,
        8948,
        8949,
        8950,
        8951,
        8952,
        8953,
        8954,
        8963,
        8964,
        8965,
        8966,
        8823,
        8824,
        8825,
        8826,
        8864,
        8865,
        8866,
        8867,
        8868,
        8723,
        8724,
        8725,
        8765,
        8766,
        8767,
        8768,
        8769,
        8622,
        8623,
        8624,
        8667,
        8668,
        8669,
        8670,
        8671,
        8522,
        8523,
        8524,
        8569,
        8570,
        8571,
        8421,
        8422,
        8423,
        8469,
        8470,
        8471,
        8472,
        8320,
        8321,
        8322,
        8371,
        8372,
        8373,
        8219,
        8220,
        8221,
        8272,
        8273,
        8274,
        8118,
        8119,
        8120,
        8172,
        8173,
        8174,
        8017,
        8018,
        8019,
        8020,
        8073,
        8074,
        7916,
        7917,
        7918,
        7973,
        7974,
        7815,
        7816,
        7817,
        7873,
        7874,
        7875,
        7714,
        7715,
        7716,
        7774,
        7775,
        7776,
        7614,
        7615,
        7616,
        7674,
        7675,
        7676,
        7677,
        7678,
        7513,
        7514,
        7515,
        7576,
        7577,
        7578,
        7579,
        7580,
        7581,
        7413,
        7414,
        7478,
        7479,
        7480,
        7481,
        7312,
        7313,
        7314,
        7380,
        7381,
        7382,
        7383,
        7211,
        7212,
        7213,
        7282,
        7283,
        7111,
        7112,
        7182,
        7183,
        7184,
        7010,
        7011,
        7012,
        7083,
        7084,
        7085,
        7086,
        6910,
        6911,
        6984,
        6985,
        6986,
        6987,
        6810,
        6811,
        6885,
        6886,
        6887,
        6709,
        6710,
        6711,
        6786,
        6787,
        6609,
        6610,
        6686,
        6687,
        6688,
        6509,
        6510,
        6587,
        6588,
        6408,
        6409,
        6410,
        6487,
        6488,
        6489,
        6308,
        6309,
        6388,
        6389,
        6390,
        6208,
        6209,
        6289,
        6290,
        6108,
        6109,
        6189,
        6190,
        6008,
        6009,
        6089,
        6090,
        5908,
        5909,
        5989,
        5990,
        5991,
        5807,
        5808,
        5809,
        5890,
        5891,
        5707,
        5708,
        5790,
        5791,
        5607,
        5608,
        5690,
        5691,
        5506,
        5507,
        5508,
        5590,
        5591,
        5406,
        5407,
        5408,
        5490,
        5491,
        5306,
        5307,
        5390,
        5391,
        5206,
        5207,
        5290,
        5291,
        5106,
        5107,
        5190,
        5191,
        5006,
        5007,
        5089,
        5090,
        5091,
        4906,
        4907,
        4989,
        4990,
        4991,
        4806,
        4807,
        4889,
        4890,
        4706,
        4707,
        4708,
        4788,
        4789,
        4790,
        4607,
        4608,
        4688,
        4689,
        4690,
        4507,
        4508,
        4588,
        4589,
        4407,
        4408,
        4409,
        4487,
        4488,
        4489,
        4307,
        4308,
        4309,
        4386,
        4387,
        4388,
        4208,
        4209,
        4286,
        4287,
        4288,
        4108,
        4109,
        4185,
        4186,
        4187,
        4008,
        4009,
        4010,
        4011,
        4084,
        4085,
        4086,
        3909,
        3910,
        3911,
        3983,
        3984,
        3985,
        3986,
        3810,
        3811,
        3812,
        3881,
        3882,
        3883,
        3884,
        3885,
        3710,
        3711,
        3712,
        3713,
        3780,
        3781,
        3782,
        3783,
        3784,
        3611,
        3612,
        3613,
        3614,
        3679,
        3680,
        3681,
        3513,
        3514,
        3515,
        3516,
        3578,
        3579,
        3580,
        3415,
        3416,
        3417,
        3418,
        3419,
        3420,
        3477,
        3478,
        3479,
        3316,
        3317,
        3318,
        3319,
        3320,
        3321,
        3322,
        3375,
        3376,
        3377,
        3378,
        3219,
        3220,
        3221,
        3222,
        3223,
        3224,
        3225,
        3272,
        3273,
        3274,
        3275,
        3276,
        3277,
        3278,
        3122,
        3123,
        3124,
        3125,
        3126,
        3127,
        3128,
        3169,
        3170,
        3171,
        3172,
        3173,
        3174,
        3175,
        3176,
        3026,
        3027,
        3028,
        3029,
        3030,
        3031,
        3066,
        3067,
        3068,
        3069,
        3070,
        3071,
        3072,
        2928,
        2929,
        2930,
        2931,
        2932,
        2933,
        2964,
        2965,
        2966,
        2967,
        2968,
        2969,
        2830,
        2831,
        2832,
        2833,
        2834,
        2835,
        2836,
        2861,
        2862,
        2863,
        2864,
        2865,
        2866,
        2733,
        2734,
        2735,
        2736,
        2737,
        2738,
        2739,
        2740,
        2756,
        2757,
        2758,
        2759,
        2760,
        2761,
        2762,
        2763,
        2764,
        2636,
        2637,
        2638,
        2639,
        2640,
        2641,
        2642,
        2643,
        2644,
        2650,
        2651,
        2652,
        2653,
        2654,
        2655,
        2656,
        2657,
        2658,
        2659,
        2660,
        2661,
        2540,
        2541,
        2542,
        2543,
        2544,
        2550,
        2551,
        2552,
        2553,
        2554,
        2555,
        2556
      ],
      "shouldPause": false
    },
    {
      "itemType": 106,
      "tilePositionOfsets": [
        9529,
        9530,
        9531,
        9532,
        9533,
        9534,
        9535,
        9536,
        9537,
        9538,
        9539,
        9427,
        9428,
        9429,
        9430,
        9431,
        9432,
        9433,
        9434,
        9435,
        9436,
        9437,
        9438,
        9439,
        9440,
        9441,
        9442,
        9443,
        9444,
        9456,
        9457,
        9458,
        9459,
        9460,
        9324,
        9325,
        9326,
        9327,
        9328,
        9329,
        9330,
        9331,
        9337,
        9338,
        9339,
        9340,
        9341,
        9342,
        9343,
        9344,
        9345,
        9346,
        9351,
        9352,
        9353,
        9354,
        9355,
        9356,
        9357,
        9358,
        9359,
        9360,
        9361,
        9362,
        9363,
        9364,
        9365,
        9223,
        9224,
        9225,
        9226,
        9243,
        9244,
        9245,
        9246,
        9247,
        9248,
        9249,
        9250,
        9251,
        9252,
        9253,
        9254,
        9255,
        9256,
        9257,
        9260,
        9261,
        9262,
        9263,
        9264,
        9265,
        9266,
        9267,
        9123,
        9124,
        9125,
        9147,
        9148,
        9149,
        9150,
        9151,
        9152,
        9163,
        9166,
        9167,
        9168,
        9022,
        9023,
        9024,
        9066,
        9067,
        9068,
        8921,
        8922,
        8923,
        8967,
        8968,
        8969,
        8970,
        8821,
        8822,
        8869,
        8870,
        8871,
        8719,
        8720,
        8721,
        8722,
        8770,
        8771,
        8772,
        8773,
        8618,
        8619,
        8620,
        8621,
        8672,
        8673,
        8674,
        8517,
        8518,
        8519,
        8520,
        8521,
        8572,
        8573,
        8574,
        8575,
        8417,
        8418,
        8419,
        8420,
        8473,
        8474,
        8475,
        8315,
        8316,
        8317,
        8318,
        8319,
        8374,
        8375,
        8214,
        8215,
        8216,
        8217,
        8218,
        8275,
        8276,
        8113,
        8114,
        8115,
        8116,
        8117,
        8175,
        8176,
        8013,
        8014,
        8015,
        8016,
        8075,
        8076,
        8077,
        7912,
        7913,
        7914,
        7915,
        7975,
        7976,
        7977,
        7978,
        7811,
        7812,
        7813,
        7814,
        7876,
        7877,
        7878,
        7879,
        7880,
        7881,
        7710,
        7711,
        7712,
        7713,
        7777,
        7778,
        7779,
        7780,
        7781,
        7610,
        7611,
        7612,
        7613,
        7679,
        7680,
        7681,
        7682,
        7683,
        7509,
        7510,
        7511,
        7512,
        7582,
        7583,
        7584,
        7409,
        7410,
        7411,
        7412,
        7482,
        7483,
        7484,
        7485,
        7308,
        7309,
        7310,
        7311,
        7384,
        7385,
        7386,
        7208,
        7209,
        7210,
        7284,
        7285,
        7286,
        7287,
        7108,
        7109,
        7110,
        7185,
        7186,
        7187,
        7188,
        7008,
        7009,
        7087,
        7088,
        7089,
        6907,
        6908,
        6909,
        6988,
        6989,
        6807,
        6808,
        6809,
        6888,
        6889,
        6890,
        6706,
        6707,
        6708,
        6788,
        6789,
        6790,
        6606,
        6607,
        6608,
        6689,
        6690,
        6691,
        6506,
        6507,
        6508,
        6589,
        6590,
        6591,
        6592,
        6406,
        6407,
        6490,
        6491,
        6492,
        6305,
        6306,
        6307,
        6391,
        6392,
        6393,
        6205,
        6206,
        6207,
        6291,
        6292,
        6293,
        6105,
        6106,
        6107,
        6191,
        6192,
        6193,
        6005,
        6006,
        6007,
        6091,
        6092,
        6093,
        5905,
        5906,
        5907,
        5992,
        5993,
        5804,
        5805,
        5806,
        5892,
        5893,
        5703,
        5704,
        5705,
        5706,
        5792,
        5793,
        5603,
        5604,
        5605,
        5606,
        5692,
        5693,
        5503,
        5504,
        5505,
        5592,
        5593,
        5403,
        5404,
        5405,
        5492,
        5493,
        5304,
        5305,
        5392,
        5393,
        5204,
        5205,
        5292,
        5293,
        5294,
        5104,
        5105,
        5192,
        5193,
        5194,
        5004,
        5005,
        5092,
        5093,
        5094,
        4904,
        4905,
        4992,
        4993,
        4994,
        4804,
        4805,
        4891,
        4892,
        4893,
        4704,
        4705,
        4791,
        4792,
        4793,
        4604,
        4605,
        4606,
        4691,
        4692,
        4693,
        4504,
        4505,
        4506,
        4590,
        4591,
        4592,
        4404,
        4405,
        4406,
        4490,
        4491,
        4492,
        4304,
        4305,
        4306,
        4389,
        4390,
        4391,
        4204,
        4205,
        4206,
        4207,
        4289,
        4290,
        4104,
        4105,
        4106,
        4107,
        4188,
        4189,
        4190,
        4005,
        4006,
        4007,
        4087,
        4088,
        4089,
        4090,
        3905,
        3906,
        3907,
        3908,
        3987,
        3988,
        3989,
        3806,
        3807,
        3808,
        3809,
        3886,
        3887,
        3888,
        3706,
        3707,
        3708,
        3709,
        3785,
        3786,
        3787,
        3606,
        3607,
        3608,
        3609,
        3610,
        3682,
        3683,
        3684,
        3685,
        3686,
        3508,
        3509,
        3510,
        3511,
        3512,
        3581,
        3582,
        3583,
        3584,
        3585,
        3410,
        3411,
        3412,
        3413,
        3414,
        3480,
        3481,
        3482,
        3311,
        3312,
        3313,
        3314,
        3315,
        3379,
        3380,
        3381,
        3212,
        3213,
        3214,
        3215,
        3216,
        3217,
        3218,
        3279,
        3280,
        3281,
        3114,
        3115,
        3116,
        3117,
        3118,
        3119,
        3120,
        3121,
        3177,
        3178,
        3179,
        3180,
        3015,
        3016,
        3017,
        3018,
        3019,
        3020,
        3021,
        3022,
        3023,
        3024,
        3025,
        3073,
        3074,
        3075,
        3076,
        3077,
        2918,
        2919,
        2920,
        2921,
        2922,
        2923,
        2924,
        2925,
        2926,
        2927,
        2970,
        2971,
        2972,
        2973,
        2974,
        2975,
        2820,
        2821,
        2822,
        2823,
        2824,
        2825,
        2826,
        2827,
        2828,
        2829,
        2867,
        2868,
        2869,
        2870,
        2871,
        2872,
        2873,
        2721,
        2722,
        2723,
        2724,
        2725,
        2726,
        2727,
        2728,
        2729,
        2730,
        2731,
        2732,
        2765,
        2766,
        2767,
        2768,
        2769,
        2625,
        2626,
        2627,
        2628,
        2629,
        2630,
        2631,
        2632,
        2633,
        2634,
        2635,
        2662,
        2663,
        2664,
        2665,
        2666,
        2667,
        2668,
        2669,
        2529,
        2530,
        2531,
        2532,
        2533,
        2534,
        2535,
        2536,
        2537,
        2538,
        2539,
        2557,
        2558,
        2559,
        2560,
        2561,
        2562,
        2563,
        2564,
        2565,
        2566,
        2431,
        2432,
        2433,
        2434,
        2435,
        2436,
        2437,
        2438,
        2439,
        2440,
        2441,
        2442,
        2443,
        2444,
        2450,
        2451,
        2452,
        2453,
        2454,
        2455,
        2456,
        2457,
        2458,
        2459,
        2460,
        2461,
        2462,
        2463,
        2464,
        2336,
        2337,
        2338,
        2339,
        2340,
        2341,
        2342,
        2343,
        2344,
        2350,
        2351,
        2352,
        2353,
        2354,
        2355,
        2356,
        2357,
        2358,
        2359,
        2360,
        2240,
        2241,
        2242,
        2243,
        2244,
        2250,
        2251,
        2252,
        2253,
        2254,
        2255,
        2256,
        2257
      ],
      "shouldPause": false
    },
    {
      "itemType": 144,
      "tilePositionOfsets": [
        5885
      ],
      "shouldPause": false
    },
    {
      "itemType": 144,
      "tilePositionOfsets": [
        6210
      ],
      "shouldPause": false
    },
    {
      "itemType": 313,
      "tilePositionOfsets": [
        5977
      ],
      "shouldPause": false
    },
    {
      "itemType": 313,
      "tilePositionOfsets": [
        5778
      ],
      "shouldPause": false
    },
    {
      "itemType": 313,
      "tilePositionOfsets": [
        5578
      ],
      "shouldPause": false
    },
    {
      "itemType": 313,
      "tilePositionOfsets": [
        5776
      ],
      "shouldPause": false
    },
    {
      "itemType": 313,
      "tilePositionOfsets": [
        4975
      ],
      "shouldPause": false
    },
    {
      "itemType": 313,
      "tilePositionOfsets": [
        4774
      ],
      "shouldPause": false
    },
    {
      "itemType": 313,
      "tilePositionOfsets": [
        4472
      ],
      "shouldPause": false
    },
    {
      "itemType": 313,
      "tilePositionOfsets": [
        4672
      ],
      "shouldPause": false
    },
    {
      "itemType": 313,
      "tilePositionOfsets": [
        4370
      ],
      "shouldPause": false
    },
    {
      "itemType": 313,
      "tilePositionOfsets": [
        3855
      ],
      "shouldPause": false
    },
    {
      "itemType": 313,
      "tilePositionOfsets": [
        3853
      ],
      "shouldPause": false
    },
    {
      "itemType": 313,
      "tilePositionOfsets": [
        3750
      ],
      "shouldPause": false
    },
    {
      "itemType": 313,
      "tilePositionOfsets": [
        3747
      ],
      "shouldPause": false
    },
    {
      "itemType": 313,
      "tilePositionOfsets": [
        3743
      ],
      "shouldPause": false
    },
    {
      "itemType": 313,
      "tilePositionOfsets": [
        3943
      ],
      "shouldPause": false
    },
    {
      "itemType": 313,
      "tilePositionOfsets": [
        3941
      ],
      "shouldPause": false
    },
    {
      "itemType": 313,
      "tilePositionOfsets": [
        4137
      ],
      "shouldPause": false
    },
    {
      "itemType": 313,
      "tilePositionOfsets": [
        4135
      ],
      "shouldPause": false
    },
    {
      "itemType": 313,
      "tilePositionOfsets": [
        4231
      ],
      "shouldPause": false
    },
    {
      "itemType": 313,
      "tilePositionOfsets": [
        4329
      ],
      "shouldPause": false
    },
    {
      "itemType": 313,
      "tilePositionOfsets": [
        4425
      ],
      "shouldPause": false
    },
    {
      "itemType": 313,
      "tilePositionOfsets": [
        4523
      ],
      "shouldPause": false
    },
    {
      "itemType": 313,
      "tilePositionOfsets": [
        4621
      ],
      "shouldPause": false
    },
    {
      "itemType": 313,
      "tilePositionOfsets": [
        4819
      ],
      "shouldPause": false
    },
    {
      "itemType": 313,
      "tilePositionOfsets": [
        5019
      ],
      "shouldPause": false
    },
    {
      "itemType": 313,
      "tilePositionOfsets": [
        5218
      ],
      "shouldPause": false
    },
    {
      "itemType": 318,
      "tilePositionOfsets": [
        4821
      ],
      "shouldPause": false
    },
    {
      "itemType": 318,
      "tilePositionOfsets": [
        4625
      ],
      "shouldPause": false
    },
    {
      "itemType": 318,
      "tilePositionOfsets": [
        4427
      ],
      "shouldPause": false
    },
    {
      "itemType": 318,
      "tilePositionOfsets": [
        4133
      ],
      "shouldPause": false
    },
    {
      "itemType": 318,
      "tilePositionOfsets": [
        4039
      ],
      "shouldPause": false
    },
    {
      "itemType": 318,
      "tilePositionOfsets": [
        3951
      ],
      "shouldPause": false
    },
    {
      "itemType": 318,
      "tilePositionOfsets": [
        3957
      ],
      "shouldPause": false
    },
    {
      "itemType": 318,
      "tilePositionOfsets": [
        4059
      ],
      "shouldPause": false
    },
    {
      "itemType": 318,
      "tilePositionOfsets": [
        4161
      ],
      "shouldPause": false
    },
    {
      "itemType": 318,
      "tilePositionOfsets": [
        4263
      ],
      "shouldPause": false
    },
    {
      "itemType": 318,
      "tilePositionOfsets": [
        4368
      ],
      "shouldPause": false
    },
    {
      "itemType": 318,
      "tilePositionOfsets": [
        4265
      ],
      "shouldPause": false
    },
    {
      "itemType": 318,
      "tilePositionOfsets": [
        5177
      ],
      "shouldPause": false
    },
    {
      "itemType": 318,
      "tilePositionOfsets": [
        5378
      ],
      "shouldPause": false
    },
    {
      "itemType": 318,
      "tilePositionOfsets": [
        3745
      ],
      "shouldPause": false
    },
    {
      "itemType": 318,
      "tilePositionOfsets": [
        3949
      ],
      "shouldPause": false
    },
    {
      "itemType": 318,
      "tilePositionOfsets": [
        4259
      ],
      "shouldPause": false
    },
    {
      "itemType": 318,
      "tilePositionOfsets": [
        5576
      ],
      "shouldPause": false
    },
    {
      "itemType": 318,
      "tilePositionOfsets": [
        5376
      ],
      "shouldPause": false
    },
    {
      "itemType": 98,
      "tilePositionOfsets": [
        8648
      ],
      "shouldPause": false
    },
    {
      "itemType": 98,
      "tilePositionOfsets": [
        8646
      ],
      "shouldPause": false
    },
    {
      "itemType": 98,
      "tilePositionOfsets": [
        8748
      ],
      "shouldPause": false
    },
    {
      "itemType": 98,
      "tilePositionOfsets": [
        8745
      ],
      "shouldPause": false
    },
    {
      "itemType": 98,
      "tilePositionOfsets": [
        8644
      ],
      "shouldPause": false
    },
    {
      "itemType": 98,
      "tilePositionOfsets": [
        8846
      ],
      "shouldPause": false
    },
    {
      "itemType": 98,
      "tilePositionOfsets": [
        8848
      ],
      "shouldPause": false
    },
    {
      "itemType": 98,
      "tilePositionOfsets": [
        8747
      ],
      "shouldPause": false
    },
    {
      "itemType": 98,
      "tilePositionOfsets": [
        8845
      ],
      "shouldPause": false
    },
    {
      "itemType": 98,
      "tilePositionOfsets": [
        8643
      ],
      "shouldPause": false
    },
    {
      "itemType": 98,
      "tilePositionOfsets": [
        5709
      ],
      "shouldPause": false
    },
    {
      "itemType": 98,
      "tilePositionOfsets": [
        5710
      ],
      "shouldPause": false
    },
    {
      "itemType": 98,
      "tilePositionOfsets": [
        5510
      ],
      "shouldPause": false
    },
    {
      "itemType": 98,
      "tilePositionOfsets": [
        5712
      ],
      "shouldPause": false
    },
    {
      "itemType": 98,
      "tilePositionOfsets": [
        5611
      ],
      "shouldPause": false
    },
    {
      "itemType": 98,
      "tilePositionOfsets": [
        5411
      ],
      "shouldPause": false
    },
    {
      "itemType": 98,
      "tilePositionOfsets": [
        5509
      ],
      "shouldPause": false
    },
    {
      "itemType": 98,
      "tilePositionOfsets": [
        5609
      ],
      "shouldPause": false
    },
    {
      "itemType": 98,
      "tilePositionOfsets": [
        5288
      ],
      "shouldPause": false
    },
    {
      "itemType": 98,
      "tilePositionOfsets": [
        5388
      ],
      "shouldPause": false
    },
    {
      "itemType": 98,
      "tilePositionOfsets": [
        5389
      ],
      "shouldPause": false
    },
    {
      "itemType": 98,
      "tilePositionOfsets": [
        5289
      ],
      "shouldPause": false
    },
    {
      "itemType": 98,
      "tilePositionOfsets": [
        5285
      ],
      "shouldPause": false
    },
    {
      "itemType": 98,
      "tilePositionOfsets": [
        5387
      ],
      "shouldPause": false
    },
    {
      "itemType": 98,
      "tilePositionOfsets": [
        5186
      ],
      "shouldPause": false
    },
    {
      "itemType": 98,
      "tilePositionOfsets": [
        5386
      ],
      "shouldPause": false
    },
    {
      "itemType": 98,
      "tilePositionOfsets": [
        5187
      ],
      "shouldPause": false
    },
    {
      "itemType": 98,
      "tilePositionOfsets": [
        2749
      ],
      "shouldPause": false
    },
    {
      "itemType": 98,
      "tilePositionOfsets": [
        2747
      ],
      "shouldPause": false
    },
    {
      "itemType": 98,
      "tilePositionOfsets": [
        2745
      ],
      "shouldPause": false
    },
    {
      "itemType": 98,
      "tilePositionOfsets": [
        2746
      ],
      "shouldPause": false
    },
    {
      "itemType": 98,
      "tilePositionOfsets": [
        2849
      ],
      "shouldPause": false
    },
    {
      "itemType": 98,
      "tilePositionOfsets": [
        2748
      ],
      "shouldPause": false
    },
    {
      "itemType": 98,
      "tilePositionOfsets": [
        2847
      ],
      "shouldPause": false
    },
    {
      "itemType": 98,
      "tilePositionOfsets": [
        2146
      ],
      "shouldPause": false
    },
    {
      "itemType": 98,
      "tilePositionOfsets": [
        2147
      ],
      "shouldPause": false
    },
    {
      "itemType": 98,
      "tilePositionOfsets": [
        2149
      ],
      "shouldPause": false
    },
    {
      "itemType": 98,
      "tilePositionOfsets": [
        2150
      ],
      "shouldPause": false
    },
    {
      "itemType": 98,
      "tilePositionOfsets": [
        2049
      ],
      "shouldPause": false
    },
    {
      "itemType": 98,
      "tilePositionOfsets": [
        1948
      ],
      "shouldPause": false
    },
    {
      "itemType": 98,
      "tilePositionOfsets": [
        1945
      ],
      "shouldPause": false
    },
    {
      "itemType": 98,
      "tilePositionOfsets": [
        2044
      ],
      "shouldPause": false
    },
    {
      "itemType": 98,
      "tilePositionOfsets": [
        2144
      ],
      "shouldPause": false
    },
    {
      "itemType": 98,
      "tilePositionOfsets": [
        2045
      ],
      "shouldPause": false
    },
    {
      "itemType": 98,
      "tilePositionOfsets": [
        2047
      ],
      "shouldPause": false
    },
    {
      "itemType": 98,
      "tilePositionOfsets": [
        4887
      ],
      "shouldPause": false
    },
    {
      "itemType": 98,
      "tilePositionOfsets": [
        4786
      ],
      "shouldPause": false
    },
    {
      "itemType": 98,
      "tilePositionOfsets": [
        4182
      ],
      "shouldPause": false
    },
    {
      "itemType": 98,
      "tilePositionOfsets": [
        3980
      ],
      "shouldPause": false
    },
    {
      "itemType": 98,
      "tilePositionOfsets": [
        3675
      ],
      "shouldPause": false
    },
    {
      "itemType": 98,
      "tilePositionOfsets": [
        3364
      ],
      "shouldPause": false
    },
    {
      "itemType": 98,
      "tilePositionOfsets": [
        3162
      ],
      "shouldPause": false
    },
    {
      "itemType": 98,
      "tilePositionOfsets": [
        2952
      ],
      "shouldPause": false
    },
    {
      "itemType": 98,
      "tilePositionOfsets": [
        2848
      ],
      "shouldPause": false
    },
    {
      "itemType": 98,
      "tilePositionOfsets": [
        2843
      ],
      "shouldPause": false
    },
    {
      "itemType": 98,
      "tilePositionOfsets": [
        2934
      ],
      "shouldPause": false
    },
    {
      "itemType": 98,
      "tilePositionOfsets": [
        3032
      ],
      "shouldPause": false
    },
    {
      "itemType": 98,
      "tilePositionOfsets": [
        3326
      ],
      "shouldPause": false
    },
    {
      "itemType": 98,
      "tilePositionOfsets": [
        3619
      ],
      "shouldPause": false
    },
    {
      "itemType": 98,
      "tilePositionOfsets": [
        3815
      ],
      "shouldPause": false
    },
    {
      "itemType": 98,
      "tilePositionOfsets": [
        4810
      ],
      "shouldPause": false
    },
    {
      "itemType": 98,
      "tilePositionOfsets": [
        4211
      ],
      "shouldPause": false
    },
    {
      "itemType": 98,
      "tilePositionOfsets": [
        4112
      ],
      "shouldPause": false
    },
    {
      "itemType": 98,
      "tilePositionOfsets": [
        4908
      ],
      "shouldPause": false
    },
    {
      "itemType": 98,
      "tilePositionOfsets": [
        5109
      ],
      "shouldPause": false
    },
    {
      "itemType": 98,
      "tilePositionOfsets": [
        6413
      ],
      "shouldPause": false
    },
    {
      "itemType": 98,
      "tilePositionOfsets": [
        6814
      ],
      "shouldPause": false
    },
    {
      "itemType": 98,
      "tilePositionOfsets": [
        7215
      ],
      "shouldPause": false
    },
    {
      "itemType": 98,
      "tilePositionOfsets": [
        7518
      ],
      "shouldPause": false
    },
    {
      "itemType": 98,
      "tilePositionOfsets": [
        7820
      ],
      "shouldPause": false
    },
    {
      "itemType": 98,
      "tilePositionOfsets": [
        8222
      ],
      "shouldPause": false
    },
    {
      "itemType": 98,
      "tilePositionOfsets": [
        8526
      ],
      "shouldPause": false
    },
    {
      "itemType": 98,
      "tilePositionOfsets": [
        8727
      ],
      "shouldPause": false
    },
    {
      "itemType": 98,
      "tilePositionOfsets": [
        8829
      ],
      "shouldPause": false
    },
    {
      "itemType": 98,
      "tilePositionOfsets": [
        8833
      ],
      "shouldPause": false
    },
    {
      "itemType": 98,
      "tilePositionOfsets": [
        8837
      ],
      "shouldPause": false
    },
    {
      "itemType": 98,
      "tilePositionOfsets": [
        8844
      ],
      "shouldPause": false
    },
    {
      "itemType": 98,
      "tilePositionOfsets": [
        8847
      ],
      "shouldPause": false
    },
    {
      "itemType": 98,
      "tilePositionOfsets": [
        8855
      ],
      "shouldPause": false
    },
    {
      "itemType": 98,
      "tilePositionOfsets": [
        8861
      ],
      "shouldPause": false
    },
    {
      "itemType": 98,
      "tilePositionOfsets": [
        8764
      ],
      "shouldPause": false
    },
    {
      "itemType": 98,
      "tilePositionOfsets": [
        8368
      ],
      "shouldPause": false
    },
    {
      "itemType": 98,
      "tilePositionOfsets": [
        8071
      ],
      "shouldPause": false
    },
    {
      "itemType": 98,
      "tilePositionOfsets": [
        7772
      ],
      "shouldPause": false
    },
    {
      "itemType": 98,
      "tilePositionOfsets": [
        7673
      ],
      "shouldPause": false
    },
    {
      "itemType": 98,
      "tilePositionOfsets": [
        7279
      ],
      "shouldPause": false
    },
    {
      "itemType": 98,
      "tilePositionOfsets": [
        6882
      ],
      "shouldPause": false
    },
    {
      "itemType": 98,
      "tilePositionOfsets": [
        6385
      ],
      "shouldPause": false
    },
    {
      "itemType": 98,
      "tilePositionOfsets": [
        6285
      ],
      "shouldPause": false
    },
    {
      "itemType": 98,
      "tilePositionOfsets": [
        4686
      ],
      "shouldPause": false
    },
    {
      "itemType": 98,
      "tilePositionOfsets": [
        4384
      ],
      "shouldPause": false
    },
    {
      "itemType": 98,
      "tilePositionOfsets": [
        4282
      ],
      "shouldPause": false
    },
    {
      "itemType": 98,
      "tilePositionOfsets": [
        3879
      ],
      "shouldPause": false
    },
    {
      "itemType": 98,
      "tilePositionOfsets": [
        3676
      ],
      "shouldPause": false
    },
    {
      "itemType": 98,
      "tilePositionOfsets": [
        3371
      ],
      "shouldPause": false
    },
    {
      "itemType": 98,
      "tilePositionOfsets": [
        3571
      ],
      "shouldPause": false
    },
    {
      "itemType": 98,
      "tilePositionOfsets": [
        3166
      ],
      "shouldPause": false
    },
    {
      "itemType": 98,
      "tilePositionOfsets": [
        3469
      ],
      "shouldPause": false
    },
    {
      "itemType": 98,
      "tilePositionOfsets": [
        3161
      ],
      "shouldPause": false
    },
    {
      "itemType": 98,
      "tilePositionOfsets": [
        3265
      ],
      "shouldPause": false
    },
    {
      "itemType": 98,
      "tilePositionOfsets": [
        2860
      ],
      "shouldPause": false
    },
    {
      "itemType": 98,
      "tilePositionOfsets": [
        2755
      ],
      "shouldPause": false
    },
    {
      "itemType": 98,
      "tilePositionOfsets": [
        3060
      ],
      "shouldPause": false
    },
    {
      "itemType": 98,
      "tilePositionOfsets": [
        2752
      ],
      "shouldPause": false
    },
    {
      "itemType": 98,
      "tilePositionOfsets": [
        3057
      ],
      "shouldPause": false
    },
    {
      "itemType": 98,
      "tilePositionOfsets": [
        3059
      ],
      "shouldPause": false
    },
    {
      "itemType": 98,
      "tilePositionOfsets": [
        2852
      ],
      "shouldPause": false
    },
    {
      "itemType": 98,
      "tilePositionOfsets": [
        2853
      ],
      "shouldPause": false
    },
    {
      "itemType": 98,
      "tilePositionOfsets": [
        2957
      ],
      "shouldPause": false
    },
    {
      "itemType": 98,
      "tilePositionOfsets": [
        2955
      ],
      "shouldPause": false
    },
    {
      "itemType": 98,
      "tilePositionOfsets": [
        3056
      ],
      "shouldPause": false
    },
    {
      "itemType": 98,
      "tilePositionOfsets": [
        2841
      ],
      "shouldPause": false
    },
    {
      "itemType": 98,
      "tilePositionOfsets": [
        2935
      ],
      "shouldPause": false
    },
    {
      "itemType": 98,
      "tilePositionOfsets": [
        3034
      ],
      "shouldPause": false
    },
    {
      "itemType": 98,
      "tilePositionOfsets": [
        2942
      ],
      "shouldPause": false
    },
    {
      "itemType": 98,
      "tilePositionOfsets": [
        3039
      ],
      "shouldPause": false
    },
    {
      "itemType": 98,
      "tilePositionOfsets": [
        2939
      ],
      "shouldPause": false
    },
    {
      "itemType": 98,
      "tilePositionOfsets": [
        2938
      ],
      "shouldPause": false
    },
    {
      "itemType": 98,
      "tilePositionOfsets": [
        3035
      ],
      "shouldPause": false
    },
    {
      "itemType": 98,
      "tilePositionOfsets": [
        3234
      ],
      "shouldPause": false
    },
    {
      "itemType": 98,
      "tilePositionOfsets": [
        3132
      ],
      "shouldPause": false
    },
    {
      "itemType": 98,
      "tilePositionOfsets": [
        3327
      ],
      "shouldPause": false
    },
    {
      "itemType": 98,
      "tilePositionOfsets": [
        3229
      ],
      "shouldPause": false
    },
    {
      "itemType": 98,
      "tilePositionOfsets": [
        3230
      ],
      "shouldPause": false
    },
    {
      "itemType": 98,
      "tilePositionOfsets": [
        3427
      ],
      "shouldPause": false
    },
    {
      "itemType": 98,
      "tilePositionOfsets": [
        3324
      ],
      "shouldPause": false
    },
    {
      "itemType": 98,
      "tilePositionOfsets": [
        3226
      ],
      "shouldPause": false
    },
    {
      "itemType": 98,
      "tilePositionOfsets": [
        3520
      ],
      "shouldPause": false
    },
    {
      "itemType": 98,
      "tilePositionOfsets": [
        3521
      ],
      "shouldPause": false
    },
    {
      "itemType": 98,
      "tilePositionOfsets": [
        3625
      ],
      "shouldPause": false
    },
    {
      "itemType": 98,
      "tilePositionOfsets": [
        3524
      ],
      "shouldPause": false
    },
    {
      "itemType": 98,
      "tilePositionOfsets": [
        3423
      ],
      "shouldPause": false
    },
    {
      "itemType": 98,
      "tilePositionOfsets": [
        3720
      ],
      "shouldPause": false
    },
    {
      "itemType": 98,
      "tilePositionOfsets": [
        3718
      ],
      "shouldPause": false
    },
    {
      "itemType": 98,
      "tilePositionOfsets": [
        3716
      ],
      "shouldPause": false
    },
    {
      "itemType": 98,
      "tilePositionOfsets": [
        3617
      ],
      "shouldPause": false
    },
    {
      "itemType": 98,
      "tilePositionOfsets": [
        4014
      ],
      "shouldPause": false
    },
    {
      "itemType": 98,
      "tilePositionOfsets": [
        3813
      ],
      "shouldPause": false
    },
    {
      "itemType": 98,
      "tilePositionOfsets": [
        4013
      ],
      "shouldPause": false
    },
    {
      "itemType": 98,
      "tilePositionOfsets": [
        4312
      ],
      "shouldPause": false
    },
    {
      "itemType": 98,
      "tilePositionOfsets": [
        4809
      ],
      "shouldPause": false
    },
    {
      "itemType": 98,
      "tilePositionOfsets": [
        5210
      ],
      "shouldPause": false
    },
    {
      "itemType": 98,
      "tilePositionOfsets": [
        5310
      ],
      "shouldPause": false
    },
    {
      "itemType": 98,
      "tilePositionOfsets": [
        4610
      ],
      "shouldPause": false
    },
    {
      "itemType": 98,
      "tilePositionOfsets": [
        4310
      ],
      "shouldPause": false
    },
    {
      "itemType": 98,
      "tilePositionOfsets": [
        5111
      ],
      "shouldPause": false
    },
    {
      "itemType": 98,
      "tilePositionOfsets": [
        6412
      ],
      "shouldPause": false
    },
    {
      "itemType": 98,
      "tilePositionOfsets": [
        6714
      ],
      "shouldPause": false
    },
    {
      "itemType": 98,
      "tilePositionOfsets": [
        7216
      ],
      "shouldPause": false
    },
    {
      "itemType": 98,
      "tilePositionOfsets": [
        6411
      ],
      "shouldPause": false
    },
    {
      "itemType": 98,
      "tilePositionOfsets": [
        6713
      ],
      "shouldPause": false
    },
    {
      "itemType": 98,
      "tilePositionOfsets": [
        7014
      ],
      "shouldPause": false
    },
    {
      "itemType": 98,
      "tilePositionOfsets": [
        7318
      ],
      "shouldPause": false
    },
    {
      "itemType": 98,
      "tilePositionOfsets": [
        7719
      ],
      "shouldPause": false
    },
    {
      "itemType": 98,
      "tilePositionOfsets": [
        8121
      ],
      "shouldPause": false
    },
    {
      "itemType": 98,
      "tilePositionOfsets": [
        8323
      ],
      "shouldPause": false
    },
    {
      "itemType": 98,
      "tilePositionOfsets": [
        8425
      ],
      "shouldPause": false
    },
    {
      "itemType": 98,
      "tilePositionOfsets": [
        8324
      ],
      "shouldPause": false
    },
    {
      "itemType": 98,
      "tilePositionOfsets": [
        7821
      ],
      "shouldPause": false
    },
    {
      "itemType": 98,
      "tilePositionOfsets": [
        8022
      ],
      "shouldPause": false
    },
    {
      "itemType": 98,
      "tilePositionOfsets": [
        8123
      ],
      "shouldPause": false
    },
    {
      "itemType": 98,
      "tilePositionOfsets": [
        8731
      ],
      "shouldPause": false
    },
    {
      "itemType": 98,
      "tilePositionOfsets": [
        8931
      ],
      "shouldPause": false
    },
    {
      "itemType": 98,
      "tilePositionOfsets": [
        9035
      ],
      "shouldPause": false
    },
    {
      "itemType": 98,
      "tilePositionOfsets": [
        9036
      ],
      "shouldPause": false
    },
    {
      "itemType": 98,
      "tilePositionOfsets": [
        8938
      ],
      "shouldPause": false
    },
    {
      "itemType": 98,
      "tilePositionOfsets": [
        8940
      ],
      "shouldPause": false
    },
    {
      "itemType": 98,
      "tilePositionOfsets": [
        8838
      ],
      "shouldPause": false
    },
    {
      "itemType": 98,
      "tilePositionOfsets": [
        8842
      ],
      "shouldPause": false
    },
    {
      "itemType": 98,
      "tilePositionOfsets": [
        8739
      ],
      "shouldPause": false
    },
    {
      "itemType": 98,
      "tilePositionOfsets": [
        8751
      ],
      "shouldPause": false
    },
    {
      "itemType": 98,
      "tilePositionOfsets": [
        8754
      ],
      "shouldPause": false
    },
    {
      "itemType": 98,
      "tilePositionOfsets": [
        8850
      ],
      "shouldPause": false
    },
    {
      "itemType": 98,
      "tilePositionOfsets": [
        8856
      ],
      "shouldPause": false
    },
    {
      "itemType": 98,
      "tilePositionOfsets": [
        8959
      ],
      "shouldPause": false
    },
    {
      "itemType": 98,
      "tilePositionOfsets": [
        8663
      ],
      "shouldPause": false
    },
    {
      "itemType": 98,
      "tilePositionOfsets": [
        8366
      ],
      "shouldPause": false
    },
    {
      "itemType": 98,
      "tilePositionOfsets": [
        8069
      ],
      "shouldPause": false
    },
    {
      "itemType": 98,
      "tilePositionOfsets": [
        7871
      ],
      "shouldPause": false
    },
    {
      "itemType": 98,
      "tilePositionOfsets": [
        7473
      ],
      "shouldPause": false
    },
    {
      "itemType": 98,
      "tilePositionOfsets": [
        7375
      ],
      "shouldPause": false
    },
    {
      "itemType": 98,
      "tilePositionOfsets": [
        7081
      ],
      "shouldPause": false
    },
    {
      "itemType": 98,
      "tilePositionOfsets": [
        6783
      ],
      "shouldPause": false
    },
    {
      "itemType": 98,
      "tilePositionOfsets": [
        6485
      ],
      "shouldPause": false
    },
    {
      "itemType": 98,
      "tilePositionOfsets": [
        6088
      ],
      "shouldPause": false
    },
    {
      "itemType": 98,
      "tilePositionOfsets": [
        6387
      ],
      "shouldPause": false
    },
    {
      "itemType": 98,
      "tilePositionOfsets": [
        6087
      ],
      "shouldPause": false
    },
    {
      "itemType": 98,
      "tilePositionOfsets": [
        6585
      ],
      "shouldPause": false
    }
  ],
  "miscItems": [
    {
      "positionOfset": 7362,
      "itemType": 5,
      "number": 0
    },
    {
      "positionOfset": 6868,
      "itemType": 5,
      "number": 1
    },
    {
      "positionOfset": 7230,
      "itemType": 5,
      "number": 2
    },
    {
      "positionOfset": 6825,
      "itemType": 5,
      "number": 3
    },
    {
      "positionOfset": 7745,
      "itemType": 16,
      "number": 0
    },
    {
      "positionOfset": 4630,
      "itemType": 16,
      "number": 1
    },
    {
      "positionOfset": 4662,
      "itemType": 16,
      "number": 2
    },
    {
      "positionOfset": 7657,
      "itemType": 16,
      "number": 3
    },
    {
      "positionOfset": 7734,
      "itemType": 16,
      "number": 4
    },
    {
      "positionOfset": 8346,
      "itemType": 16,
      "number": 5
    },
    {
      "positionOfset": 2447,
      "itemType": 16,
      "number": 6
    },
    {
      "positionOfset": 7756,
      "itemType": 16,
      "number": 7
    },
    {
      "positionOfset": 7735,
      "itemType": 16,
      "number": 8
    }
  ]
}