{
  "pauseDelayAmount": 100,
  "frames": [
    {
      "itemType": 61,
      "tilePositionOfsets": [
        5643
      ],
      "shouldPause": false
    },
    {
      "itemType": 52,
      "tilePositionOfsets": [
        4950
      ],
      "shouldPause": false
    },
    {
      "itemType": 52,
      "tilePositionOfsets": [
        4450
      ],
      "shouldPause": false
    },
    {
      "itemType": 80,
      "tilePositionOfsets": [
        4538
      ],
      "shouldPause": false
    },
    {
      "itemType": 54,
      "tilePositionOfsets": [
        4026
      ],
      "shouldPause": false
    },
    {
      "itemType": 54,
      "tilePositionOfsets": [
        4030
      ],
      "shouldPause": false
    },
    {
      "itemType": 54,
      "tilePositionOfsets": [
        3626
      ],
      "shouldPause": false
    },
    {
      "itemType": 54,
      "tilePositionOfsets": [
        3630
      ],
      "shouldPause": false
    },
    {
      "itemType": 54,
      "tilePositionOfsets": [
        5769
      ],
      "shouldPause": false
    },
    {
      "itemType": 54,
      "tilePositionOfsets": [
        5369
      ],
      "shouldPause": false
    },
    {
      "itemType": 54,
      "tilePositionOfsets": [
        5573
      ],
      "shouldPause": false
    },
    {
      "itemType": 54,
      "tilePositionOfsets": [
        4869
      ],
      "shouldPause": false
    },
    {
      "itemType": 54,
      "tilePositionOfsets": [
        4469
      ],
      "shouldPause": false
    },
    {
      "itemType": 54,
      "tilePositionOfsets": [
        4473
      ],
      "shouldPause": false
    },
    {
      "itemType": 54,
      "tilePositionOfsets": [
        4873
      ],
      "shouldPause": false
    },
    {
      "itemType": 54,
      "tilePositionOfsets": [
        6269
      ],
      "shouldPause": false
    },
    {
      "itemType": 77,
      "tilePositionOfsets": [
        3244
      ],
      "shouldPause": false
    },
    {
      "itemType": 86,
      "tilePositionOfsets": [
        5127
      ],
      "shouldPause": false
    },
    {
      "itemType": 106,
      "tilePositionOfsets": [
        7445,
        7446,
        7343,
        7344,
        7345,
        7346,
        7347,
        7348,
        7349,
        7350,
        7351,
        7352,
        7353,
        7241,
        7242,
        7243,
        7244,
        7245,
        7247,
        7248,
        7249,
        7250,
        7251,
        7252,
        7253,
        7254,
        7255,
        7261,
        7262,
        7263,
        7264,
        7265,
        7266,
        7140,
        7141,
        7142,
        7143,
        7153,
        7154,
        7155,
        7163,
        7164,
        7165,
        7166,
        7167,
        7168,
        7169,
        7170,
        7171,
        7172,
        7038,
        7039,
        7040,
        7041,
        7042,
        7067,
        7068,
        7069,
        7070,
        7071,
        7072,
        7073,
        6932,
        6933,
        6936,
        6937,
        6938,
        6939,
        6940,
        6972,
        6973,
        6974,
        6975,
        6831,
        6832,
        6833,
        6834,
        6835,
        6836,
        6837,
        6838,
        6839,
        6873,
        6874,
        6875,
        6876,
        6730,
        6731,
        6732,
        6733,
        6734,
        6735,
        6736,
        6775,
        6776,
        6777,
        6778,
        6779,
        6629,
        6630,
        6631,
        6675,
        6676,
        6677,
        6678,
        6679,
        6680,
        6681,
        6528,
        6529,
        6530,
        6577,
        6578,
        6579,
        6580,
        6581,
        6582,
        6424,
        6425,
        6426,
        6427,
        6428,
        6429,
        6430,
        6479,
        6480,
        6481,
        6482,
        6483,
        6484,
        6485,
        6322,
        6323,
        6324,
        6325,
        6326,
        6327,
        6328,
        6329,
        6381,
        6382,
        6383,
        6384,
        6385,
        6386,
        6220,
        6221,
        6222,
        6223,
        6224,
        6284,
        6285,
        6286,
        6119,
        6120,
        6121,
        6122,
        6185,
        6186,
        6187,
        6019,
        6020,
        6021,
        6085,
        6086,
        6087,
        5919,
        5920,
        5986,
        5987,
        5819,
        5820,
        5886,
        5887,
        5719,
        5720,
        5786,
        5787,
        5788,
        5618,
        5619,
        5620,
        5687,
        5688,
        5518,
        5519,
        5587,
        5588,
        5418,
        5419,
        5420,
        5487,
        5488,
        5319,
        5320,
        5386,
        5387,
        5219,
        5220,
        5285,
        5286,
        5287,
        5119,
        5120,
        5185,
        5186,
        5019,
        5020,
        5084,
        5085,
        5086,
        4919,
        4920,
        4984,
        4985,
        4819,
        4820,
        4821,
        4884,
        4885,
        4720,
        4721,
        4785,
        4786,
        4620,
        4621,
        4685,
        4686,
        4520,
        4521,
        4585,
        4586,
        4420,
        4421,
        4485,
        4486,
        4319,
        4320,
        4321,
        4385,
        4386,
        4218,
        4219,
        4220,
        4284,
        4285,
        4286,
        4118,
        4119,
        4120,
        4184,
        4185,
        4018,
        4019,
        4084,
        4085,
        3917,
        3918,
        3919,
        3983,
        3984,
        3985,
        3817,
        3818,
        3883,
        3884,
        3885,
        3717,
        3718,
        3776,
        3777,
        3778,
        3779,
        3780,
        3781,
        3782,
        3783,
        3784,
        3616,
        3617,
        3618,
        3675,
        3676,
        3677,
        3678,
        3679,
        3680,
        3681,
        3682,
        3683,
        3516,
        3517,
        3575,
        3576,
        3577,
        3416,
        3417,
        3474,
        3475,
        3476,
        3315,
        3316,
        3317,
        3373,
        3374,
        3375,
        3215,
        3216,
        3217,
        3273,
        3274,
        3116,
        3117,
        3172,
        3173,
        3174,
        3016,
        3017,
        3018,
        3066,
        3067,
        3068,
        3069,
        3070,
        3071,
        3072,
        3073,
        3074,
        2917,
        2918,
        2919,
        2920,
        2921,
        2924,
        2925,
        2926,
        2927,
        2928,
        2929,
        2930,
        2931,
        2932,
        2933,
        2934,
        2935,
        2936,
        2937,
        2938,
        2939,
        2962,
        2963,
        2964,
        2965,
        2966,
        2967,
        2968,
        2969,
        2970,
        2971,
        2972,
        2973,
        2818,
        2819,
        2820,
        2821,
        2822,
        2823,
        2824,
        2825,
        2826,
        2827,
        2828,
        2829,
        2830,
        2831,
        2832,
        2833,
        2834,
        2835,
        2836,
        2837,
        2838,
        2839,
        2862,
        2863,
        2864,
        2865,
        2721,
        2722,
        2723,
        2739,
        2740,
        2754,
        2755,
        2756,
        2757,
        2758,
        2759,
        2760,
        2761,
        2762,
        2763,
        2764,
        2639,
        2640,
        2641,
        2649,
        2650,
        2651,
        2652,
        2653,
        2654,
        2655,
        2656,
        2657,
        2658,
        2659,
        2660,
        2661,
        2662,
        2663,
        2539,
        2540,
        2541,
        2542,
        2543,
        2544,
        2547,
        2548,
        2549,
        2550,
        2551,
        2552,
        2553,
        2554,
        2560,
        2561,
        2441,
        2442,
        2443,
        2444,
        2445,
        2446,
        2447,
        2448,
        2449,
        2344,
        2345,
        2346,
        2347
      ],
      "shouldPause": false
    },
    {
      "itemType": 74,
      "tilePositionOfsets": [
        5851
      ],
      "shouldPause": false
    },
    {
      "itemType": 75,
      "tilePositionOfsets": [
        4045
      ],
      "shouldPause": false
    },
    {
      "itemType": 75,
      "tilePositionOfsets": [
        4040
      ],
      "shouldPause": false
    },
    {
      "itemType": 75,
      "tilePositionOfsets": [
        4035
      ],
      "shouldPause": false
    },
    {
      "itemType": 75,
      "tilePositionOfsets": [
        3645
      ],
      "shouldPause": false
    },
    {
      "itemType": 75,
      "tilePositionOfsets": [
        3640
      ],
      "shouldPause": false
    },
    {
      "itemType": 75,
      "tilePositionOfsets": [
        3635
      ],
      "shouldPause": false
    },
    {
      "itemType": 76,
      "tilePositionOfsets": [
        3850
      ],
      "shouldPause": false
    },
    {
      "itemType": 92,
      "tilePositionOfsets": [
        3350
      ],
      "shouldPause": false
    },
    {
      "itemType": 76,
      "tilePositionOfsets": [
        3854
      ],
      "shouldPause": false
    },
    {
      "itemType": 76,
      "tilePositionOfsets": [
        3859
      ],
      "shouldPause": false
    },
    {
      "itemType": 342,
      "tilePositionOfsets": [
        3356
      ],
      "shouldPause": false
    },
    {
      "itemType": 25,
      "tilePositionOfsets": [
        6537,
        6437,
        6337
      ],
      "shouldPause": false
    },
    {
      "itemType": 185,
      "tilePositionOfsets": [
        6136
      ],
      "shouldPause": false
    },
    {
      "itemType": 184,
      "tilePositionOfsets": [
        6236
      ],
      "shouldPause": false
    },
    {
      "itemType": 183,
      "tilePositionOfsets": [
        6336
      ],
      "shouldPause": false
    },
    {
      "itemType": 182,
      "tilePositionOfsets": [
        6436
      ],
      "shouldPause": false
    },
    {
      "itemType": 181,
      "tilePositionOfsets": [
        6536
      ],
      "shouldPause": false
    },
    {
      "itemType": 110,
      "tilePositionOfsets": [
        6538
      ],
      "shouldPause": false
    },
    {
      "itemType": 25,
      "tilePositionOfsets": [
        6668,
        6568,
        6468
      ],
      "shouldPause": false
    },
    {
      "itemType": 185,
      "tilePositionOfsets": [
        6267
      ],
      "shouldPause": false
    },
    {
      "itemType": 184,
      "tilePositionOfsets": [
        6367
      ],
      "shouldPause": false
    },
    {
      "itemType": 183,
      "tilePositionOfsets": [
        6467
      ],
      "shouldPause": false
    },
    {
      "itemType": 182,
      "tilePositionOfsets": [
        6567
      ],
      "shouldPause": false
    },
    {
      "itemType": 181,
      "tilePositionOfsets": [
        6667
      ],
      "shouldPause": false
    },
    {
      "itemType": 110,
      "tilePositionOfsets": [
        6669
      ],
      "shouldPause": false
    },
    {
      "itemType": 144,
      "tilePositionOfsets": [
        7456
      ],
      "shouldPause": false
    },
    {
      "itemType": 75,
      "tilePositionOfsets": [
        5038
      ],
      "shouldPause": false
    },
    {
      "itemType": 75,
      "tilePositionOfsets": [
        5538
      ],
      "shouldPause": false
    },
    {
      "itemType": 92,
      "tilePositionOfsets": [
        6137
      ],
      "shouldPause": false
    },
    {
      "itemType": 93,
      "tilePositionOfsets": [
        4977
      ],
      "shouldPause": false
    },
    {
      "itemType": 75,
      "tilePositionOfsets": [
        5356
      ],
      "shouldPause": false
    },
    {
      "itemType": 75,
      "tilePositionOfsets": [
        4856
      ],
      "shouldPause": false
    },
    {
      "itemType": 75,
      "tilePositionOfsets": [
        4356
      ],
      "shouldPause": false
    },
    {
      "itemType": 74,
      "tilePositionOfsets": [
        6151
      ],
      "shouldPause": false
    },
    {
      "itemType": 92,
      "tilePositionOfsets": [
        6243
      ],
      "shouldPause": false
    },
    {
      "itemType": 88,
      "tilePositionOfsets": [
        6462
      ],
      "shouldPause": false
    },
    {
      "itemType": 106,
      "tilePositionOfsets": [
        7644,
        7645,
        7646,
        7647,
        7648,
        7649,
        7650,
        7651,
        7541,
        7542,
        7543,
        7544,
        7545,
        7546,
        7547,
        7548,
        7549,
        7550,
        7551,
        7552,
        7553,
        7554,
        7555,
        7440,
        7441,
        7442,
        7443,
        7444,
        7447,
        7448,
        7449,
        7450,
        7451,
        7452,
        7453,
        7454,
        7455,
        7461,
        7462,
        7463,
        7464,
        7465,
        7466,
        7467,
        7468,
        7469,
        7470,
        7471,
        7338,
        7339,
        7340,
        7341,
        7342,
        7354,
        7355,
        7361,
        7362,
        7363,
        7364,
        7365,
        7366,
        7367,
        7368,
        7369,
        7370,
        7371,
        7372,
        7373,
        7374,
        7236,
        7237,
        7238,
        7239,
        7240,
        7267,
        7268,
        7269,
        7270,
        7271,
        7272,
        7273,
        7274,
        7275,
        7131,
        7132,
        7133,
        7134,
        7135,
        7136,
        7137,
        7138,
        7139,
        7173,
        7174,
        7175,
        7176,
        7177,
        7178,
        7030,
        7031,
        7032,
        7033,
        7034,
        7035,
        7036,
        7037,
        7074,
        7075,
        7076,
        7077,
        7078,
        6928,
        6929,
        6930,
        6931,
        6934,
        6935,
        6976,
        6977,
        6978,
        6979,
        6980,
        6827,
        6828,
        6829,
        6830,
        6877,
        6878,
        6879,
        6880,
        6881,
        6882,
        6883,
        6725,
        6726,
        6727,
        6728,
        6729,
        6780,
        6781,
        6782,
        6783,
        6784,
        6785,
        6786,
        6624,
        6625,
        6626,
        6627,
        6628,
        6682,
        6683,
        6684,
        6685,
        6686,
        6687,
        6521,
        6522,
        6523,
        6524,
        6525,
        6526,
        6527,
        6583,
        6584,
        6585,
        6586,
        6587,
        6588,
        6419,
        6420,
        6421,
        6422,
        6423,
        6486,
        6487,
        6488,
        6318,
        6319,
        6320,
        6321,
        6387,
        6388,
        6389,
        6390,
        6217,
        6218,
        6219,
        6287,
        6288,
        6289,
        6290,
        6117,
        6118,
        6188,
        6189,
        6190,
        6017,
        6018,
        6088,
        6089,
        6090,
        5917,
        5918,
        5988,
        5989,
        5990,
        5991,
        5816,
        5817,
        5818,
        5888,
        5889,
        5890,
        5891,
        5716,
        5717,
        5718,
        5789,
        5790,
        5791,
        5616,
        5617,
        5689,
        5690,
        5516,
        5517,
        5589,
        5590,
        5591,
        5415,
        5416,
        5417,
        5489,
        5490,
        5491,
        5315,
        5316,
        5317,
        5318,
        5388,
        5389,
        5390,
        5216,
        5217,
        5218,
        5288,
        5289,
        5290,
        5116,
        5117,
        5118,
        5187,
        5188,
        5189,
        5190,
        5016,
        5017,
        5018,
        5087,
        5088,
        5089,
        4917,
        4918,
        4986,
        4987,
        4988,
        4989,
        4817,
        4818,
        4886,
        4887,
        4888,
        4889,
        4717,
        4718,
        4719,
        4787,
        4788,
        4789,
        4617,
        4618,
        4619,
        4687,
        4688,
        4689,
        4517,
        4518,
        4519,
        4587,
        4588,
        4589,
        4417,
        4418,
        4419,
        4487,
        4488,
        4489,
        4316,
        4317,
        4318,
        4387,
        4388,
        4389,
        4216,
        4217,
        4287,
        4288,
        4116,
        4117,
        4186,
        4187,
        4188,
        4016,
        4017,
        4086,
        4087,
        4088,
        3915,
        3916,
        3986,
        3987,
        3988,
        3814,
        3815,
        3816,
        3886,
        3887,
        3714,
        3715,
        3716,
        3785,
        3786,
        3787,
        3613,
        3614,
        3615,
        3684,
        3685,
        3686,
        3687,
        3513,
        3514,
        3515,
        3578,
        3579,
        3580,
        3581,
        3582,
        3583,
        3584,
        3585,
        3412,
        3413,
        3414,
        3415,
        3477,
        3478,
        3479,
        3480,
        3481,
        3482,
        3483,
        3484,
        3312,
        3313,
        3314,
        3376,
        3377,
        3378,
        3379,
        3380,
        3381,
        3212,
        3213,
        3214,
        3275,
        3276,
        3277,
        3278,
        3279,
        3113,
        3114,
        3115,
        3175,
        3176,
        3177,
        3178,
        3013,
        3014,
        3015,
        3075,
        3076,
        3077,
        3078,
        2913,
        2914,
        2915,
        2916,
        2974,
        2975,
        2976,
        2977,
        2814,
        2815,
        2816,
        2817,
        2866,
        2867,
        2868,
        2869,
        2870,
        2871,
        2872,
        2873,
        2874,
        2875,
        2876,
        2716,
        2717,
        2718,
        2719,
        2720,
        2724,
        2725,
        2726,
        2727,
        2728,
        2729,
        2730,
        2731,
        2732,
        2733,
        2734,
        2735,
        2736,
        2737,
        2738,
        2765,
        2766,
        2767,
        2768,
        2769,
        2770,
        2771,
        2772,
        2773,
        2774,
        2617,
        2618,
        2619,
        2620,
        2621,
        2622,
        2623,
        2624,
        2625,
        2626,
        2627,
        2628,
        2629,
        2630,
        2631,
        2632,
        2633,
        2634,
        2635,
        2636,
        2637,
        2638,
        2664,
        2665,
        2666,
        2667,
        2520,
        2521,
        2522,
        2524,
        2525,
        2526,
        2535,
        2536,
        2537,
        2538,
        2555,
        2556,
        2557,
        2558,
        2559,
        2562,
        2563,
        2564,
        2565,
        2566,
        2435,
        2436,
        2437,
        2438,
        2439,
        2440,
        2450,
        2451,
        2452,
        2453,
        2454,
        2455,
        2456,
        2457,
        2458,
        2459,
        2460,
        2461,
        2462,
        2463,
        2464,
        2337,
        2338,
        2339,
        2340,
        2341,
        2342,
        2343,
        2348,
        2349,
        2350,
        2351,
        2352,
        2353,
        2354,
        2355,
        2356,
        2357,
        2359,
        2360,
        2361,
        2238,
        2239,
        2240,
        2241,
        2242,
        2243,
        2244,
        2245,
        2246,
        2247,
        2248,
        2249,
        2250,
        2251,
        2143,
        2144,
        2145,
        2146,
        2147,
        2148,
        2045,
        2046
      ],
      "shouldPause": false
    },
    {
      "itemType": 25,
      "tilePositionOfsets": [
        4279,
        4179,
        4079
      ],
      "shouldPause": false
    },
    {
      "itemType": 185,
      "tilePositionOfsets": [
        4074
      ],
      "shouldPause": false
    },
    {
      "itemType": 184,
      "tilePositionOfsets": [
        4075
      ],
      "shouldPause": false
    },
    {
      "itemType": 183,
      "tilePositionOfsets": [
        4076
      ],
      "shouldPause": false
    },
    {
      "itemType": 182,
      "tilePositionOfsets": [
        4077
      ],
      "shouldPause": false
    },
    {
      "itemType": 181,
      "tilePositionOfsets": [
        4078
      ],
      "shouldPause": false
    },
    {
      "itemType": 110,
      "tilePositionOfsets": [
        4280
      ],
      "shouldPause": false
    },
    {
      "itemType": 76,
      "tilePositionOfsets": [
        3863
      ],
      "shouldPause": false
    },
    {
      "itemType": 76,
      "tilePositionOfsets": [
        3867
      ],
      "shouldPause": false
    },
    {
      "itemType": 25,
      "tilePositionOfsets": [
        3622,
        3623,
        3624
      ],
      "shouldPause": false
    },
    {
      "itemType": 185,
      "tilePositionOfsets": [
        4124
      ],
      "shouldPause": false
    },
    {
      "itemType": 184,
      "tilePositionOfsets": [
        4024
      ],
      "shouldPause": false
    },
    {
      "itemType": 183,
      "tilePositionOfsets": [
        3924
      ],
      "shouldPause": false
    },
    {
      "itemType": 182,
      "tilePositionOfsets": [
        3824
      ],
      "shouldPause": false
    },
    {
      "itemType": 181,
      "tilePositionOfsets": [
        3724
      ],
      "shouldPause": false
    },
    {
      "itemType": 110,
      "tilePositionOfsets": [
        3522
      ],
      "shouldPause": false
    },
    {
      "itemType": 92,
      "tilePositionOfsets": [
        5956
      ],
      "shouldPause": false
    },
    {
      "itemType": 342,
      "tilePositionOfsets": [
        6356
      ],
      "shouldPause": false
    },
    {
      "itemType": 75,
      "tilePositionOfsets": [
        5360
      ],
      "shouldPause": false
    },
    {
      "itemType": 75,
      "tilePositionOfsets": [
        4860
      ],
      "shouldPause": false
    },
    {
      "itemType": 75,
      "tilePositionOfsets": [
        4360
      ],
      "shouldPause": false
    },
    {
      "itemType": 25,
      "tilePositionOfsets": [
        6948,
        6848,
        6748,
        6648,
        6548,
        6448
      ],
      "shouldPause": false
    },
    {
      "itemType": 185,
      "tilePositionOfsets": [
        6547
      ],
      "shouldPause": false
    },
    {
      "itemType": 184,
      "tilePositionOfsets": [
        6647
      ],
      "shouldPause": false
    },
    {
      "itemType": 183,
      "tilePositionOfsets": [
        6747
      ],
      "shouldPause": false
    },
    {
      "itemType": 182,
      "tilePositionOfsets": [
        6847
      ],
      "shouldPause": false
    },
    {
      "itemType": 181,
      "tilePositionOfsets": [
        6947
      ],
      "shouldPause": false
    },
    {
      "itemType": 114,
      "tilePositionOfsets": [
        6949
      ],
      "shouldPause": false
    },
    {
      "itemType": 74,
      "tilePositionOfsets": [
        6048
      ],
      "shouldPause": false
    },
    {
      "itemType": 75,
      "tilePositionOfsets": [
        6855
      ],
      "shouldPause": false
    },
    {
      "itemType": 75,
      "tilePositionOfsets": [
        6860
      ],
      "shouldPause": false
    },
    {
      "itemType": 76,
      "tilePositionOfsets": [
        6132
      ],
      "shouldPause": false
    },
    {
      "itemType": 76,
      "tilePositionOfsets": [
        6743
      ],
      "shouldPause": false
    },
    {
      "itemType": 342,
      "tilePositionOfsets": [
        5632
      ],
      "shouldPause": false
    },
    {
      "itemType": 106,
      "tilePositionOfsets": [
        8071,
        8072,
        7968,
        7969,
        7970,
        7971,
        7972,
        7973,
        7974,
        7975,
        7976,
        7866,
        7867,
        7868,
        7869,
        7870,
        7871,
        7872,
        7873,
        7874,
        7875,
        7876,
        7877,
        7878,
        7879,
        7763,
        7764,
        7765,
        7766,
        7767,
        7768,
        7769,
        7770,
        7771,
        7772,
        7773,
        7774,
        7775,
        7776,
        7777,
        7778,
        7779,
        7780,
        7781,
        7782,
        7662,
        7663,
        7664,
        7665,
        7666,
        7667,
        7668,
        7669,
        7670,
        7671,
        7672,
        7673,
        7674,
        7675,
        7676,
        7677,
        7678,
        7679,
        7680,
        7681,
        7682,
        7683,
        7561,
        7562,
        7563,
        7564,
        7565,
        7566,
        7567,
        7568,
        7569,
        7570,
        7571,
        7572,
        7573,
        7574,
        7575,
        7576,
        7577,
        7578,
        7579,
        7580,
        7581,
        7582,
        7583,
        7584,
        7472,
        7473,
        7474,
        7475,
        7476,
        7477,
        7478,
        7479,
        7480,
        7481,
        7482,
        7483,
        7484,
        7485,
        7486,
        7375,
        7376,
        7377,
        7378,
        7379,
        7380,
        7381,
        7382,
        7383,
        7384,
        7385,
        7386,
        7387,
        7276,
        7277,
        7278,
        7279,
        7280,
        7281,
        7282,
        7283,
        7284,
        7285,
        7286,
        7287,
        7288,
        7179,
        7180,
        7181,
        7182,
        7183,
        7184,
        7185,
        7186,
        7187,
        7188,
        7079,
        7080,
        7081,
        7082,
        7083,
        7084,
        7085,
        7086,
        7087,
        7088,
        7089,
        6981,
        6982,
        6983,
        6984,
        6985,
        6986,
        6987,
        6988,
        6989,
        6884,
        6885,
        6886,
        6887,
        6888,
        6889,
        6890,
        6787,
        6788,
        6789,
        6790,
        6791,
        6688,
        6689,
        6690,
        6691,
        6692,
        6589,
        6590,
        6591,
        6592,
        6489,
        6490,
        6491,
        6492,
        6493,
        6391,
        6392,
        6393,
        6291,
        6292,
        6293,
        6191,
        6192,
        6193,
        6194,
        6091,
        6092,
        6093,
        6094,
        5992,
        5993,
        5994,
        5892,
        5893,
        5894,
        5792,
        5793,
        5794,
        5691,
        5692,
        5693,
        5694,
        5695,
        5592,
        5593,
        5594,
        5595,
        5492,
        5493,
        5494,
        5495,
        5391,
        5392,
        5393,
        5394,
        5395,
        5291,
        5292,
        5293,
        5294,
        5295,
        5191,
        5192,
        5193,
        5194,
        5195,
        5090,
        5091,
        5092,
        5093,
        5094,
        5095,
        4990,
        4991,
        4992,
        4993,
        4994,
        4995,
        4890,
        4891,
        4892,
        4893,
        4894,
        4895,
        4790,
        4791,
        4792,
        4793,
        4794,
        4690,
        4691,
        4692,
        4693,
        4694,
        4695,
        4590,
        4591,
        4592,
        4593,
        4594,
        4595,
        4490,
        4491,
        4492,
        4493,
        4494,
        4495,
        4390,
        4391,
        4392,
        4393,
        4394,
        4289,
        4290,
        4291,
        4292,
        4293,
        4294,
        4295,
        4189,
        4190,
        4191,
        4192,
        4193,
        4194,
        4195,
        4089,
        4090,
        4091,
        4092,
        4093,
        4094,
        3989,
        3990,
        3991,
        3992,
        3993,
        3888,
        3889,
        3890,
        3891,
        3892,
        3788,
        3789,
        3790,
        3791,
        3792,
        3688,
        3689,
        3690,
        3691,
        3692,
        3586,
        3587,
        3588,
        3589,
        3590,
        3591,
        3485,
        3486,
        3487,
        3488,
        3489,
        3490,
        3382,
        3383,
        3384,
        3385,
        3386,
        3387,
        3388,
        3389,
        3280,
        3281,
        3282,
        3283,
        3284,
        3285,
        3286,
        3287,
        3288,
        3289,
        3179,
        3180,
        3181,
        3182,
        3183,
        3184,
        3185,
        3186,
        3187,
        3188,
        3079,
        3080,
        3081,
        3082,
        3083,
        3084,
        3085,
        3086,
        3087,
        2978,
        2979,
        2980,
        2981,
        2982,
        2983,
        2984,
        2985,
        2986,
        2877,
        2878,
        2879,
        2880,
        2881,
        2882,
        2883,
        2884,
        2885,
        2775,
        2776,
        2777,
        2778,
        2779,
        2780,
        2781,
        2782,
        2783,
        2668,
        2669,
        2670,
        2671,
        2672,
        2673,
        2674,
        2675,
        2676,
        2677,
        2678,
        2679,
        2680,
        2681,
        2682,
        2567,
        2568,
        2569,
        2570,
        2571,
        2572,
        2573,
        2574,
        2575,
        2576,
        2577,
        2578,
        2579,
        2580,
        2465,
        2466,
        2467,
        2468,
        2469,
        2470,
        2471,
        2472,
        2473,
        2474,
        2475,
        2476,
        2477,
        2478,
        2479,
        2358,
        2362,
        2363,
        2364,
        2365,
        2366,
        2367,
        2368,
        2369,
        2370,
        2371,
        2372,
        2373,
        2374,
        2375,
        2376,
        2257,
        2258,
        2259,
        2260,
        2261,
        2262,
        2263,
        2264,
        2265,
        2266,
        2267,
        2268,
        2269,
        2270,
        2271,
        2272,
        2273,
        2274,
        2160,
        2161,
        2162,
        2163,
        2164,
        2165,
        2166,
        2167,
        2168,
        2169,
        2170,
        2171,
        2172,
        2173,
        2064,
        2065,
        2066,
        2067,
        2068,
        2069,
        2070
      ],
      "shouldPause": false
    },
    {
      "itemType": 106,
      "tilePositionOfsets": [
        8439,
        8440,
        8441,
        8442,
        8443,
        8446,
        8447,
        8448,
        8449,
        8450,
        8338,
        8339,
        8340,
        8341,
        8342,
        8343,
        8344,
        8345,
        8346,
        8347,
        8348,
        8349,
        8350,
        8351,
        8352,
        8353,
        8354,
        8355,
        8356,
        8357,
        8358,
        8359,
        8360,
        8361,
        8235,
        8236,
        8237,
        8238,
        8239,
        8240,
        8241,
        8242,
        8243,
        8244,
        8245,
        8246,
        8247,
        8248,
        8249,
        8250,
        8251,
        8252,
        8253,
        8254,
        8255,
        8256,
        8257,
        8258,
        8259,
        8260,
        8261,
        8262,
        8263,
        8264,
        8265,
        8133,
        8134,
        8135,
        8136,
        8137,
        8138,
        8139,
        8140,
        8141,
        8142,
        8143,
        8144,
        8145,
        8146,
        8147,
        8148,
        8149,
        8150,
        8151,
        8152,
        8153,
        8154,
        8155,
        8156,
        8157,
        8158,
        8159,
        8160,
        8161,
        8162,
        8163,
        8164,
        8165,
        8166,
        8167,
        8168,
        8169,
        8030,
        8031,
        8032,
        8033,
        8034,
        8035,
        8036,
        8037,
        8038,
        8039,
        8040,
        8041,
        8042,
        8043,
        8044,
        8045,
        8046,
        8047,
        8048,
        8054,
        8055,
        8056,
        8057,
        8058,
        8059,
        8060,
        8061,
        8062,
        8063,
        8064,
        8065,
        8066,
        8067,
        8068,
        8069,
        7929,
        7930,
        7931,
        7932,
        7933,
        7934,
        7935,
        7936,
        7937,
        7938,
        7939,
        7940,
        7941,
        7942,
        7943,
        7944,
        7957,
        7958,
        7959,
        7960,
        7961,
        7962,
        7963,
        7964,
        7965,
        7966,
        7967,
        7826,
        7827,
        7828,
        7829,
        7830,
        7831,
        7832,
        7833,
        7834,
        7835,
        7836,
        7837,
        7838,
        7839,
        7840,
        7841,
        7842,
        7843,
        7858,
        7859,
        7860,
        7861,
        7862,
        7863,
        7864,
        7865,
        7724,
        7725,
        7726,
        7727,
        7728,
        7729,
        7730,
        7731,
        7732,
        7733,
        7734,
        7735,
        7736,
        7737,
        7738,
        7739,
        7759,
        7760,
        7761,
        7762,
        7620,
        7621,
        7622,
        7624,
        7625,
        7626,
        7627,
        7628,
        7629,
        7630,
        7631,
        7632,
        7633,
        7634,
        7635,
        7636,
        7637,
        7638,
        7660,
        7661,
        7519,
        7520,
        7521,
        7522,
        7523,
        7524,
        7525,
        7526,
        7527,
        7528,
        7529,
        7530,
        7531,
        7532,
        7533,
        7534,
        7535,
        7536,
        7537,
        7417,
        7418,
        7419,
        7420,
        7421,
        7422,
        7423,
        7424,
        7425,
        7426,
        7427,
        7428,
        7429,
        7430,
        7431,
        7315,
        7316,
        7317,
        7318,
        7319,
        7320,
        7321,
        7322,
        7323,
        7324,
        7325,
        7326,
        7327,
        7328,
        7329,
        7215,
        7216,
        7217,
        7218,
        7219,
        7220,
        7221,
        7222,
        7223,
        7224,
        7225,
        7226,
        7227,
        7113,
        7114,
        7115,
        7116,
        7117,
        7118,
        7119,
        7120,
        7121,
        7122,
        7123,
        7124,
        7125,
        7126,
        7127,
        7012,
        7013,
        7014,
        7015,
        7016,
        7017,
        7018,
        7019,
        7020,
        7021,
        7022,
        7023,
        7024,
        7025,
        6911,
        6912,
        6913,
        6914,
        6915,
        6916,
        6917,
        6918,
        6919,
        6920,
        6921,
        6922,
        6923,
        6811,
        6812,
        6813,
        6814,
        6815,
        6816,
        6817,
        6818,
        6819,
        6820,
        6821,
        6711,
        6712,
        6713,
        6714,
        6715,
        6716,
        6717,
        6718,
        6719,
        6610,
        6611,
        6612,
        6613,
        6614,
        6615,
        6616,
        6509,
        6510,
        6511,
        6512,
        6513,
        6514,
        6515,
        6409,
        6410,
        6411,
        6412,
        6413,
        6414,
        6415,
        6309,
        6310,
        6311,
        6312,
        6313,
        6314,
        6209,
        6210,
        6211,
        6212,
        6213,
        6214,
        6109,
        6110,
        6111,
        6112,
        6113,
        6114,
        6008,
        6009,
        6010,
        6011,
        6012,
        6013,
        6014,
        5908,
        5909,
        5910,
        5911,
        5912,
        5913,
        5808,
        5809,
        5810,
        5811,
        5812,
        5813,
        5708,
        5709,
        5710,
        5711,
        5712,
        5713,
        5608,
        5609,
        5610,
        5611,
        5612,
        5613,
        5507,
        5508,
        5509,
        5510,
        5511,
        5512,
        5407,
        5408,
        5409,
        5410,
        5411,
        5412,
        5308,
        5309,
        5310,
        5311,
        5312,
        5208,
        5209,
        5210,
        5211,
        5212,
        5107,
        5108,
        5109,
        5110,
        5111,
        5112,
        5113,
        5007,
        5008,
        5009,
        5010,
        5011,
        5012,
        5013,
        4907,
        4908,
        4909,
        4910,
        4911,
        4912,
        4913,
        4807,
        4808,
        4809,
        4810,
        4811,
        4706,
        4707,
        4708,
        4709,
        4710,
        4711,
        4606,
        4607,
        4608,
        4609,
        4610,
        4611,
        4506,
        4507,
        4508,
        4509,
        4510,
        4511,
        4406,
        4407,
        4408,
        4409,
        4410,
        4411,
        4306,
        4307,
        4308,
        4309,
        4310,
        4311,
        4312,
        4313,
        4206,
        4207,
        4208,
        4209,
        4210,
        4211,
        4212,
        4213,
        4106,
        4107,
        4108,
        4109,
        4110,
        4111,
        4112,
        4113,
        4005,
        4006,
        4007,
        4008,
        4009,
        4010,
        4011,
        4012,
        3904,
        3905,
        3906,
        3907,
        3908,
        3909,
        3910,
        3911,
        3912,
        3804,
        3805,
        3806,
        3807,
        3808,
        3809,
        3810,
        3811,
        3704,
        3705,
        3706,
        3707,
        3708,
        3709,
        3710,
        3711,
        3604,
        3605,
        3606,
        3607,
        3608,
        3609,
        3610,
        3504,
        3505,
        3506,
        3507,
        3508,
        3509,
        3510,
        3405,
        3406,
        3407,
        3408,
        3409,
        3305,
        3306,
        3307,
        3308,
        3309,
        3205,
        3206,
        3207,
        3208,
        3209,
        3105,
        3106,
        3107,
        3108,
        3109,
        3005,
        3006,
        3007,
        3008,
        3009,
        2905,
        2906,
        2907,
        2908,
        2909,
        2805,
        2806,
        2807,
        2808,
        2809,
        2810,
        2706,
        2707,
        2708,
        2709,
        2710,
        2711,
        2606,
        2607,
        2608,
        2609,
        2610,
        2611,
        2612,
        2506,
        2507,
        2508,
        2509,
        2510,
        2511,
        2512,
        2513,
        2514,
        2407,
        2408,
        2409,
        2410,
        2411,
        2412,
        2413,
        2414,
        2415,
        2307,
        2308,
        2309,
        2310,
        2311,
        2312,
        2313,
        2314,
        2315,
        2316,
        2317,
        2318,
        2328,
        2329,
        2330,
        2331,
        2207,
        2208,
        2209,
        2210,
        2211,
        2212,
        2213,
        2214,
        2215,
        2216,
        2217,
        2218,
        2219,
        2220,
        2221,
        2222,
        2223,
        2224,
        2225,
        2226,
        2227,
        2228,
        2229,
        2230,
        2231,
        2232,
        2233,
        2107,
        2108,
        2109,
        2110,
        2111,
        2112,
        2113,
        2114,
        2115,
        2116,
        2117,
        2118,
        2119,
        2120,
        2121,
        2122,
        2123,
        2124,
        2125,
        2126,
        2127,
        2128,
        2129,
        2130,
        2131,
        2132,
        2133,
        2134,
        2135,
        2010,
        2011,
        2012,
        2013,
        2014,
        2015,
        2016,
        2017,
        2018,
        2019,
        2020,
        2021,
        2022,
        2023,
        2024,
        2025,
        2026,
        2027,
        2028,
        2029,
        2030,
        2031,
        2032,
        2033,
        2034,
        2035,
        2036,
        1911,
        1912,
        1913,
        1914,
        1915,
        1916,
        1917,
        1918,
        1919,
        1920,
        1921,
        1922,
        1923,
        1924,
        1925,
        1926,
        1927,
        1928,
        1929,
        1930,
        1931,
        1932,
        1933,
        1934,
        1935,
        1936,
        1937,
        1938,
        1939,
        1940,
        1941,
        1951,
        1812,
        1813,
        1814,
        1815,
        1816,
        1817,
        1818,
        1819,
        1820,
        1821,
        1822,
        1823,
        1824,
        1825,
        1826,
        1827,
        1828,
        1829,
        1830,
        1831,
        1832,
        1833,
        1834,
        1835,
        1836,
        1837,
        1838,
        1839,
        1840,
        1841,
        1842,
        1849,
        1850,
        1851,
        1715,
        1716,
        1717,
        1718,
        1719,
        1720,
        1721,
        1722,
        1723,
        1724,
        1725,
        1726,
        1727,
        1728,
        1729,
        1730,
        1731,
        1732,
        1733,
        1734,
        1735,
        1736,
        1737,
        1738,
        1739,
        1740,
        1741,
        1742,
        1743,
        1744,
        1745,
        1746,
        1747,
        1748,
        1749,
        1750,
        1751,
        1752,
        1753,
        1754,
        1755,
        1619,
        1620,
        1621,
        1622,
        1623,
        1624,
        1625,
        1626,
        1633,
        1634,
        1635,
        1636,
        1637,
        1638,
        1639,
        1640,
        1641,
        1642,
        1643,
        1644,
        1645,
        1646,
        1647,
        1648,
        1649,
        1650,
        1651,
        1652,
        1653,
        1654,
        1522,
        1523,
        1524,
        1533,
        1534,
        1535,
        1536,
        1537,
        1538,
        1539,
        1540,
        1541,
        1542,
        1543,
        1544,
        1545,
        1546,
        1547,
        1548,
        1549,
        1550,
        1551,
        1552,
        1553,
        1436,
        1437,
        1438,
        1439,
        1440,
        1441,
        1442,
        1443,
        1444,
        1445,
        1446,
        1447,
        1448,
        1449,
        1450,
        1451,
        1452,
        1337,
        1338,
        1339,
        1340,
        1341,
        1342,
        1343,
        1344,
        1345,
        1346,
        1347,
        1348,
        1349,
        1350,
        1351,
        1242,
        1243,
        1244,
        1245,
        1246,
        1247,
        1248
      ],
      "shouldPause": false
    },
    {
      "itemType": 106,
      "tilePositionOfsets": [
        8646,
        8647,
        8648,
        8649,
        8650,
        8652,
        8653,
        8542,
        8543,
        8544,
        8545,
        8546,
        8547,
        8548,
        8549,
        8550,
        8551,
        8552,
        8553,
        8554,
        8555,
        8556,
        8557,
        8558,
        8559,
        8560,
        8444,
        8445,
        8451,
        8452,
        8453,
        8454,
        8455,
        8456,
        8457,
        8458,
        8459,
        8460,
        8461,
        8462,
        8463,
        8464,
        8362,
        8363,
        8364,
        8365,
        8366,
        8367,
        8266,
        8267,
        8268,
        8269,
        8170,
        8171,
        8172,
        8173,
        8174,
        8070,
        8073,
        8074,
        8075,
        8076,
        7977
      ],
      "shouldPause": false
    },
    {
      "itemType": 75,
      "tilePositionOfsets": [
        5364
      ],
      "shouldPause": false
    },
    {
      "itemType": 75,
      "tilePositionOfsets": [
        4864
      ],
      "shouldPause": false
    },
    {
      "itemType": 75,
      "tilePositionOfsets": [
        4364
      ],
      "shouldPause": false
    },
    {
      "itemType": 25,
      "tilePositionOfsets": [
        5978,
        5979,
        5980,
        5981,
        5982,
        5983
      ],
      "shouldPause": false
    },
    {
      "itemType": 185,
      "tilePositionOfsets": [
        6079
      ],
      "shouldPause": false
    },
    {
      "itemType": 184,
      "tilePositionOfsets": [
        6080
      ],
      "shouldPause": false
    },
    {
      "itemType": 183,
      "tilePositionOfsets": [
        6081
      ],
      "shouldPause": false
    },
    {
      "itemType": 182,
      "tilePositionOfsets": [
        6082
      ],
      "shouldPause": false
    },
    {
      "itemType": 181,
      "tilePositionOfsets": [
        6083
      ],
      "shouldPause": false
    },
    {
      "itemType": 114,
      "tilePositionOfsets": [
        5878
      ],
      "shouldPause": false
    },
    {
      "itemType": 25,
      "tilePositionOfsets": [
        5324,
        5325,
        5326,
        5327,
        5328,
        5329
      ],
      "shouldPause": false
    },
    {
      "itemType": 185,
      "tilePositionOfsets": [
        5228
      ],
      "shouldPause": false
    },
    {
      "itemType": 184,
      "tilePositionOfsets": [
        5227
      ],
      "shouldPause": false
    },
    {
      "itemType": 183,
      "tilePositionOfsets": [
        5226
      ],
      "shouldPause": false
    },
    {
      "itemType": 182,
      "tilePositionOfsets": [
        5225
      ],
      "shouldPause": false
    },
    {
      "itemType": 181,
      "tilePositionOfsets": [
        5224
      ],
      "shouldPause": false
    },
    {
      "itemType": 114,
      "tilePositionOfsets": [
        5924
      ],
      "shouldPause": false
    },
    {
      "itemType": 144,
      "tilePositionOfsets": [
        4812
      ],
      "shouldPause": false
    },
    {
      "itemType": 145,
      "tilePositionOfsets": [
        2252
      ],
      "shouldPause": false
    },
    {
      "itemType": 313,
      "tilePositionOfsets": [
        5821
      ],
      "shouldPause": false
    },
    {
      "itemType": 313,
      "tilePositionOfsets": [
        5421
      ],
      "shouldPause": false
    },
    {
      "itemType": 313,
      "tilePositionOfsets": [
        5221
      ],
      "shouldPause": false
    },
    {
      "itemType": 313,
      "tilePositionOfsets": [
        5022
      ],
      "shouldPause": false
    },
    {
      "itemType": 313,
      "tilePositionOfsets": [
        4824
      ],
      "shouldPause": false
    },
    {
      "itemType": 313,
      "tilePositionOfsets": [
        4624
      ],
      "shouldPause": false
    },
    {
      "itemType": 313,
      "tilePositionOfsets": [
        4422
      ],
      "shouldPause": false
    },
    {
      "itemType": 313,
      "tilePositionOfsets": [
        4221
      ],
      "shouldPause": false
    },
    {
      "itemType": 313,
      "tilePositionOfsets": [
        3719
      ],
      "shouldPause": false
    },
    {
      "itemType": 313,
      "tilePositionOfsets": [
        3518
      ],
      "shouldPause": false
    },
    {
      "itemType": 313,
      "tilePositionOfsets": [
        3222
      ],
      "shouldPause": false
    },
    {
      "itemType": 313,
      "tilePositionOfsets": [
        3224
      ],
      "shouldPause": false
    },
    {
      "itemType": 313,
      "tilePositionOfsets": [
        3129
      ],
      "shouldPause": false
    },
    {
      "itemType": 313,
      "tilePositionOfsets": [
        3133
      ],
      "shouldPause": false
    },
    {
      "itemType": 313,
      "tilePositionOfsets": [
        3135
      ],
      "shouldPause": false
    },
    {
      "itemType": 313,
      "tilePositionOfsets": [
        3139
      ],
      "shouldPause": false
    },
    {
      "itemType": 318,
      "tilePositionOfsets": [
        3137
      ],
      "shouldPause": false
    },
    {
      "itemType": 318,
      "tilePositionOfsets": [
        3131
      ],
      "shouldPause": false
    },
    {
      "itemType": 318,
      "tilePositionOfsets": [
        3126
      ],
      "shouldPause": false
    },
    {
      "itemType": 318,
      "tilePositionOfsets": [
        3320
      ],
      "shouldPause": false
    },
    {
      "itemType": 318,
      "tilePositionOfsets": [
        3318
      ],
      "shouldPause": false
    },
    {
      "itemType": 318,
      "tilePositionOfsets": [
        3920
      ],
      "shouldPause": false
    },
    {
      "itemType": 318,
      "tilePositionOfsets": [
        4622
      ],
      "shouldPause": false
    },
    {
      "itemType": 318,
      "tilePositionOfsets": [
        4822
      ],
      "shouldPause": false
    },
    {
      "itemType": 318,
      "tilePositionOfsets": [
        5621
      ],
      "shouldPause": false
    },
    {
      "itemType": 313,
      "tilePositionOfsets": [
        2940
      ],
      "shouldPause": false
    },
    {
      "itemType": 313,
      "tilePositionOfsets": [
        3141
      ],
      "shouldPause": false
    },
    {
      "itemType": 313,
      "tilePositionOfsets": [
        2942
      ],
      "shouldPause": false
    },
    {
      "itemType": 313,
      "tilePositionOfsets": [
        3520
      ],
      "shouldPause": false
    },
    {
      "itemType": 313,
      "tilePositionOfsets": [
        3120
      ],
      "shouldPause": false
    },
    {
      "itemType": 313,
      "tilePositionOfsets": [
        3022
      ],
      "shouldPause": false
    },
    {
      "itemType": 318,
      "tilePositionOfsets": [
        3822
      ],
      "shouldPause": false
    },
    {
      "itemType": 318,
      "tilePositionOfsets": [
        4022
      ],
      "shouldPause": false
    },
    {
      "itemType": 313,
      "tilePositionOfsets": [
        3979
      ],
      "shouldPause": false
    },
    {
      "itemType": 313,
      "tilePositionOfsets": [
        3977
      ],
      "shouldPause": false
    },
    {
      "itemType": 313,
      "tilePositionOfsets": [
        3673
      ],
      "shouldPause": false
    },
    {
      "itemType": 313,
      "tilePositionOfsets": [
        3471
      ],
      "shouldPause": false
    },
    {
      "itemType": 313,
      "tilePositionOfsets": [
        3270
      ],
      "shouldPause": false
    },
    {
      "itemType": 313,
      "tilePositionOfsets": [
        3266
      ],
      "shouldPause": false
    },
    {
      "itemType": 313,
      "tilePositionOfsets": [
        3264
      ],
      "shouldPause": false
    },
    {
      "itemType": 313,
      "tilePositionOfsets": [
        3162
      ],
      "shouldPause": false
    },
    {
      "itemType": 313,
      "tilePositionOfsets": [
        2958
      ],
      "shouldPause": false
    },
    {
      "itemType": 318,
      "tilePositionOfsets": [
        2960
      ],
      "shouldPause": false
    },
    {
      "itemType": 318,
      "tilePositionOfsets": [
        3160
      ],
      "shouldPause": false
    },
    {
      "itemType": 318,
      "tilePositionOfsets": [
        3268
      ],
      "shouldPause": false
    },
    {
      "itemType": 318,
      "tilePositionOfsets": [
        3671
      ],
      "shouldPause": false
    },
    {
      "itemType": 318,
      "tilePositionOfsets": [
        3873
      ],
      "shouldPause": false
    },
    {
      "itemType": 318,
      "tilePositionOfsets": [
        3975
      ],
      "shouldPause": false
    },
    {
      "itemType": 318,
      "tilePositionOfsets": [
        3981
      ],
      "shouldPause": false
    },
    {
      "itemType": 318,
      "tilePositionOfsets": [
        2956
      ],
      "shouldPause": false
    },
    {
      "itemType": 98,
      "tilePositionOfsets": [
        7560
      ],
      "shouldPause": false
    },
    {
      "itemType": 98,
      "tilePositionOfsets": [
        7559
      ],
      "shouldPause": false
    },
    {
      "itemType": 98,
      "tilePositionOfsets": [
        7557
      ],
      "shouldPause": false
    },
    {
      "itemType": 98,
      "tilePositionOfsets": [
        7558
      ],
      "shouldPause": false
    },
    {
      "itemType": 98,
      "tilePositionOfsets": [
        7556
      ],
      "shouldPause": false
    },
    {
      "itemType": 98,
      "tilePositionOfsets": [
        7655
      ],
      "shouldPause": false
    },
    {
      "itemType": 98,
      "tilePositionOfsets": [
        7656
      ],
      "shouldPause": false
    },
    {
      "itemType": 98,
      "tilePositionOfsets": [
        7657
      ],
      "shouldPause": false
    },
    {
      "itemType": 98,
      "tilePositionOfsets": [
        7659
      ],
      "shouldPause": false
    },
    {
      "itemType": 98,
      "tilePositionOfsets": [
        7658
      ],
      "shouldPause": false
    },
    {
      "itemType": 98,
      "tilePositionOfsets": [
        4315
      ],
      "shouldPause": false
    },
    {
      "itemType": 98,
      "tilePositionOfsets": [
        4314
      ],
      "shouldPause": false
    },
    {
      "itemType": 98,
      "tilePositionOfsets": [
        4215
      ],
      "shouldPause": false
    },
    {
      "itemType": 98,
      "tilePositionOfsets": [
        4214
      ],
      "shouldPause": false
    },
    {
      "itemType": 98,
      "tilePositionOfsets": [
        4115
      ],
      "shouldPause": false
    },
    {
      "itemType": 98,
      "tilePositionOfsets": [
        4114
      ],
      "shouldPause": false
    },
    {
      "itemType": 98,
      "tilePositionOfsets": [
        2157
      ],
      "shouldPause": false
    },
    {
      "itemType": 98,
      "tilePositionOfsets": [
        2057
      ],
      "shouldPause": false
    },
    {
      "itemType": 98,
      "tilePositionOfsets": [
        1957
      ],
      "shouldPause": false
    },
    {
      "itemType": 98,
      "tilePositionOfsets": [
        1857
      ],
      "shouldPause": false
    },
    {
      "itemType": 98,
      "tilePositionOfsets": [
        1756
      ],
      "shouldPause": false
    },
    {
      "itemType": 98,
      "tilePositionOfsets": [
        1757
      ],
      "shouldPause": false
    },
    {
      "itemType": 98,
      "tilePositionOfsets": [
        1958
      ],
      "shouldPause": false
    },
    {
      "itemType": 98,
      "tilePositionOfsets": [
        2058
      ],
      "shouldPause": false
    },
    {
      "itemType": 98,
      "tilePositionOfsets": [
        2158
      ],
      "shouldPause": false
    },
    {
      "itemType": 98,
      "tilePositionOfsets": [
        1758
      ],
      "shouldPause": false
    },
    {
      "itemType": 98,
      "tilePositionOfsets": [
        1858
      ],
      "shouldPause": false
    },
    {
      "itemType": 98,
      "tilePositionOfsets": [
        2151
      ],
      "shouldPause": false
    },
    {
      "itemType": 98,
      "tilePositionOfsets": [
        2050
      ],
      "shouldPause": false
    },
    {
      "itemType": 98,
      "tilePositionOfsets": [
        2150
      ],
      "shouldPause": false
    },
    {
      "itemType": 98,
      "tilePositionOfsets": [
        1948
      ],
      "shouldPause": false
    },
    {
      "itemType": 98,
      "tilePositionOfsets": [
        1946
      ],
      "shouldPause": false
    },
    {
      "itemType": 98,
      "tilePositionOfsets": [
        2049
      ],
      "shouldPause": false
    },
    {
      "itemType": 98,
      "tilePositionOfsets": [
        1844
      ],
      "shouldPause": false
    },
    {
      "itemType": 98,
      "tilePositionOfsets": [
        1949
      ],
      "shouldPause": false
    },
    {
      "itemType": 98,
      "tilePositionOfsets": [
        1846
      ],
      "shouldPause": false
    },
    {
      "itemType": 98,
      "tilePositionOfsets": [
        2047
      ],
      "shouldPause": false
    },
    {
      "itemType": 98,
      "tilePositionOfsets": [
        1845
      ],
      "shouldPause": false
    },
    {
      "itemType": 98,
      "tilePositionOfsets": [
        2042
      ],
      "shouldPause": false
    },
    {
      "itemType": 98,
      "tilePositionOfsets": [
        1942
      ],
      "shouldPause": false
    },
    {
      "itemType": 98,
      "tilePositionOfsets": [
        2043
      ],
      "shouldPause": false
    },
    {
      "itemType": 98,
      "tilePositionOfsets": [
        2039
      ],
      "shouldPause": false
    },
    {
      "itemType": 98,
      "tilePositionOfsets": [
        2235
      ],
      "shouldPause": false
    },
    {
      "itemType": 98,
      "tilePositionOfsets": [
        2137
      ],
      "shouldPause": false
    },
    {
      "itemType": 98,
      "tilePositionOfsets": [
        2236
      ],
      "shouldPause": false
    },
    {
      "itemType": 98,
      "tilePositionOfsets": [
        2433
      ],
      "shouldPause": false
    },
    {
      "itemType": 98,
      "tilePositionOfsets": [
        2335
      ],
      "shouldPause": false
    },
    {
      "itemType": 98,
      "tilePositionOfsets": [
        2334
      ],
      "shouldPause": false
    },
    {
      "itemType": 98,
      "tilePositionOfsets": [
        2333
      ],
      "shouldPause": false
    },
    {
      "itemType": 98,
      "tilePositionOfsets": [
        2434
      ],
      "shouldPause": false
    },
    {
      "itemType": 98,
      "tilePositionOfsets": [
        2430
      ],
      "shouldPause": false
    },
    {
      "itemType": 98,
      "tilePositionOfsets": [
        2527
      ],
      "shouldPause": false
    },
    {
      "itemType": 98,
      "tilePositionOfsets": [
        2531
      ],
      "shouldPause": false
    },
    {
      "itemType": 98,
      "tilePositionOfsets": [
        2425
      ],
      "shouldPause": false
    },
    {
      "itemType": 98,
      "tilePositionOfsets": [
        2530
      ],
      "shouldPause": false
    },
    {
      "itemType": 98,
      "tilePositionOfsets": [
        2429
      ],
      "shouldPause": false
    },
    {
      "itemType": 98,
      "tilePositionOfsets": [
        2427
      ],
      "shouldPause": false
    },
    {
      "itemType": 98,
      "tilePositionOfsets": [
        2325
      ],
      "shouldPause": false
    },
    {
      "itemType": 98,
      "tilePositionOfsets": [
        2528
      ],
      "shouldPause": false
    },
    {
      "itemType": 98,
      "tilePositionOfsets": [
        2423
      ],
      "shouldPause": false
    },
    {
      "itemType": 98,
      "tilePositionOfsets": [
        2418
      ],
      "shouldPause": false
    },
    {
      "itemType": 98,
      "tilePositionOfsets": [
        2322
      ],
      "shouldPause": false
    },
    {
      "itemType": 98,
      "tilePositionOfsets": [
        2420
      ],
      "shouldPause": false
    },
    {
      "itemType": 98,
      "tilePositionOfsets": [
        2422
      ],
      "shouldPause": false
    },
    {
      "itemType": 98,
      "tilePositionOfsets": [
        2323
      ],
      "shouldPause": false
    },
    {
      "itemType": 98,
      "tilePositionOfsets": [
        2319
      ],
      "shouldPause": false
    },
    {
      "itemType": 98,
      "tilePositionOfsets": [
        2518
      ],
      "shouldPause": false
    },
    {
      "itemType": 98,
      "tilePositionOfsets": [
        2517
      ],
      "shouldPause": false
    },
    {
      "itemType": 98,
      "tilePositionOfsets": [
        2616
      ],
      "shouldPause": false
    },
    {
      "itemType": 98,
      "tilePositionOfsets": [
        2813
      ],
      "shouldPause": false
    },
    {
      "itemType": 98,
      "tilePositionOfsets": [
        3011
      ],
      "shouldPause": false
    },
    {
      "itemType": 98,
      "tilePositionOfsets": [
        2713
      ],
      "shouldPause": false
    },
    {
      "itemType": 98,
      "tilePositionOfsets": [
        2516
      ],
      "shouldPause": false
    },
    {
      "itemType": 98,
      "tilePositionOfsets": [
        2714
      ],
      "shouldPause": false
    },
    {
      "itemType": 98,
      "tilePositionOfsets": [
        2615
      ],
      "shouldPause": false
    },
    {
      "itemType": 98,
      "tilePositionOfsets": [
        2515
      ],
      "shouldPause": false
    },
    {
      "itemType": 98,
      "tilePositionOfsets": [
        2613
      ],
      "shouldPause": false
    },
    {
      "itemType": 98,
      "tilePositionOfsets": [
        2712
      ],
      "shouldPause": false
    },
    {
      "itemType": 98,
      "tilePositionOfsets": [
        2911
      ],
      "shouldPause": false
    },
    {
      "itemType": 98,
      "tilePositionOfsets": [
        3110
      ],
      "shouldPause": false
    },
    {
      "itemType": 98,
      "tilePositionOfsets": [
        3310
      ],
      "shouldPause": false
    },
    {
      "itemType": 98,
      "tilePositionOfsets": [
        3111
      ],
      "shouldPause": false
    },
    {
      "itemType": 98,
      "tilePositionOfsets": [
        3012
      ],
      "shouldPause": false
    },
    {
      "itemType": 98,
      "tilePositionOfsets": [
        3112
      ],
      "shouldPause": false
    },
    {
      "itemType": 98,
      "tilePositionOfsets": [
        2812
      ],
      "shouldPause": false
    },
    {
      "itemType": 98,
      "tilePositionOfsets": [
        4014
      ],
      "shouldPause": false
    },
    {
      "itemType": 98,
      "tilePositionOfsets": [
        4013
      ],
      "shouldPause": false
    },
    {
      "itemType": 98,
      "tilePositionOfsets": [
        3812
      ],
      "shouldPause": false
    },
    {
      "itemType": 98,
      "tilePositionOfsets": [
        3913
      ],
      "shouldPause": false
    },
    {
      "itemType": 98,
      "tilePositionOfsets": [
        3611
      ],
      "shouldPause": false
    },
    {
      "itemType": 98,
      "tilePositionOfsets": [
        3411
      ],
      "shouldPause": false
    },
    {
      "itemType": 98,
      "tilePositionOfsets": [
        3612
      ],
      "shouldPause": false
    },
    {
      "itemType": 98,
      "tilePositionOfsets": [
        3712
      ],
      "shouldPause": false
    },
    {
      "itemType": 98,
      "tilePositionOfsets": [
        5714
      ],
      "shouldPause": false
    },
    {
      "itemType": 98,
      "tilePositionOfsets": [
        4915
      ],
      "shouldPause": false
    },
    {
      "itemType": 98,
      "tilePositionOfsets": [
        5114
      ],
      "shouldPause": false
    },
    {
      "itemType": 98,
      "tilePositionOfsets": [
        5314
      ],
      "shouldPause": false
    },
    {
      "itemType": 98,
      "tilePositionOfsets": [
        5513
      ],
      "shouldPause": false
    },
    {
      "itemType": 98,
      "tilePositionOfsets": [
        4914
      ],
      "shouldPause": false
    },
    {
      "itemType": 98,
      "tilePositionOfsets": [
        5014
      ],
      "shouldPause": false
    },
    {
      "itemType": 98,
      "tilePositionOfsets": [
        5214
      ],
      "shouldPause": false
    },
    {
      "itemType": 98,
      "tilePositionOfsets": [
        5413
      ],
      "shouldPause": false
    },
    {
      "itemType": 98,
      "tilePositionOfsets": [
        5614
      ],
      "shouldPause": false
    },
    {
      "itemType": 98,
      "tilePositionOfsets": [
        5815
      ],
      "shouldPause": false
    },
    {
      "itemType": 98,
      "tilePositionOfsets": [
        6116
      ],
      "shouldPause": false
    },
    {
      "itemType": 98,
      "tilePositionOfsets": [
        6417
      ],
      "shouldPause": false
    },
    {
      "itemType": 98,
      "tilePositionOfsets": [
        6215
      ],
      "shouldPause": false
    },
    {
      "itemType": 98,
      "tilePositionOfsets": [
        6015
      ],
      "shouldPause": false
    },
    {
      "itemType": 98,
      "tilePositionOfsets": [
        6316
      ],
      "shouldPause": false
    },
    {
      "itemType": 98,
      "tilePositionOfsets": [
        6721
      ],
      "shouldPause": false
    },
    {
      "itemType": 98,
      "tilePositionOfsets": [
        6315
      ],
      "shouldPause": false
    },
    {
      "itemType": 98,
      "tilePositionOfsets": [
        6620
      ],
      "shouldPause": false
    },
    {
      "itemType": 98,
      "tilePositionOfsets": [
        6618
      ],
      "shouldPause": false
    },
    {
      "itemType": 98,
      "tilePositionOfsets": [
        6516
      ],
      "shouldPause": false
    },
    {
      "itemType": 98,
      "tilePositionOfsets": [
        6416
      ],
      "shouldPause": false
    },
    {
      "itemType": 98,
      "tilePositionOfsets": [
        6621
      ],
      "shouldPause": false
    },
    {
      "itemType": 98,
      "tilePositionOfsets": [
        6519
      ],
      "shouldPause": false
    },
    {
      "itemType": 98,
      "tilePositionOfsets": [
        6518
      ],
      "shouldPause": false
    },
    {
      "itemType": 98,
      "tilePositionOfsets": [
        6926
      ],
      "shouldPause": false
    },
    {
      "itemType": 98,
      "tilePositionOfsets": [
        6724
      ],
      "shouldPause": false
    },
    {
      "itemType": 98,
      "tilePositionOfsets": [
        6722
      ],
      "shouldPause": false
    },
    {
      "itemType": 98,
      "tilePositionOfsets": [
        6925
      ],
      "shouldPause": false
    },
    {
      "itemType": 98,
      "tilePositionOfsets": [
        6823
      ],
      "shouldPause": false
    },
    {
      "itemType": 98,
      "tilePositionOfsets": [
        6622
      ],
      "shouldPause": false
    },
    {
      "itemType": 98,
      "tilePositionOfsets": [
        6927
      ],
      "shouldPause": false
    },
    {
      "itemType": 98,
      "tilePositionOfsets": [
        7129
      ],
      "shouldPause": false
    },
    {
      "itemType": 98,
      "tilePositionOfsets": [
        7333
      ],
      "shouldPause": false
    },
    {
      "itemType": 98,
      "tilePositionOfsets": [
        7228
      ],
      "shouldPause": false
    },
    {
      "itemType": 98,
      "tilePositionOfsets": [
        7028
      ],
      "shouldPause": false
    },
    {
      "itemType": 98,
      "tilePositionOfsets": [
        7027
      ],
      "shouldPause": false
    },
    {
      "itemType": 98,
      "tilePositionOfsets": [
        6826
      ],
      "shouldPause": false
    },
    {
      "itemType": 98,
      "tilePositionOfsets": [
        6825
      ],
      "shouldPause": false
    },
    {
      "itemType": 98,
      "tilePositionOfsets": [
        6824
      ],
      "shouldPause": false
    },
    {
      "itemType": 98,
      "tilePositionOfsets": [
        7232
      ],
      "shouldPause": false
    },
    {
      "itemType": 98,
      "tilePositionOfsets": [
        7436
      ],
      "shouldPause": false
    },
    {
      "itemType": 98,
      "tilePositionOfsets": [
        7435
      ],
      "shouldPause": false
    },
    {
      "itemType": 98,
      "tilePositionOfsets": [
        7332
      ],
      "shouldPause": false
    },
    {
      "itemType": 98,
      "tilePositionOfsets": [
        7330
      ],
      "shouldPause": false
    },
    {
      "itemType": 98,
      "tilePositionOfsets": [
        7230
      ],
      "shouldPause": false
    },
    {
      "itemType": 98,
      "tilePositionOfsets": [
        7335
      ],
      "shouldPause": false
    },
    {
      "itemType": 98,
      "tilePositionOfsets": [
        7233
      ],
      "shouldPause": false
    },
    {
      "itemType": 98,
      "tilePositionOfsets": [
        7855
      ],
      "shouldPause": false
    },
    {
      "itemType": 98,
      "tilePositionOfsets": [
        7757
      ],
      "shouldPause": false
    },
    {
      "itemType": 98,
      "tilePositionOfsets": [
        7754
      ],
      "shouldPause": false
    },
    {
      "itemType": 98,
      "tilePositionOfsets": [
        7653
      ],
      "shouldPause": false
    },
    {
      "itemType": 98,
      "tilePositionOfsets": [
        7956
      ],
      "shouldPause": false
    },
    {
      "itemType": 98,
      "tilePositionOfsets": [
        8052
      ],
      "shouldPause": false
    },
    {
      "itemType": 98,
      "tilePositionOfsets": [
        7751
      ],
      "shouldPause": false
    },
    {
      "itemType": 98,
      "tilePositionOfsets": [
        7854
      ],
      "shouldPause": false
    },
    {
      "itemType": 98,
      "tilePositionOfsets": [
        7954
      ],
      "shouldPause": false
    },
    {
      "itemType": 98,
      "tilePositionOfsets": [
        7849
      ],
      "shouldPause": false
    },
    {
      "itemType": 98,
      "tilePositionOfsets": [
        7752
      ],
      "shouldPause": false
    },
    {
      "itemType": 98,
      "tilePositionOfsets": [
        7951
      ],
      "shouldPause": false
    },
    {
      "itemType": 98,
      "tilePositionOfsets": [
        7750
      ],
      "shouldPause": false
    },
    {
      "itemType": 98,
      "tilePositionOfsets": [
        7952
      ],
      "shouldPause": false
    },
    {
      "itemType": 98,
      "tilePositionOfsets": [
        7745
      ],
      "shouldPause": false
    },
    {
      "itemType": 98,
      "tilePositionOfsets": [
        8051
      ],
      "shouldPause": false
    },
    {
      "itemType": 98,
      "tilePositionOfsets": [
        7846
      ],
      "shouldPause": false
    },
    {
      "itemType": 98,
      "tilePositionOfsets": [
        8050
      ],
      "shouldPause": false
    },
    {
      "itemType": 98,
      "tilePositionOfsets": [
        7948
      ],
      "shouldPause": false
    },
    {
      "itemType": 98,
      "tilePositionOfsets": [
        7746
      ],
      "shouldPause": false
    },
    {
      "itemType": 98,
      "tilePositionOfsets": [
        7848
      ],
      "shouldPause": false
    },
    {
      "itemType": 98,
      "tilePositionOfsets": [
        7747
      ],
      "shouldPause": false
    },
    {
      "itemType": 98,
      "tilePositionOfsets": [
        7743
      ],
      "shouldPause": false
    },
    {
      "itemType": 98,
      "tilePositionOfsets": [
        7540
      ],
      "shouldPause": false
    },
    {
      "itemType": 98,
      "tilePositionOfsets": [
        7438
      ],
      "shouldPause": false
    },
    {
      "itemType": 98,
      "tilePositionOfsets": [
        7641
      ],
      "shouldPause": false
    },
    {
      "itemType": 98,
      "tilePositionOfsets": [
        7741
      ],
      "shouldPause": false
    },
    {
      "itemType": 98,
      "tilePositionOfsets": [
        7539
      ],
      "shouldPause": false
    },
    {
      "itemType": 98,
      "tilePositionOfsets": [
        7437
      ],
      "shouldPause": false
    },
    {
      "itemType": 98,
      "tilePositionOfsets": [
        7336
      ],
      "shouldPause": false
    }
  ],
  "miscItems": [
    {
      "positionOfset": 6376,
      "itemType": 5,
      "number": 0
    },
    {
      "positionOfset": 6866,
      "itemType": 5,
      "number": 1
    },
    {
      "positionOfset": 7045,
      "itemType": 5,
      "number": 2
    },
    {
      "positionOfset": 6433,
      "itemType": 5,
      "number": 3
    },
    {
      "positionOfset": 6570,
      "itemType": 16,
      "number": 0
    },
    {
      "positionOfset": 6439,
      "itemType": 16,
      "number": 1
    },
    {
      "positionOfset": 3423,
      "itemType": 16,
      "number": 2
    },
    {
      "positionOfset": 7258,
      "itemType": 16,
      "number": 3
    },
    {
      "positionOfset": 4181,
      "itemType": 16,
      "number": 4
    },
    {
      "positionOfset": 4714,
      "itemType": 16,
      "number": 5
    },
    {
      "positionOfset": 2054,
      "itemType": 16,
      "number": 6
    },
    {
      "positionOfset": 5826,
      "itemType": 16,
      "number": 7
    },
    {
      "positionOfset": 6852,
      "itemType": 16,
      "number": 8
    },
    {
      "positionOfset": 5780,
      "itemType": 16,
      "number": 9
    }
  ]
}