{
  "pauseDelayAmount": 100,
  "frames": [
    {
      "itemType": 61,
      "tilePositionOfsets": [
        5643
      ],
      "shouldPause": false
    },
    {
      "itemType": 52,
      "tilePositionOfsets": [
        4950
      ],
      "shouldPause": false
    },
    {
      "itemType": 52,
      "tilePositionOfsets": [
        5455
      ],
      "shouldPause": false
    },
    {
      "itemType": 80,
      "tilePositionOfsets": [
        4856
      ],
      "shouldPause": false
    },
    {
      "itemType": 54,
      "tilePositionOfsets": [
        5638
      ],
      "shouldPause": false
    },
    {
      "itemType": 54,
      "tilePositionOfsets": [
        5238
      ],
      "shouldPause": false
    },
    {
      "itemType": 54,
      "tilePositionOfsets": [
        5634
      ],
      "shouldPause": false
    },
    {
      "itemType": 54,
      "tilePositionOfsets": [
        5234
      ],
      "shouldPause": false
    },
    {
      "itemType": 54,
      "tilePositionOfsets": [
        4838
      ],
      "shouldPause": false
    },
    {
      "itemType": 54,
      "tilePositionOfsets": [
        5951
      ],
      "shouldPause": false
    },
    {
      "itemType": 54,
      "tilePositionOfsets": [
        5955
      ],
      "shouldPause": false
    },
    {
      "itemType": 54,
      "tilePositionOfsets": [
        4227
      ],
      "shouldPause": false
    },
    {
      "itemType": 54,
      "tilePositionOfsets": [
        3827
      ],
      "shouldPause": false
    },
    {
      "itemType": 54,
      "tilePositionOfsets": [
        3868
      ],
      "shouldPause": false
    },
    {
      "itemType": 106,
      "tilePositionOfsets": [
        6440,
        6441,
        6442,
        6443,
        6444,
        6445,
        6446,
        6447,
        6448,
        6449,
        6450,
        6451,
        6452,
        6453,
        6454,
        6455,
        6456,
        6457,
        6458,
        6459,
        6460,
        6461,
        6462,
        6463,
        6464,
        6465,
        6466,
        6327,
        6328,
        6329,
        6330,
        6331,
        6332,
        6333,
        6334,
        6335,
        6336,
        6337,
        6338,
        6339,
        6340,
        6341,
        6342,
        6343,
        6344,
        6345,
        6346,
        6347,
        6348,
        6349,
        6350,
        6351,
        6352,
        6353,
        6354,
        6355,
        6356,
        6357,
        6358,
        6359,
        6360,
        6361,
        6362,
        6363,
        6364,
        6365,
        6366,
        6367,
        6368,
        6369,
        6370,
        6371,
        6226,
        6227,
        6228,
        6229,
        6230,
        6231,
        6232,
        6233,
        6234,
        6235,
        6236,
        6237,
        6238,
        6239,
        6240,
        6241,
        6266,
        6267,
        6268,
        6269,
        6270,
        6271,
        6272,
        6273,
        6274,
        6125,
        6126,
        6127,
        6128,
        6135,
        6136,
        6170,
        6171,
        6172,
        6173,
        6174,
        6175,
        6024,
        6025,
        6026,
        6072,
        6073,
        6074,
        6075,
        6076,
        5923,
        5924,
        5925,
        5973,
        5974,
        5975,
        5976,
        5977,
        5978,
        5823,
        5824,
        5825,
        5876,
        5877,
        5878,
        5879,
        5722,
        5723,
        5724,
        5777,
        5778,
        5779,
        5780,
        5622,
        5623,
        5678,
        5679,
        5680,
        5522,
        5523,
        5579,
        5580,
        5581,
        5421,
        5422,
        5423,
        5480,
        5481,
        5321,
        5322,
        5380,
        5381,
        5221,
        5222,
        5280,
        5281,
        5282,
        5120,
        5121,
        5122,
        5181,
        5182,
        5020,
        5021,
        5081,
        5082,
        4920,
        4921,
        4981,
        4982,
        4820,
        4821,
        4881,
        4882,
        4720,
        4721,
        4781,
        4782,
        4783,
        4620,
        4621,
        4682,
        4683,
        4520,
        4521,
        4582,
        4583,
        4419,
        4420,
        4421,
        4482,
        4483,
        4319,
        4320,
        4382,
        4383,
        4219,
        4220,
        4221,
        4281,
        4282,
        4283,
        4120,
        4121,
        4181,
        4182,
        4183,
        4020,
        4021,
        4081,
        4082,
        3920,
        3921,
        3980,
        3981,
        3982,
        3820,
        3821,
        3880,
        3881,
        3720,
        3721,
        3780,
        3781,
        3620,
        3621,
        3622,
        3679,
        3680,
        3681,
        3521,
        3522,
        3577,
        3578,
        3579,
        3580,
        3421,
        3422,
        3423,
        3476,
        3477,
        3478,
        3479,
        3322,
        3323,
        3374,
        3375,
        3376,
        3377,
        3378,
        3222,
        3223,
        3224,
        3225,
        3274,
        3275,
        3276,
        3277,
        3123,
        3124,
        3125,
        3126,
        3127,
        3173,
        3174,
        3175,
        3026,
        3027,
        3028,
        3029,
        3070,
        3071,
        3072,
        3073,
        3074,
        2927,
        2928,
        2929,
        2930,
        2931,
        2936,
        2937,
        2938,
        2939,
        2940,
        2943,
        2944,
        2945,
        2946,
        2952,
        2953,
        2968,
        2969,
        2970,
        2971,
        2972,
        2973,
        2829,
        2830,
        2831,
        2832,
        2833,
        2834,
        2835,
        2836,
        2837,
        2838,
        2839,
        2840,
        2841,
        2842,
        2843,
        2844,
        2845,
        2846,
        2852,
        2853,
        2854,
        2856,
        2857,
        2858,
        2864,
        2865,
        2866,
        2867,
        2868,
        2869,
        2870,
        2732,
        2733,
        2734,
        2735,
        2740,
        2741,
        2742,
        2743,
        2753,
        2754,
        2755,
        2756,
        2757,
        2758,
        2759,
        2760,
        2761,
        2762,
        2763,
        2764,
        2765,
        2766,
        2767,
        2768,
        2655,
        2656,
        2657,
        2659,
        2660,
        2661,
        2662,
        2663,
        2664
      ],
      "shouldPause": false
    },
    {
      "itemType": 86,
      "tilePositionOfsets": [
        5461
      ],
      "shouldPause": false
    },
    {
      "itemType": 77,
      "tilePositionOfsets": [
        4337
      ],
      "shouldPause": false
    },
    {
      "itemType": 74,
      "tilePositionOfsets": [
        5860
      ],
      "shouldPause": false
    },
    {
      "itemType": 75,
      "tilePositionOfsets": [
        4351
      ],
      "shouldPause": false
    },
    {
      "itemType": 75,
      "tilePositionOfsets": [
        4355
      ],
      "shouldPause": false
    },
    {
      "itemType": 76,
      "tilePositionOfsets": [
        4046
      ],
      "shouldPause": false
    },
    {
      "itemType": 75,
      "tilePositionOfsets": [
        4360
      ],
      "shouldPause": false
    },
    {
      "itemType": 75,
      "tilePositionOfsets": [
        4364
      ],
      "shouldPause": false
    },
    {
      "itemType": 92,
      "tilePositionOfsets": [
        4368
      ],
      "shouldPause": false
    },
    {
      "itemType": 88,
      "tilePositionOfsets": [
        4731
      ],
      "shouldPause": false
    },
    {
      "itemType": 342,
      "tilePositionOfsets": [
        3732
      ],
      "shouldPause": false
    },
    {
      "itemType": 144,
      "tilePositionOfsets": [
        3247
      ],
      "shouldPause": false
    },
    {
      "itemType": 105,
      "tilePositionOfsets": [
        2747
      ],
      "shouldPause": false
    },
    {
      "itemType": 25,
      "tilePositionOfsets": [
        5027,
        5028,
        5029,
        5030,
        5031,
        5032
      ],
      "shouldPause": false
    },
    {
      "itemType": 185,
      "tilePositionOfsets": [
        4928
      ],
      "shouldPause": false
    },
    {
      "itemType": 184,
      "tilePositionOfsets": [
        4929
      ],
      "shouldPause": false
    },
    {
      "itemType": 183,
      "tilePositionOfsets": [
        4930
      ],
      "shouldPause": false
    },
    {
      "itemType": 182,
      "tilePositionOfsets": [
        4931
      ],
      "shouldPause": false
    },
    {
      "itemType": 181,
      "tilePositionOfsets": [
        4932
      ],
      "shouldPause": false
    },
    {
      "itemType": 114,
      "tilePositionOfsets": [
        5627
      ],
      "shouldPause": false
    },
    {
      "itemType": 25,
      "tilePositionOfsets": [
        3458,
        3358,
        3258
      ],
      "shouldPause": false
    },
    {
      "itemType": 185,
      "tilePositionOfsets": [
        3453
      ],
      "shouldPause": false
    },
    {
      "itemType": 184,
      "tilePositionOfsets": [
        3454
      ],
      "shouldPause": false
    },
    {
      "itemType": 183,
      "tilePositionOfsets": [
        3455
      ],
      "shouldPause": false
    },
    {
      "itemType": 182,
      "tilePositionOfsets": [
        3456
      ],
      "shouldPause": false
    },
    {
      "itemType": 181,
      "tilePositionOfsets": [
        3457
      ],
      "shouldPause": false
    },
    {
      "itemType": 110,
      "tilePositionOfsets": [
        3459
      ],
      "shouldPause": false
    },
    {
      "itemType": 75,
      "tilePositionOfsets": [
        3951
      ],
      "shouldPause": false
    },
    {
      "itemType": 75,
      "tilePositionOfsets": [
        3955
      ],
      "shouldPause": false
    },
    {
      "itemType": 75,
      "tilePositionOfsets": [
        3960
      ],
      "shouldPause": false
    },
    {
      "itemType": 75,
      "tilePositionOfsets": [
        3964
      ],
      "shouldPause": false
    },
    {
      "itemType": 76,
      "tilePositionOfsets": [
        4042
      ],
      "shouldPause": false
    },
    {
      "itemType": 25,
      "tilePositionOfsets": [
        4872,
        4873,
        4874,
        4875,
        4876,
        4877
      ],
      "shouldPause": false
    },
    {
      "itemType": 185,
      "tilePositionOfsets": [
        4772
      ],
      "shouldPause": false
    },
    {
      "itemType": 184,
      "tilePositionOfsets": [
        4773
      ],
      "shouldPause": false
    },
    {
      "itemType": 183,
      "tilePositionOfsets": [
        4774
      ],
      "shouldPause": false
    },
    {
      "itemType": 182,
      "tilePositionOfsets": [
        4775
      ],
      "shouldPause": false
    },
    {
      "itemType": 181,
      "tilePositionOfsets": [
        4776
      ],
      "shouldPause": false
    },
    {
      "itemType": 114,
      "tilePositionOfsets": [
        5472
      ],
      "shouldPause": false
    },
    {
      "itemType": 342,
      "tilePositionOfsets": [
        4373
      ],
      "shouldPause": false
    },
    {
      "itemType": 92,
      "tilePositionOfsets": [
        6063
      ],
      "shouldPause": false
    },
    {
      "itemType": 92,
      "tilePositionOfsets": [
        4726
      ],
      "shouldPause": false
    },
    {
      "itemType": 25,
      "tilePositionOfsets": [
        3540,
        3440,
        3340
      ],
      "shouldPause": false
    },
    {
      "itemType": 185,
      "tilePositionOfsets": [
        3445
      ],
      "shouldPause": false
    },
    {
      "itemType": 184,
      "tilePositionOfsets": [
        3444
      ],
      "shouldPause": false
    },
    {
      "itemType": 183,
      "tilePositionOfsets": [
        3443
      ],
      "shouldPause": false
    },
    {
      "itemType": 182,
      "tilePositionOfsets": [
        3442
      ],
      "shouldPause": false
    },
    {
      "itemType": 181,
      "tilePositionOfsets": [
        3441
      ],
      "shouldPause": false
    },
    {
      "itemType": 110,
      "tilePositionOfsets": [
        3537
      ],
      "shouldPause": false
    },
    {
      "itemType": 106,
      "tilePositionOfsets": [
        6861,
        6862,
        6863,
        6864,
        6865,
        6749,
        6750,
        6751,
        6752,
        6754,
        6755,
        6756,
        6757,
        6758,
        6759,
        6760,
        6761,
        6762,
        6763,
        6764,
        6765,
        6766,
        6767,
        6768,
        6630,
        6631,
        6632,
        6638,
        6639,
        6640,
        6641,
        6642,
        6643,
        6644,
        6645,
        6646,
        6647,
        6648,
        6649,
        6650,
        6651,
        6652,
        6653,
        6654,
        6655,
        6656,
        6657,
        6658,
        6659,
        6660,
        6661,
        6662,
        6663,
        6664,
        6665,
        6666,
        6667,
        6668,
        6669,
        6670,
        6528,
        6529,
        6530,
        6531,
        6533,
        6534,
        6535,
        6536,
        6537,
        6538,
        6539,
        6540,
        6541,
        6542,
        6543,
        6544,
        6545,
        6546,
        6547,
        6548,
        6549,
        6550,
        6551,
        6552,
        6553,
        6554,
        6555,
        6556,
        6557,
        6558,
        6559,
        6560,
        6561,
        6562,
        6563,
        6564,
        6565,
        6566,
        6567,
        6568,
        6569,
        6570,
        6571,
        6572,
        6573,
        6574,
        6426,
        6427,
        6428,
        6429,
        6430,
        6431,
        6432,
        6433,
        6434,
        6435,
        6436,
        6437,
        6438,
        6439,
        6467,
        6468,
        6469,
        6470,
        6471,
        6472,
        6473,
        6474,
        6475,
        6476,
        6324,
        6325,
        6326,
        6372,
        6373,
        6374,
        6375,
        6376,
        6377,
        6222,
        6223,
        6224,
        6225,
        6275,
        6276,
        6277,
        6278,
        6279,
        6121,
        6122,
        6123,
        6124,
        6176,
        6177,
        6178,
        6179,
        6180,
        6021,
        6022,
        6023,
        6077,
        6078,
        6079,
        6080,
        5920,
        5921,
        5922,
        5979,
        5980,
        5981,
        5982,
        5819,
        5820,
        5821,
        5822,
        5880,
        5881,
        5882,
        5883,
        5719,
        5720,
        5721,
        5781,
        5782,
        5783,
        5618,
        5619,
        5620,
        5621,
        5681,
        5682,
        5683,
        5518,
        5519,
        5520,
        5521,
        5582,
        5583,
        5584,
        5418,
        5419,
        5420,
        5482,
        5483,
        5484,
        5318,
        5319,
        5320,
        5382,
        5383,
        5384,
        5217,
        5218,
        5219,
        5220,
        5283,
        5284,
        5117,
        5118,
        5119,
        5183,
        5184,
        5185,
        5017,
        5018,
        5019,
        5083,
        5084,
        5085,
        4917,
        4918,
        4919,
        4983,
        4984,
        4985,
        4986,
        4817,
        4818,
        4819,
        4883,
        4884,
        4885,
        4886,
        4717,
        4718,
        4719,
        4784,
        4785,
        4786,
        4617,
        4618,
        4619,
        4684,
        4685,
        4686,
        4517,
        4518,
        4519,
        4584,
        4585,
        4586,
        4417,
        4418,
        4484,
        4485,
        4486,
        4317,
        4318,
        4384,
        4385,
        4386,
        4387,
        4217,
        4218,
        4284,
        4285,
        4286,
        4287,
        4117,
        4118,
        4119,
        4184,
        4185,
        4016,
        4017,
        4018,
        4019,
        4083,
        4084,
        4085,
        3916,
        3917,
        3918,
        3919,
        3983,
        3984,
        3985,
        3817,
        3818,
        3819,
        3882,
        3883,
        3884,
        3717,
        3718,
        3719,
        3782,
        3783,
        3784,
        3617,
        3618,
        3619,
        3682,
        3683,
        3518,
        3519,
        3520,
        3581,
        3582,
        3583,
        3418,
        3419,
        3420,
        3480,
        3481,
        3482,
        3319,
        3320,
        3321,
        3379,
        3380,
        3381,
        3220,
        3221,
        3278,
        3279,
        3280,
        3281,
        3121,
        3122,
        3176,
        3177,
        3178,
        3022,
        3023,
        3024,
        3025,
        3075,
        3076,
        3077,
        2923,
        2924,
        2925,
        2926,
        2974,
        2975,
        2976,
        2977,
        2824,
        2825,
        2826,
        2827,
        2828,
        2871,
        2872,
        2873,
        2874,
        2875,
        2876,
        2877,
        2727,
        2728,
        2729,
        2730,
        2731,
        2736,
        2737,
        2738,
        2739,
        2744,
        2745,
        2746,
        2752,
        2769,
        2770,
        2771,
        2772,
        2773,
        2774,
        2628,
        2629,
        2630,
        2631,
        2632,
        2633,
        2634,
        2635,
        2636,
        2637,
        2638,
        2639,
        2640,
        2641,
        2642,
        2643,
        2644,
        2645,
        2646,
        2652,
        2653,
        2654,
        2658,
        2665,
        2666,
        2667,
        2668,
        2669,
        2670,
        2671,
        2672,
        2535,
        2536,
        2538,
        2539,
        2540,
        2541,
        2542,
        2543,
        2544,
        2545,
        2546,
        2552,
        2553,
        2554,
        2555,
        2556,
        2557,
        2558,
        2559,
        2560,
        2561,
        2562,
        2563,
        2564,
        2565,
        2566,
        2567,
        2568,
        2569,
        2570,
        2443,
        2444,
        2445,
        2446,
        2452,
        2453,
        2454,
        2455,
        2456,
        2457,
        2458,
        2459,
        2460,
        2461,
        2462,
        2463,
        2464,
        2465,
        2466,
        2345,
        2346,
        2352,
        2358,
        2359
      ],
      "shouldPause": false
    },
    {
      "itemType": 106,
      "tilePositionOfsets": [
        7062,
        7063,
        6946,
        6947,
        6948,
        6949,
        6950,
        6952,
        6953,
        6954,
        6955,
        6956,
        6957,
        6959,
        6960,
        6961,
        6962,
        6963,
        6964,
        6965,
        6966,
        6837,
        6838,
        6839,
        6842,
        6843,
        6844,
        6845,
        6846,
        6847,
        6848,
        6849,
        6850,
        6851,
        6852,
        6853,
        6854,
        6855,
        6856,
        6857,
        6858,
        6859,
        6860,
        6866,
        6867,
        6868,
        6734,
        6735,
        6736,
        6737,
        6738,
        6739,
        6740,
        6741,
        6742,
        6743,
        6744,
        6745,
        6746,
        6747,
        6748,
        6753,
        6769,
        6770,
        6629,
        6633,
        6634,
        6635,
        6636,
        6637,
        6671,
        6672,
        6673,
        6526,
        6527,
        6532,
        6575,
        6424,
        6425,
        6477,
        6322,
        6323,
        6378,
        6221,
        6280,
        6181,
        6081,
        6082,
        5983,
        5784,
        5684,
        5585,
        5417,
        5485,
        5316,
        5317,
        5385,
        5386,
        5216,
        5285,
        5286,
        5115,
        5116,
        5186,
        5187,
        5015,
        5016,
        5086,
        5087,
        4916,
        4987,
        4815,
        4816,
        4887,
        4715,
        4716,
        4787,
        4615,
        4616,
        4687,
        4515,
        4516,
        4587,
        4415,
        4416,
        4487,
        4315,
        4316,
        4215,
        4216,
        4116,
        4186,
        4187,
        4015,
        4086,
        4087,
        3915,
        3986,
        3816,
        3885,
        3886,
        3716,
        3785,
        3684,
        3584,
        3483,
        3382,
        3383,
        3282,
        3120,
        3179,
        3180,
        3181,
        3078,
        3079,
        3080,
        3081,
        2964,
        2965,
        2978,
        2979,
        2861,
        2862,
        2863,
        2878,
        2775,
        2776,
        2777,
        2673,
        2674,
        2675,
        2676,
        2537,
        2571,
        2572,
        2573,
        2440,
        2441,
        2442,
        2467,
        2468,
        2469,
        2470
      ],
      "shouldPause": false
    },
    {
      "itemType": 110,
      "tilePositionOfsets": [
        6147
      ],
      "shouldPause": false
    },
    {
      "itemType": 25,
      "tilePositionOfsets": [
        5847,
        5848,
        5849
      ],
      "shouldPause": false
    },
    {
      "itemType": 185,
      "tilePositionOfsets": [
        5842
      ],
      "shouldPause": false
    },
    {
      "itemType": 184,
      "tilePositionOfsets": [
        5843
      ],
      "shouldPause": false
    },
    {
      "itemType": 183,
      "tilePositionOfsets": [
        5844
      ],
      "shouldPause": false
    },
    {
      "itemType": 182,
      "tilePositionOfsets": [
        5845
      ],
      "shouldPause": false
    },
    {
      "itemType": 181,
      "tilePositionOfsets": [
        5846
      ],
      "shouldPause": false
    },
    {
      "itemType": 318,
      "tilePositionOfsets": [
        3975
      ],
      "shouldPause": false
    },
    {
      "itemType": 318,
      "tilePositionOfsets": [
        3973
      ],
      "shouldPause": false
    },
    {
      "itemType": 318,
      "tilePositionOfsets": [
        3773
      ],
      "shouldPause": false
    },
    {
      "itemType": 318,
      "tilePositionOfsets": [
        3470
      ],
      "shouldPause": false
    },
    {
      "itemType": 318,
      "tilePositionOfsets": [
        3368
      ],
      "shouldPause": false
    },
    {
      "itemType": 318,
      "tilePositionOfsets": [
        3366
      ],
      "shouldPause": false
    },
    {
      "itemType": 318,
      "tilePositionOfsets": [
        3264
      ],
      "shouldPause": false
    },
    {
      "itemType": 318,
      "tilePositionOfsets": [
        3162
      ],
      "shouldPause": false
    },
    {
      "itemType": 318,
      "tilePositionOfsets": [
        3256
      ],
      "shouldPause": false
    },
    {
      "itemType": 318,
      "tilePositionOfsets": [
        3254
      ],
      "shouldPause": false
    },
    {
      "itemType": 318,
      "tilePositionOfsets": [
        3342
      ],
      "shouldPause": false
    },
    {
      "itemType": 318,
      "tilePositionOfsets": [
        3236
      ],
      "shouldPause": false
    },
    {
      "itemType": 318,
      "tilePositionOfsets": [
        3334
      ],
      "shouldPause": false
    },
    {
      "itemType": 318,
      "tilePositionOfsets": [
        3330
      ],
      "shouldPause": false
    },
    {
      "itemType": 318,
      "tilePositionOfsets": [
        3725
      ],
      "shouldPause": false
    },
    {
      "itemType": 318,
      "tilePositionOfsets": [
        4125
      ],
      "shouldPause": false
    },
    {
      "itemType": 318,
      "tilePositionOfsets": [
        4223
      ],
      "shouldPause": false
    },
    {
      "itemType": 313,
      "tilePositionOfsets": [
        3925
      ],
      "shouldPause": false
    },
    {
      "itemType": 313,
      "tilePositionOfsets": [
        3332
      ],
      "shouldPause": false
    },
    {
      "itemType": 313,
      "tilePositionOfsets": [
        3238
      ],
      "shouldPause": false
    },
    {
      "itemType": 313,
      "tilePositionOfsets": [
        3160
      ],
      "shouldPause": false
    },
    {
      "itemType": 313,
      "tilePositionOfsets": [
        3362
      ],
      "shouldPause": false
    },
    {
      "itemType": 313,
      "tilePositionOfsets": [
        3572
      ],
      "shouldPause": false
    },
    {
      "itemType": 313,
      "tilePositionOfsets": [
        4377
      ],
      "shouldPause": false
    },
    {
      "itemType": 313,
      "tilePositionOfsets": [
        4578
      ],
      "shouldPause": false
    },
    {
      "itemType": 313,
      "tilePositionOfsets": [
        4424
      ],
      "shouldPause": false
    },
    {
      "itemType": 313,
      "tilePositionOfsets": [
        4778
      ],
      "shouldPause": false
    },
    {
      "itemType": 318,
      "tilePositionOfsets": [
        5025
      ],
      "shouldPause": false
    },
    {
      "itemType": 318,
      "tilePositionOfsets": [
        4723
      ],
      "shouldPause": false
    },
    {
      "itemType": 318,
      "tilePositionOfsets": [
        5023
      ],
      "shouldPause": false
    },
    {
      "itemType": 318,
      "tilePositionOfsets": [
        5224
      ],
      "shouldPause": false
    },
    {
      "itemType": 318,
      "tilePositionOfsets": [
        5425
      ],
      "shouldPause": false
    },
    {
      "itemType": 318,
      "tilePositionOfsets": [
        3923
      ],
      "shouldPause": false
    },
    {
      "itemType": 318,
      "tilePositionOfsets": [
        3525
      ],
      "shouldPause": false
    },
    {
      "itemType": 318,
      "tilePositionOfsets": [
        3428
      ],
      "shouldPause": false
    },
    {
      "itemType": 318,
      "tilePositionOfsets": [
        3140
      ],
      "shouldPause": false
    },
    {
      "itemType": 318,
      "tilePositionOfsets": [
        3143
      ],
      "shouldPause": false
    },
    {
      "itemType": 98,
      "tilePositionOfsets": [
        3046
      ],
      "shouldPause": false
    },
    {
      "itemType": 98,
      "tilePositionOfsets": [
        3146
      ],
      "shouldPause": false
    },
    {
      "itemType": 98,
      "tilePositionOfsets": [
        3346
      ],
      "shouldPause": false
    },
    {
      "itemType": 98,
      "tilePositionOfsets": [
        3246
      ],
      "shouldPause": false
    },
    {
      "itemType": 98,
      "tilePositionOfsets": [
        3347
      ],
      "shouldPause": false
    },
    {
      "itemType": 98,
      "tilePositionOfsets": [
        3348
      ],
      "shouldPause": false
    },
    {
      "itemType": 98,
      "tilePositionOfsets": [
        3349
      ],
      "shouldPause": false
    },
    {
      "itemType": 98,
      "tilePositionOfsets": [
        3351
      ],
      "shouldPause": false
    },
    {
      "itemType": 98,
      "tilePositionOfsets": [
        3352
      ],
      "shouldPause": false
    },
    {
      "itemType": 98,
      "tilePositionOfsets": [
        3350
      ],
      "shouldPause": false
    },
    {
      "itemType": 98,
      "tilePositionOfsets": [
        3252
      ],
      "shouldPause": false
    },
    {
      "itemType": 98,
      "tilePositionOfsets": [
        3152
      ],
      "shouldPause": false
    },
    {
      "itemType": 98,
      "tilePositionOfsets": [
        3052
      ],
      "shouldPause": false
    },
    {
      "itemType": 98,
      "tilePositionOfsets": [
        2353
      ],
      "shouldPause": false
    },
    {
      "itemType": 98,
      "tilePositionOfsets": [
        2253
      ],
      "shouldPause": false
    },
    {
      "itemType": 98,
      "tilePositionOfsets": [
        2252
      ],
      "shouldPause": false
    },
    {
      "itemType": 98,
      "tilePositionOfsets": [
        2251
      ],
      "shouldPause": false
    },
    {
      "itemType": 98,
      "tilePositionOfsets": [
        2249
      ],
      "shouldPause": false
    },
    {
      "itemType": 98,
      "tilePositionOfsets": [
        2250
      ],
      "shouldPause": false
    },
    {
      "itemType": 98,
      "tilePositionOfsets": [
        2248
      ],
      "shouldPause": false
    },
    {
      "itemType": 98,
      "tilePositionOfsets": [
        2247
      ],
      "shouldPause": false
    },
    {
      "itemType": 98,
      "tilePositionOfsets": [
        2246
      ],
      "shouldPause": false
    },
    {
      "itemType": 98,
      "tilePositionOfsets": [
        2144
      ],
      "shouldPause": false
    },
    {
      "itemType": 98,
      "tilePositionOfsets": [
        2244
      ],
      "shouldPause": false
    },
    {
      "itemType": 98,
      "tilePositionOfsets": [
        2245
      ],
      "shouldPause": false
    },
    {
      "itemType": 98,
      "tilePositionOfsets": [
        2344
      ],
      "shouldPause": false
    },
    {
      "itemType": 98,
      "tilePositionOfsets": [
        7155
      ],
      "shouldPause": false
    },
    {
      "itemType": 98,
      "tilePositionOfsets": [
        7157
      ],
      "shouldPause": false
    },
    {
      "itemType": 98,
      "tilePositionOfsets": [
        7163
      ],
      "shouldPause": false
    },
    {
      "itemType": 98,
      "tilePositionOfsets": [
        7158
      ],
      "shouldPause": false
    },
    {
      "itemType": 98,
      "tilePositionOfsets": [
        7054
      ],
      "shouldPause": false
    },
    {
      "itemType": 98,
      "tilePositionOfsets": [
        7166
      ],
      "shouldPause": false
    },
    {
      "itemType": 98,
      "tilePositionOfsets": [
        7267
      ],
      "shouldPause": false
    },
    {
      "itemType": 98,
      "tilePositionOfsets": [
        7259
      ],
      "shouldPause": false
    },
    {
      "itemType": 98,
      "tilePositionOfsets": [
        7167
      ],
      "shouldPause": false
    },
    {
      "itemType": 98,
      "tilePositionOfsets": [
        7071
      ],
      "shouldPause": false
    },
    {
      "itemType": 98,
      "tilePositionOfsets": [
        6775
      ],
      "shouldPause": false
    },
    {
      "itemType": 98,
      "tilePositionOfsets": [
        7073
      ],
      "shouldPause": false
    },
    {
      "itemType": 98,
      "tilePositionOfsets": [
        6975
      ],
      "shouldPause": false
    },
    {
      "itemType": 98,
      "tilePositionOfsets": [
        6583
      ],
      "shouldPause": false
    },
    {
      "itemType": 98,
      "tilePositionOfsets": [
        6778
      ],
      "shouldPause": false
    },
    {
      "itemType": 98,
      "tilePositionOfsets": [
        6776
      ],
      "shouldPause": false
    },
    {
      "itemType": 98,
      "tilePositionOfsets": [
        6581
      ],
      "shouldPause": false
    },
    {
      "itemType": 98,
      "tilePositionOfsets": [
        6579
      ],
      "shouldPause": false
    },
    {
      "itemType": 98,
      "tilePositionOfsets": [
        6285
      ],
      "shouldPause": false
    },
    {
      "itemType": 98,
      "tilePositionOfsets": [
        5691
      ],
      "shouldPause": false
    },
    {
      "itemType": 98,
      "tilePositionOfsets": [
        5190
      ],
      "shouldPause": false
    },
    {
      "itemType": 98,
      "tilePositionOfsets": [
        5989
      ],
      "shouldPause": false
    },
    {
      "itemType": 98,
      "tilePositionOfsets": [
        6088
      ],
      "shouldPause": false
    },
    {
      "itemType": 98,
      "tilePositionOfsets": [
        5690
      ],
      "shouldPause": false
    },
    {
      "itemType": 98,
      "tilePositionOfsets": [
        5588
      ],
      "shouldPause": false
    },
    {
      "itemType": 98,
      "tilePositionOfsets": [
        4490
      ],
      "shouldPause": false
    },
    {
      "itemType": 98,
      "tilePositionOfsets": [
        4290
      ],
      "shouldPause": false
    },
    {
      "itemType": 98,
      "tilePositionOfsets": [
        5590
      ],
      "shouldPause": false
    },
    {
      "itemType": 98,
      "tilePositionOfsets": [
        4390
      ],
      "shouldPause": false
    },
    {
      "itemType": 98,
      "tilePositionOfsets": [
        3687
      ],
      "shouldPause": false
    },
    {
      "itemType": 98,
      "tilePositionOfsets": [
        4590
      ],
      "shouldPause": false
    },
    {
      "itemType": 98,
      "tilePositionOfsets": [
        5091
      ],
      "shouldPause": false
    },
    {
      "itemType": 98,
      "tilePositionOfsets": [
        5192
      ],
      "shouldPause": false
    },
    {
      "itemType": 98,
      "tilePositionOfsets": [
        5292
      ],
      "shouldPause": false
    },
    {
      "itemType": 98,
      "tilePositionOfsets": [
        4891
      ],
      "shouldPause": false
    },
    {
      "itemType": 98,
      "tilePositionOfsets": [
        3988
      ],
      "shouldPause": false
    },
    {
      "itemType": 98,
      "tilePositionOfsets": [
        3488
      ],
      "shouldPause": false
    },
    {
      "itemType": 98,
      "tilePositionOfsets": [
        3890
      ],
      "shouldPause": false
    },
    {
      "itemType": 98,
      "tilePositionOfsets": [
        3990
      ],
      "shouldPause": false
    },
    {
      "itemType": 98,
      "tilePositionOfsets": [
        7151
      ],
      "shouldPause": false
    },
    {
      "itemType": 98,
      "tilePositionOfsets": [
        7145
      ],
      "shouldPause": false
    },
    {
      "itemType": 98,
      "tilePositionOfsets": [
        6823
      ],
      "shouldPause": false
    },
    {
      "itemType": 98,
      "tilePositionOfsets": [
        6727
      ],
      "shouldPause": false
    },
    {
      "itemType": 98,
      "tilePositionOfsets": [
        6723
      ],
      "shouldPause": false
    },
    {
      "itemType": 98,
      "tilePositionOfsets": [
        6833
      ],
      "shouldPause": false
    },
    {
      "itemType": 98,
      "tilePositionOfsets": [
        6831
      ],
      "shouldPause": false
    },
    {
      "itemType": 98,
      "tilePositionOfsets": [
        6829
      ],
      "shouldPause": false
    },
    {
      "itemType": 98,
      "tilePositionOfsets": [
        6836
      ],
      "shouldPause": false
    },
    {
      "itemType": 98,
      "tilePositionOfsets": [
        6938
      ],
      "shouldPause": false
    },
    {
      "itemType": 98,
      "tilePositionOfsets": [
        6941
      ],
      "shouldPause": false
    },
    {
      "itemType": 98,
      "tilePositionOfsets": [
        6626
      ],
      "shouldPause": false
    },
    {
      "itemType": 98,
      "tilePositionOfsets": [
        6622
      ],
      "shouldPause": false
    },
    {
      "itemType": 98,
      "tilePositionOfsets": [
        6318
      ],
      "shouldPause": false
    },
    {
      "itemType": 98,
      "tilePositionOfsets": [
        6015
      ],
      "shouldPause": false
    },
    {
      "itemType": 98,
      "tilePositionOfsets": [
        5614
      ],
      "shouldPause": false
    },
    {
      "itemType": 98,
      "tilePositionOfsets": [
        5314
      ],
      "shouldPause": false
    },
    {
      "itemType": 98,
      "tilePositionOfsets": [
        4915
      ],
      "shouldPause": false
    },
    {
      "itemType": 98,
      "tilePositionOfsets": [
        4513
      ],
      "shouldPause": false
    },
    {
      "itemType": 98,
      "tilePositionOfsets": [
        4214
      ],
      "shouldPause": false
    },
    {
      "itemType": 98,
      "tilePositionOfsets": [
        6721
      ],
      "shouldPause": false
    },
    {
      "itemType": 98,
      "tilePositionOfsets": [
        6616
      ],
      "shouldPause": false
    },
    {
      "itemType": 98,
      "tilePositionOfsets": [
        5214
      ],
      "shouldPause": false
    },
    {
      "itemType": 98,
      "tilePositionOfsets": [
        5817
      ],
      "shouldPause": false
    },
    {
      "itemType": 98,
      "tilePositionOfsets": [
        6516
      ],
      "shouldPause": false
    },
    {
      "itemType": 98,
      "tilePositionOfsets": [
        5914
      ],
      "shouldPause": false
    },
    {
      "itemType": 98,
      "tilePositionOfsets": [
        5413
      ],
      "shouldPause": false
    },
    {
      "itemType": 98,
      "tilePositionOfsets": [
        4812
      ],
      "shouldPause": false
    },
    {
      "itemType": 98,
      "tilePositionOfsets": [
        4311
      ],
      "shouldPause": false
    },
    {
      "itemType": 98,
      "tilePositionOfsets": [
        4113
      ],
      "shouldPause": false
    },
    {
      "itemType": 98,
      "tilePositionOfsets": [
        3514
      ],
      "shouldPause": false
    },
    {
      "itemType": 98,
      "tilePositionOfsets": [
        2816
      ],
      "shouldPause": false
    },
    {
      "itemType": 98,
      "tilePositionOfsets": [
        3813
      ],
      "shouldPause": false
    },
    {
      "itemType": 98,
      "tilePositionOfsets": [
        3912
      ],
      "shouldPause": false
    },
    {
      "itemType": 98,
      "tilePositionOfsets": [
        3911
      ],
      "shouldPause": false
    },
    {
      "itemType": 98,
      "tilePositionOfsets": [
        3910
      ],
      "shouldPause": false
    },
    {
      "itemType": 98,
      "tilePositionOfsets": [
        3611
      ],
      "shouldPause": false
    },
    {
      "itemType": 98,
      "tilePositionOfsets": [
        3314
      ],
      "shouldPause": false
    },
    {
      "itemType": 98,
      "tilePositionOfsets": [
        3015
      ],
      "shouldPause": false
    },
    {
      "itemType": 98,
      "tilePositionOfsets": [
        2916
      ],
      "shouldPause": false
    },
    {
      "itemType": 98,
      "tilePositionOfsets": [
        2620
      ],
      "shouldPause": false
    },
    {
      "itemType": 98,
      "tilePositionOfsets": [
        2428
      ],
      "shouldPause": false
    },
    {
      "itemType": 98,
      "tilePositionOfsets": [
        2159
      ],
      "shouldPause": false
    },
    {
      "itemType": 98,
      "tilePositionOfsets": [
        2066
      ],
      "shouldPause": false
    },
    {
      "itemType": 98,
      "tilePositionOfsets": [
        2274
      ],
      "shouldPause": false
    },
    {
      "itemType": 98,
      "tilePositionOfsets": [
        2678
      ],
      "shouldPause": false
    },
    {
      "itemType": 98,
      "tilePositionOfsets": [
        2983
      ],
      "shouldPause": false
    },
    {
      "itemType": 98,
      "tilePositionOfsets": [
        3186
      ],
      "shouldPause": false
    },
    {
      "itemType": 98,
      "tilePositionOfsets": [
        2882
      ],
      "shouldPause": false
    },
    {
      "itemType": 98,
      "tilePositionOfsets": [
        2579
      ],
      "shouldPause": false
    },
    {
      "itemType": 98,
      "tilePositionOfsets": [
        2377
      ],
      "shouldPause": false
    },
    {
      "itemType": 98,
      "tilePositionOfsets": [
        2171
      ],
      "shouldPause": false
    },
    {
      "itemType": 98,
      "tilePositionOfsets": [
        2068
      ],
      "shouldPause": false
    },
    {
      "itemType": 98,
      "tilePositionOfsets": [
        1863
      ],
      "shouldPause": false
    },
    {
      "itemType": 98,
      "tilePositionOfsets": [
        1958
      ],
      "shouldPause": false
    },
    {
      "itemType": 98,
      "tilePositionOfsets": [
        2156
      ],
      "shouldPause": false
    },
    {
      "itemType": 98,
      "tilePositionOfsets": [
        2427
      ],
      "shouldPause": false
    },
    {
      "itemType": 98,
      "tilePositionOfsets": [
        3017
      ],
      "shouldPause": false
    },
    {
      "itemType": 98,
      "tilePositionOfsets": [
        3216
      ],
      "shouldPause": false
    },
    {
      "itemType": 98,
      "tilePositionOfsets": [
        2721
      ],
      "shouldPause": false
    },
    {
      "itemType": 98,
      "tilePositionOfsets": [
        2425
      ],
      "shouldPause": false
    },
    {
      "itemType": 98,
      "tilePositionOfsets": [
        2328
      ],
      "shouldPause": false
    },
    {
      "itemType": 98,
      "tilePositionOfsets": [
        2333
      ],
      "shouldPause": false
    },
    {
      "itemType": 98,
      "tilePositionOfsets": [
        2234
      ],
      "shouldPause": false
    },
    {
      "itemType": 98,
      "tilePositionOfsets": [
        2229
      ],
      "shouldPause": false
    },
    {
      "itemType": 98,
      "tilePositionOfsets": [
        2329
      ],
      "shouldPause": false
    },
    {
      "itemType": 98,
      "tilePositionOfsets": [
        2334
      ],
      "shouldPause": false
    },
    {
      "itemType": 98,
      "tilePositionOfsets": [
        2140
      ],
      "shouldPause": false
    },
    {
      "itemType": 98,
      "tilePositionOfsets": [
        2170
      ],
      "shouldPause": false
    },
    {
      "itemType": 98,
      "tilePositionOfsets": [
        2062
      ],
      "shouldPause": false
    },
    {
      "itemType": 98,
      "tilePositionOfsets": [
        2060
      ],
      "shouldPause": false
    },
    {
      "itemType": 98,
      "tilePositionOfsets": [
        2238
      ],
      "shouldPause": false
    },
    {
      "itemType": 98,
      "tilePositionOfsets": [
        2236
      ],
      "shouldPause": false
    },
    {
      "itemType": 98,
      "tilePositionOfsets": [
        2439
      ],
      "shouldPause": false
    },
    {
      "itemType": 98,
      "tilePositionOfsets": [
        2242
      ],
      "shouldPause": false
    },
    {
      "itemType": 98,
      "tilePositionOfsets": [
        2145
      ],
      "shouldPause": false
    },
    {
      "itemType": 98,
      "tilePositionOfsets": [
        2149
      ],
      "shouldPause": false
    },
    {
      "itemType": 98,
      "tilePositionOfsets": [
        2256
      ],
      "shouldPause": false
    },
    {
      "itemType": 98,
      "tilePositionOfsets": [
        1954
      ],
      "shouldPause": false
    },
    {
      "itemType": 98,
      "tilePositionOfsets": [
        1951
      ],
      "shouldPause": false
    },
    {
      "itemType": 98,
      "tilePositionOfsets": [
        1947
      ],
      "shouldPause": false
    },
    {
      "itemType": 98,
      "tilePositionOfsets": [
        1946
      ],
      "shouldPause": false
    },
    {
      "itemType": 98,
      "tilePositionOfsets": [
        2048
      ],
      "shouldPause": false
    },
    {
      "itemType": 98,
      "tilePositionOfsets": [
        2155
      ],
      "shouldPause": false
    },
    {
      "itemType": 98,
      "tilePositionOfsets": [
        2161
      ],
      "shouldPause": false
    },
    {
      "itemType": 98,
      "tilePositionOfsets": [
        2264
      ],
      "shouldPause": false
    },
    {
      "itemType": 98,
      "tilePositionOfsets": [
        2268
      ],
      "shouldPause": false
    },
    {
      "itemType": 98,
      "tilePositionOfsets": [
        2372
      ],
      "shouldPause": false
    },
    {
      "itemType": 98,
      "tilePositionOfsets": [
        2474
      ],
      "shouldPause": false
    },
    {
      "itemType": 98,
      "tilePositionOfsets": [
        6086
      ],
      "shouldPause": false
    },
    {
      "itemType": 98,
      "tilePositionOfsets": [
        5985
      ],
      "shouldPause": false
    },
    {
      "itemType": 98,
      "tilePositionOfsets": [
        5688
      ],
      "shouldPause": false
    },
    {
      "itemType": 98,
      "tilePositionOfsets": [
        6087
      ],
      "shouldPause": false
    },
    {
      "itemType": 98,
      "tilePositionOfsets": [
        6384
      ],
      "shouldPause": false
    },
    {
      "itemType": 98,
      "tilePositionOfsets": [
        6875
      ],
      "shouldPause": false
    },
    {
      "itemType": 98,
      "tilePositionOfsets": [
        7164
      ],
      "shouldPause": false
    },
    {
      "itemType": 98,
      "tilePositionOfsets": [
        7255
      ],
      "shouldPause": false
    },
    {
      "itemType": 98,
      "tilePositionOfsets": [
        7147
      ],
      "shouldPause": false
    },
    {
      "itemType": 98,
      "tilePositionOfsets": [
        7141
      ],
      "shouldPause": false
    },
    {
      "itemType": 98,
      "tilePositionOfsets": [
        7138
      ],
      "shouldPause": false
    },
    {
      "itemType": 98,
      "tilePositionOfsets": [
        7248
      ],
      "shouldPause": false
    },
    {
      "itemType": 98,
      "tilePositionOfsets": [
        7146
      ],
      "shouldPause": false
    },
    {
      "itemType": 98,
      "tilePositionOfsets": [
        7040
      ],
      "shouldPause": false
    },
    {
      "itemType": 98,
      "tilePositionOfsets": [
        6933
      ],
      "shouldPause": false
    },
    {
      "itemType": 98,
      "tilePositionOfsets": [
        6928
      ],
      "shouldPause": false
    },
    {
      "itemType": 98,
      "tilePositionOfsets": [
        7035
      ],
      "shouldPause": false
    },
    {
      "itemType": 98,
      "tilePositionOfsets": [
        7136
      ],
      "shouldPause": false
    },
    {
      "itemType": 98,
      "tilePositionOfsets": [
        6825
      ],
      "shouldPause": false
    },
    {
      "itemType": 98,
      "tilePositionOfsets": [
        6014
      ],
      "shouldPause": false
    },
    {
      "itemType": 98,
      "tilePositionOfsets": [
        6118
      ],
      "shouldPause": false
    },
    {
      "itemType": 98,
      "tilePositionOfsets": [
        6520
      ],
      "shouldPause": false
    },
    {
      "itemType": 98,
      "tilePositionOfsets": [
        6620
      ],
      "shouldPause": false
    },
    {
      "itemType": 98,
      "tilePositionOfsets": [
        6116
      ],
      "shouldPause": false
    },
    {
      "itemType": 98,
      "tilePositionOfsets": [
        5514
      ],
      "shouldPause": false
    },
    {
      "itemType": 98,
      "tilePositionOfsets": [
        5112
      ],
      "shouldPause": false
    },
    {
      "itemType": 98,
      "tilePositionOfsets": [
        4510
      ],
      "shouldPause": false
    }
  ],
  "miscItems": [
    {
      "positionOfset": 5931,
      "itemType": 5,
      "number": 0
    },
    {
      "positionOfset": 5940,
      "itemType": 5,
      "number": 1
    },
    {
      "positionOfset": 6154,
      "itemType": 5,
      "number": 2
    },
    {
      "positionOfset": 6160,
      "itemType": 5,
      "number": 3
    },
    {
      "positionOfset": 5870,
      "itemType": 5,
      "number": 4
    },
    {
      "positionOfset": 5430,
      "itemType": 16,
      "number": 0
    },
    {
      "positionOfset": 5329,
      "itemType": 16,
      "number": 1
    },
    {
      "positionOfset": 5275,
      "itemType": 16,
      "number": 2
    },
    {
      "positionOfset": 5174,
      "itemType": 16,
      "number": 3
    },
    {
      "positionOfset": 3150,
      "itemType": 16,
      "number": 4
    },
    {
      "positionOfset": 3438,
      "itemType": 16,
      "number": 5
    },
    {
      "positionOfset": 3360,
      "itemType": 16,
      "number": 6
    },
    {
      "positionOfset": 5429,
      "itemType": 16,
      "number": 7
    },
    {
      "positionOfset": 5176,
      "itemType": 16,
      "number": 8
    },
    {
      "positionOfset": 6048,
      "itemType": 16,
      "number": 9
    }
  ]
}