{
  "pauseDelayAmount": 100,
  "frames": [
    {
      "itemType": 61,
      "tilePositionOfsets": [
        5643
      ],
      "shouldPause": false
    },
    {
      "itemType": 52,
      "tilePositionOfsets": [
        4950
      ],
      "shouldPause": false
    },
    {
      "itemType": 52,
      "tilePositionOfsets": [
        4450
      ],
      "shouldPause": false
    },
    {
      "itemType": 80,
      "tilePositionOfsets": [
        4538
      ],
      "shouldPause": false
    },
    {
      "itemType": 54,
      "tilePositionOfsets": [
        5369
      ],
      "shouldPause": false
    },
    {
      "itemType": 54,
      "tilePositionOfsets": [
        5769
      ],
      "shouldPause": false
    },
    {
      "itemType": 54,
      "tilePositionOfsets": [
        6366
      ],
      "shouldPause": false
    },
    {
      "itemType": 54,
      "tilePositionOfsets": [
        5429
      ],
      "shouldPause": false
    },
    {
      "itemType": 54,
      "tilePositionOfsets": [
        5029
      ],
      "shouldPause": false
    },
    {
      "itemType": 54,
      "tilePositionOfsets": [
        4530
      ],
      "shouldPause": false
    },
    {
      "itemType": 54,
      "tilePositionOfsets": [
        4526
      ],
      "shouldPause": false
    },
    {
      "itemType": 54,
      "tilePositionOfsets": [
        3537
      ],
      "shouldPause": false
    },
    {
      "itemType": 54,
      "tilePositionOfsets": [
        3541
      ],
      "shouldPause": false
    },
    {
      "itemType": 54,
      "tilePositionOfsets": [
        3545
      ],
      "shouldPause": false
    },
    {
      "itemType": 54,
      "tilePositionOfsets": [
        5364
      ],
      "shouldPause": false
    },
    {
      "itemType": 77,
      "tilePositionOfsets": [
        6643
      ],
      "shouldPause": false
    },
    {
      "itemType": 86,
      "tilePositionOfsets": [
        4865
      ],
      "shouldPause": false
    },
    {
      "itemType": 106,
      "tilePositionOfsets": [
        7555,
        7556,
        7557,
        7438,
        7439,
        7440,
        7441,
        7442,
        7443,
        7444,
        7445,
        7446,
        7447,
        7448,
        7454,
        7455,
        7456,
        7457,
        7458,
        7459,
        7336,
        7337,
        7338,
        7339,
        7340,
        7341,
        7342,
        7343,
        7344,
        7345,
        7346,
        7347,
        7348,
        7354,
        7355,
        7356,
        7357,
        7358,
        7359,
        7360,
        7361,
        7362,
        7363,
        7232,
        7233,
        7234,
        7235,
        7236,
        7237,
        7238,
        7239,
        7259,
        7260,
        7261,
        7262,
        7263,
        7264,
        7265,
        7266,
        7129,
        7130,
        7131,
        7132,
        7133,
        7134,
        7135,
        7164,
        7165,
        7166,
        7167,
        7168,
        7169,
        7170,
        7027,
        7028,
        7029,
        7030,
        7031,
        7032,
        7066,
        7067,
        7068,
        7069,
        7070,
        7071,
        7072,
        7073,
        6925,
        6926,
        6927,
        6928,
        6929,
        6968,
        6969,
        6970,
        6971,
        6972,
        6973,
        6974,
        6975,
        6824,
        6825,
        6826,
        6827,
        6873,
        6874,
        6875,
        6876,
        6877,
        6722,
        6723,
        6724,
        6725,
        6726,
        6774,
        6775,
        6776,
        6777,
        6778,
        6621,
        6622,
        6623,
        6624,
        6676,
        6677,
        6678,
        6519,
        6520,
        6521,
        6522,
        6577,
        6578,
        6579,
        6419,
        6420,
        6477,
        6478,
        6479,
        6318,
        6319,
        6320,
        6378,
        6379,
        6217,
        6218,
        6219,
        6278,
        6279,
        6280,
        6117,
        6118,
        6178,
        6179,
        6180,
        6017,
        6018,
        6079,
        6080,
        5916,
        5917,
        5918,
        5979,
        5980,
        5981,
        5816,
        5817,
        5880,
        5881,
        5716,
        5717,
        5780,
        5781,
        5782,
        5616,
        5617,
        5681,
        5682,
        5683,
        5516,
        5517,
        5582,
        5583,
        5584,
        5416,
        5417,
        5483,
        5484,
        5316,
        5317,
        5383,
        5384,
        5216,
        5217,
        5283,
        5284,
        5116,
        5117,
        5183,
        5184,
        5016,
        5017,
        5083,
        5084,
        4916,
        4917,
        4982,
        4983,
        4984,
        4816,
        4817,
        4882,
        4883,
        4717,
        4718,
        4782,
        4783,
        4617,
        4618,
        4681,
        4682,
        4683,
        4517,
        4518,
        4581,
        4582,
        4417,
        4418,
        4481,
        4482,
        4317,
        4318,
        4319,
        4381,
        4382,
        4218,
        4219,
        4220,
        4280,
        4281,
        4282,
        4119,
        4120,
        4180,
        4181,
        4019,
        4020,
        4080,
        4081,
        3919,
        3920,
        3979,
        3980,
        3981,
        3819,
        3820,
        3878,
        3879,
        3880,
        3719,
        3720,
        3721,
        3778,
        3779,
        3780,
        3619,
        3620,
        3621,
        3622,
        3677,
        3678,
        3679,
        3520,
        3521,
        3522,
        3523,
        3576,
        3577,
        3578,
        3421,
        3422,
        3423,
        3475,
        3476,
        3477,
        3478,
        3321,
        3322,
        3323,
        3375,
        3376,
        3223,
        3224,
        3275,
        3276,
        3123,
        3124,
        3125,
        3173,
        3174,
        3175,
        3176,
        3024,
        3025,
        3026,
        3073,
        3074,
        3075,
        2925,
        2926,
        2927,
        2928,
        2972,
        2973,
        2974,
        2826,
        2827,
        2828,
        2829,
        2830,
        2870,
        2871,
        2872,
        2873,
        2727,
        2728,
        2729,
        2730,
        2731,
        2769,
        2770,
        2771,
        2772,
        2629,
        2630,
        2631,
        2632,
        2633,
        2634,
        2635,
        2636,
        2667,
        2668,
        2669,
        2670,
        2531,
        2532,
        2533,
        2534,
        2535,
        2536,
        2537,
        2538,
        2565,
        2566,
        2567,
        2568,
        2569,
        2434,
        2435,
        2436,
        2437,
        2438,
        2439,
        2440,
        2441,
        2442,
        2462,
        2463,
        2464,
        2465,
        2466,
        2467,
        2338,
        2339,
        2340,
        2341,
        2342,
        2343,
        2344,
        2345,
        2346,
        2347,
        2348,
        2349,
        2350,
        2359,
        2360,
        2361,
        2362,
        2363,
        2364,
        2365,
        2243,
        2244,
        2245,
        2246,
        2247,
        2248,
        2249,
        2250,
        2251,
        2252,
        2253,
        2254,
        2255,
        2256,
        2257,
        2258,
        2259,
        2260,
        2261,
        2150,
        2151,
        2152,
        2153,
        2154,
        2155,
        2156,
        2157,
        2158,
        2159,
        2160
      ],
      "shouldPause": false
    },
    {
      "itemType": 74,
      "tilePositionOfsets": [
        5851
      ],
      "shouldPause": false
    },
    {
      "itemType": 75,
      "tilePositionOfsets": [
        5360
      ],
      "shouldPause": false
    },
    {
      "itemType": 75,
      "tilePositionOfsets": [
        5356
      ],
      "shouldPause": false
    },
    {
      "itemType": 76,
      "tilePositionOfsets": [
        6351
      ],
      "shouldPause": false
    },
    {
      "itemType": 75,
      "tilePositionOfsets": [
        4856
      ],
      "shouldPause": false
    },
    {
      "itemType": 75,
      "tilePositionOfsets": [
        4860
      ],
      "shouldPause": false
    },
    {
      "itemType": 92,
      "tilePositionOfsets": [
        3850
      ],
      "shouldPause": false
    },
    {
      "itemType": 75,
      "tilePositionOfsets": [
        4356
      ],
      "shouldPause": false
    },
    {
      "itemType": 75,
      "tilePositionOfsets": [
        4360
      ],
      "shouldPause": false
    },
    {
      "itemType": 76,
      "tilePositionOfsets": [
        6355
      ],
      "shouldPause": false
    },
    {
      "itemType": 342,
      "tilePositionOfsets": [
        3860
      ],
      "shouldPause": false
    },
    {
      "itemType": 144,
      "tilePositionOfsets": [
        7749
      ],
      "shouldPause": false
    },
    {
      "itemType": 25,
      "tilePositionOfsets": [
        7055,
        6955,
        6855,
        6755,
        6655,
        6555
      ],
      "shouldPause": false
    },
    {
      "itemType": 185,
      "tilePositionOfsets": [
        6656
      ],
      "shouldPause": false
    },
    {
      "itemType": 184,
      "tilePositionOfsets": [
        6756
      ],
      "shouldPause": false
    },
    {
      "itemType": 183,
      "tilePositionOfsets": [
        6856
      ],
      "shouldPause": false
    },
    {
      "itemType": 182,
      "tilePositionOfsets": [
        6956
      ],
      "shouldPause": false
    },
    {
      "itemType": 181,
      "tilePositionOfsets": [
        7056
      ],
      "shouldPause": false
    },
    {
      "itemType": 114,
      "tilePositionOfsets": [
        7049
      ],
      "shouldPause": false
    },
    {
      "itemType": 88,
      "tilePositionOfsets": [
        6528
      ],
      "shouldPause": false
    },
    {
      "itemType": 75,
      "tilePositionOfsets": [
        5938
      ],
      "shouldPause": false
    },
    {
      "itemType": 75,
      "tilePositionOfsets": [
        5934
      ],
      "shouldPause": false
    },
    {
      "itemType": 93,
      "tilePositionOfsets": [
        4030
      ],
      "shouldPause": false
    },
    {
      "itemType": 75,
      "tilePositionOfsets": [
        5438
      ],
      "shouldPause": false
    },
    {
      "itemType": 75,
      "tilePositionOfsets": [
        5038
      ],
      "shouldPause": false
    },
    {
      "itemType": 76,
      "tilePositionOfsets": [
        4045
      ],
      "shouldPause": false
    },
    {
      "itemType": 74,
      "tilePositionOfsets": [
        6047
      ],
      "shouldPause": false
    },
    {
      "itemType": 75,
      "tilePositionOfsets": [
        5434
      ],
      "shouldPause": false
    },
    {
      "itemType": 75,
      "tilePositionOfsets": [
        5034
      ],
      "shouldPause": false
    },
    {
      "itemType": 92,
      "tilePositionOfsets": [
        3855
      ],
      "shouldPause": false
    },
    {
      "itemType": 342,
      "tilePositionOfsets": [
        4534
      ],
      "shouldPause": false
    },
    {
      "itemType": 75,
      "tilePositionOfsets": [
        5025
      ],
      "shouldPause": false
    },
    {
      "itemType": 75,
      "tilePositionOfsets": [
        5425
      ],
      "shouldPause": false
    },
    {
      "itemType": 76,
      "tilePositionOfsets": [
        4041
      ],
      "shouldPause": false
    },
    {
      "itemType": 25,
      "tilePositionOfsets": [
        3771,
        3772,
        3773
      ],
      "shouldPause": false
    },
    {
      "itemType": 185,
      "tilePositionOfsets": [
        3869
      ],
      "shouldPause": false
    },
    {
      "itemType": 184,
      "tilePositionOfsets": [
        3870
      ],
      "shouldPause": false
    },
    {
      "itemType": 183,
      "tilePositionOfsets": [
        3871
      ],
      "shouldPause": false
    },
    {
      "itemType": 182,
      "tilePositionOfsets": [
        3872
      ],
      "shouldPause": false
    },
    {
      "itemType": 181,
      "tilePositionOfsets": [
        3873
      ],
      "shouldPause": false
    },
    {
      "itemType": 110,
      "tilePositionOfsets": [
        3671
      ],
      "shouldPause": false
    },
    {
      "itemType": 25,
      "tilePositionOfsets": [
        4028,
        3928,
        3828
      ],
      "shouldPause": false
    },
    {
      "itemType": 185,
      "tilePositionOfsets": [
        3629
      ],
      "shouldPause": false
    },
    {
      "itemType": 184,
      "tilePositionOfsets": [
        3729
      ],
      "shouldPause": false
    },
    {
      "itemType": 183,
      "tilePositionOfsets": [
        3829
      ],
      "shouldPause": false
    },
    {
      "itemType": 182,
      "tilePositionOfsets": [
        3929
      ],
      "shouldPause": false
    },
    {
      "itemType": 181,
      "tilePositionOfsets": [
        4029
      ],
      "shouldPause": false
    },
    {
      "itemType": 110,
      "tilePositionOfsets": [
        4025
      ],
      "shouldPause": false
    },
    {
      "itemType": 75,
      "tilePositionOfsets": [
        5856
      ],
      "shouldPause": false
    },
    {
      "itemType": 92,
      "tilePositionOfsets": [
        6460
      ],
      "shouldPause": false
    },
    {
      "itemType": 74,
      "tilePositionOfsets": [
        6043
      ],
      "shouldPause": false
    },
    {
      "itemType": 76,
      "tilePositionOfsets": [
        4036
      ],
      "shouldPause": false
    },
    {
      "itemType": 92,
      "tilePositionOfsets": [
        6537
      ],
      "shouldPause": false
    },
    {
      "itemType": 75,
      "tilePositionOfsets": [
        5860
      ],
      "shouldPause": false
    },
    {
      "itemType": 342,
      "tilePositionOfsets": [
        5864
      ],
      "shouldPause": false
    },
    {
      "itemType": 75,
      "tilePositionOfsets": [
        3666
      ],
      "shouldPause": false
    },
    {
      "itemType": 25,
      "tilePositionOfsets": [
        3054,
        2954,
        2854,
        2754,
        2654,
        2554
      ],
      "shouldPause": false
    },
    {
      "itemType": 185,
      "tilePositionOfsets": [
        2955
      ],
      "shouldPause": false
    },
    {
      "itemType": 184,
      "tilePositionOfsets": [
        2855
      ],
      "shouldPause": false
    },
    {
      "itemType": 183,
      "tilePositionOfsets": [
        2755
      ],
      "shouldPause": false
    },
    {
      "itemType": 182,
      "tilePositionOfsets": [
        2655
      ],
      "shouldPause": false
    },
    {
      "itemType": 181,
      "tilePositionOfsets": [
        2555
      ],
      "shouldPause": false
    },
    {
      "itemType": 114,
      "tilePositionOfsets": [
        3048
      ],
      "shouldPause": false
    },
    {
      "itemType": 75,
      "tilePositionOfsets": [
        3043
      ],
      "shouldPause": false
    },
    {
      "itemType": 75,
      "tilePositionOfsets": [
        3039
      ],
      "shouldPause": false
    },
    {
      "itemType": 75,
      "tilePositionOfsets": [
        4875
      ],
      "shouldPause": false
    },
    {
      "itemType": 75,
      "tilePositionOfsets": [
        5275
      ],
      "shouldPause": false
    },
    {
      "itemType": 25,
      "tilePositionOfsets": [
        6472,
        6473,
        6474
      ],
      "shouldPause": false
    },
    {
      "itemType": 185,
      "tilePositionOfsets": [
        6570
      ],
      "shouldPause": false
    },
    {
      "itemType": 184,
      "tilePositionOfsets": [
        6571
      ],
      "shouldPause": false
    },
    {
      "itemType": 183,
      "tilePositionOfsets": [
        6572
      ],
      "shouldPause": false
    },
    {
      "itemType": 182,
      "tilePositionOfsets": [
        6573
      ],
      "shouldPause": false
    },
    {
      "itemType": 181,
      "tilePositionOfsets": [
        6574
      ],
      "shouldPause": false
    },
    {
      "itemType": 110,
      "tilePositionOfsets": [
        6372
      ],
      "shouldPause": false
    },
    {
      "itemType": 25,
      "tilePositionOfsets": [
        6123,
        6023,
        5923
      ],
      "shouldPause": false
    },
    {
      "itemType": 185,
      "tilePositionOfsets": [
        5722
      ],
      "shouldPause": false
    },
    {
      "itemType": 184,
      "tilePositionOfsets": [
        5822
      ],
      "shouldPause": false
    },
    {
      "itemType": 183,
      "tilePositionOfsets": [
        5922
      ],
      "shouldPause": false
    },
    {
      "itemType": 182,
      "tilePositionOfsets": [
        6022
      ],
      "shouldPause": false
    },
    {
      "itemType": 181,
      "tilePositionOfsets": [
        6122
      ],
      "shouldPause": false
    },
    {
      "itemType": 110,
      "tilePositionOfsets": [
        6124
      ],
      "shouldPause": false
    },
    {
      "itemType": 75,
      "tilePositionOfsets": [
        3332
      ],
      "shouldPause": false
    },
    {
      "itemType": 75,
      "tilePositionOfsets": [
        3257
      ],
      "shouldPause": false
    },
    {
      "itemType": 75,
      "tilePositionOfsets": [
        3261
      ],
      "shouldPause": false
    },
    {
      "itemType": 106,
      "tilePositionOfsets": [
        7745,
        7746,
        7747,
        7748,
        7754,
        7755,
        7756,
        7757,
        7758,
        7634,
        7635,
        7636,
        7638,
        7639,
        7640,
        7641,
        7642,
        7643,
        7644,
        7645,
        7646,
        7647,
        7648,
        7654,
        7655,
        7656,
        7657,
        7658,
        7659,
        7660,
        7661,
        7662,
        7663,
        7530,
        7531,
        7532,
        7533,
        7534,
        7535,
        7536,
        7537,
        7538,
        7539,
        7540,
        7541,
        7542,
        7543,
        7544,
        7545,
        7546,
        7547,
        7548,
        7554,
        7558,
        7559,
        7560,
        7561,
        7562,
        7563,
        7564,
        7565,
        7429,
        7430,
        7431,
        7432,
        7433,
        7434,
        7435,
        7436,
        7437,
        7460,
        7461,
        7462,
        7463,
        7464,
        7465,
        7466,
        7467,
        7468,
        7469,
        7327,
        7328,
        7329,
        7330,
        7331,
        7332,
        7333,
        7334,
        7335,
        7364,
        7365,
        7366,
        7367,
        7368,
        7369,
        7370,
        7371,
        7372,
        7373,
        7223,
        7224,
        7225,
        7226,
        7227,
        7228,
        7229,
        7230,
        7231,
        7267,
        7268,
        7269,
        7270,
        7271,
        7272,
        7273,
        7274,
        7275,
        7276,
        7121,
        7122,
        7123,
        7124,
        7125,
        7126,
        7127,
        7128,
        7171,
        7172,
        7173,
        7174,
        7175,
        7176,
        7177,
        7178,
        7020,
        7021,
        7022,
        7023,
        7024,
        7025,
        7026,
        7074,
        7075,
        7076,
        7077,
        7078,
        6919,
        6920,
        6921,
        6922,
        6923,
        6924,
        6976,
        6977,
        6978,
        6979,
        6980,
        6818,
        6819,
        6820,
        6821,
        6822,
        6823,
        6878,
        6879,
        6880,
        6716,
        6717,
        6718,
        6719,
        6720,
        6721,
        6779,
        6780,
        6781,
        6616,
        6617,
        6618,
        6619,
        6620,
        6679,
        6680,
        6681,
        6682,
        6514,
        6515,
        6516,
        6517,
        6518,
        6580,
        6581,
        6582,
        6583,
        6412,
        6413,
        6414,
        6415,
        6416,
        6417,
        6418,
        6480,
        6481,
        6482,
        6483,
        6312,
        6313,
        6314,
        6315,
        6316,
        6317,
        6380,
        6381,
        6382,
        6383,
        6212,
        6213,
        6214,
        6215,
        6216,
        6281,
        6282,
        6283,
        6284,
        6112,
        6113,
        6114,
        6115,
        6116,
        6181,
        6182,
        6183,
        6184,
        6185,
        6012,
        6013,
        6014,
        6015,
        6016,
        6081,
        6082,
        6083,
        6084,
        6085,
        5912,
        5913,
        5914,
        5915,
        5982,
        5983,
        5984,
        5985,
        5986,
        5812,
        5813,
        5814,
        5815,
        5882,
        5883,
        5884,
        5885,
        5886,
        5712,
        5713,
        5714,
        5715,
        5783,
        5784,
        5785,
        5786,
        5787,
        5613,
        5614,
        5615,
        5684,
        5685,
        5686,
        5687,
        5513,
        5514,
        5515,
        5585,
        5586,
        5587,
        5588,
        5413,
        5414,
        5415,
        5485,
        5486,
        5487,
        5488,
        5312,
        5313,
        5314,
        5315,
        5385,
        5386,
        5387,
        5388,
        5212,
        5213,
        5214,
        5215,
        5285,
        5286,
        5287,
        5288,
        5112,
        5113,
        5114,
        5115,
        5185,
        5186,
        5187,
        5188,
        5012,
        5013,
        5014,
        5015,
        5085,
        5086,
        5087,
        5088,
        4912,
        4913,
        4914,
        4915,
        4985,
        4986,
        4987,
        4988,
        4812,
        4813,
        4814,
        4815,
        4884,
        4885,
        4886,
        4887,
        4712,
        4713,
        4714,
        4715,
        4716,
        4784,
        4785,
        4786,
        4787,
        4612,
        4613,
        4614,
        4615,
        4616,
        4684,
        4685,
        4686,
        4687,
        4513,
        4514,
        4515,
        4516,
        4583,
        4584,
        4585,
        4586,
        4587,
        4414,
        4415,
        4416,
        4483,
        4484,
        4485,
        4486,
        4314,
        4315,
        4316,
        4383,
        4384,
        4385,
        4386,
        4214,
        4215,
        4216,
        4217,
        4283,
        4284,
        4285,
        4286,
        4114,
        4115,
        4116,
        4117,
        4118,
        4182,
        4183,
        4184,
        4185,
        4014,
        4015,
        4016,
        4017,
        4018,
        4082,
        4083,
        4084,
        4085,
        3915,
        3916,
        3917,
        3918,
        3982,
        3983,
        3984,
        3985,
        3815,
        3816,
        3817,
        3818,
        3881,
        3882,
        3883,
        3884,
        3885,
        3716,
        3717,
        3718,
        3781,
        3782,
        3783,
        3616,
        3617,
        3618,
        3680,
        3681,
        3682,
        3683,
        3516,
        3517,
        3518,
        3519,
        3579,
        3580,
        3581,
        3582,
        3416,
        3417,
        3418,
        3419,
        3420,
        3479,
        3480,
        3481,
        3482,
        3317,
        3318,
        3319,
        3320,
        3377,
        3378,
        3379,
        3380,
        3381,
        3382,
        3217,
        3218,
        3219,
        3220,
        3221,
        3222,
        3277,
        3278,
        3279,
        3280,
        3281,
        3118,
        3119,
        3120,
        3121,
        3122,
        3177,
        3178,
        3179,
        3180,
        3181,
        3019,
        3020,
        3021,
        3022,
        3023,
        3076,
        3077,
        3078,
        3079,
        3080,
        2919,
        2920,
        2921,
        2922,
        2923,
        2924,
        2975,
        2976,
        2977,
        2978,
        2979,
        2821,
        2822,
        2823,
        2824,
        2825,
        2874,
        2875,
        2876,
        2877,
        2878,
        2722,
        2723,
        2724,
        2725,
        2726,
        2773,
        2774,
        2775,
        2776,
        2777,
        2622,
        2623,
        2624,
        2625,
        2626,
        2627,
        2628,
        2671,
        2672,
        2673,
        2674,
        2675,
        2676,
        2524,
        2525,
        2526,
        2527,
        2528,
        2529,
        2530,
        2570,
        2571,
        2572,
        2573,
        2574,
        2575,
        2425,
        2426,
        2427,
        2428,
        2429,
        2430,
        2431,
        2432,
        2433,
        2468,
        2469,
        2470,
        2471,
        2472,
        2473,
        2327,
        2328,
        2329,
        2330,
        2331,
        2332,
        2333,
        2334,
        2335,
        2336,
        2337,
        2366,
        2367,
        2368,
        2369,
        2370,
        2371,
        2372,
        2228,
        2229,
        2230,
        2231,
        2232,
        2233,
        2234,
        2235,
        2236,
        2237,
        2238,
        2239,
        2240,
        2241,
        2242,
        2262,
        2263,
        2264,
        2265,
        2266,
        2267,
        2268,
        2269,
        2270,
        2271,
        2272,
        2130,
        2131,
        2132,
        2133,
        2134,
        2135,
        2136,
        2137,
        2138,
        2139,
        2140,
        2141,
        2142,
        2143,
        2144,
        2145,
        2146,
        2147,
        2148,
        2149,
        2161,
        2162,
        2163,
        2164,
        2165,
        2166,
        2167,
        2168,
        2169,
        2032,
        2033,
        2034,
        2035,
        2036,
        2037,
        2038,
        2039,
        2040,
        2041,
        2042,
        2043,
        2044,
        2045,
        2046,
        2047,
        2048,
        2049,
        2050,
        2051,
        2052,
        2053,
        2054,
        2055,
        2056,
        2057,
        2058,
        2059,
        2060,
        2061,
        2062,
        2063,
        2064,
        2065,
        2066,
        2067,
        2068,
        1937,
        1938,
        1939,
        1940,
        1941,
        1942,
        1943,
        1944,
        1945,
        1946,
        1947,
        1948,
        1949,
        1950,
        1951,
        1952,
        1953,
        1954,
        1955,
        1956,
        1957,
        1958,
        1959,
        1960,
        1961,
        1962,
        1963,
        1964,
        1965,
        1966,
        1842,
        1843,
        1845,
        1846,
        1847,
        1848,
        1849,
        1850,
        1851,
        1852,
        1853,
        1854,
        1855,
        1856,
        1857,
        1858,
        1859,
        1860,
        1861,
        1745,
        1746,
        1748,
        1749,
        1750,
        1751,
        1752,
        1753,
        1754,
        1755,
        1756,
        1757,
        1758,
        1650,
        1651,
        1652,
        1653,
        1654
      ],
      "shouldPause": false
    },
    {
      "itemType": 106,
      "tilePositionOfsets": [
        9854,
        9754,
        9755,
        9654,
        9655,
        9554,
        9555,
        9454,
        9455,
        9456,
        9354,
        9355,
        9356,
        9254,
        9255,
        9256,
        9154,
        9155,
        9156,
        9157,
        9054,
        9055,
        9056,
        9057,
        8954,
        8955,
        8956,
        8957,
        8854,
        8855,
        8856,
        8857,
        8858,
        8754,
        8755,
        8756,
        8757,
        8758,
        8654,
        8655,
        8656,
        8657,
        8658,
        8659,
        8660,
        8554,
        8555,
        8556,
        8557,
        8558,
        8559,
        8560,
        8454,
        8455,
        8456,
        8457,
        8458,
        8459,
        8460,
        8461,
        8354,
        8355,
        8356,
        8357,
        8358,
        8359,
        8360,
        8361,
        8362,
        8363,
        8254,
        8255,
        8256,
        8257,
        8258,
        8259,
        8260,
        8261,
        8262,
        8263,
        8264,
        8265,
        8154,
        8155,
        8156,
        8157,
        8158,
        8159,
        8160,
        8161,
        8162,
        8163,
        8164,
        8165,
        8166,
        8054,
        8055,
        8056,
        8057,
        8058,
        8059,
        8060,
        8061,
        8062,
        8063,
        8064,
        8065,
        8066,
        7954,
        7955,
        7956,
        7957,
        7958,
        7959,
        7960,
        7961,
        7962,
        7963,
        7964,
        7965,
        7966,
        7967,
        7968,
        7854,
        7855,
        7856,
        7857,
        7858,
        7859,
        7860,
        7861,
        7862,
        7863,
        7864,
        7865,
        7866,
        7867,
        7868,
        7869,
        7870,
        7759,
        7760,
        7761,
        7762,
        7763,
        7764,
        7765,
        7766,
        7767,
        7768,
        7769,
        7770,
        7771,
        7664,
        7665,
        7666,
        7667,
        7668,
        7669,
        7670,
        7671,
        7672,
        7566,
        7567,
        7568,
        7569,
        7570,
        7571,
        7572,
        7573,
        7470,
        7471,
        7472,
        7473,
        7474,
        7475,
        7374,
        7375,
        7376
      ],
      "shouldPause": false
    },
    {
      "itemType": 106,
      "tilePositionOfsets": [
        9848,
        9748,
        9647,
        9648,
        9546,
        9547,
        9548,
        9446,
        9447,
        9448,
        9346,
        9347,
        9348,
        9245,
        9246,
        9247,
        9248,
        9145,
        9146,
        9147,
        9148,
        9044,
        9045,
        9046,
        9047,
        9048,
        8943,
        8944,
        8945,
        8946,
        8947,
        8948,
        8843,
        8844,
        8845,
        8846,
        8847,
        8848,
        8742,
        8743,
        8744,
        8745,
        8746,
        8747,
        8748,
        8641,
        8642,
        8643,
        8644,
        8645,
        8646,
        8647,
        8648,
        8540,
        8541,
        8542,
        8543,
        8544,
        8545,
        8546,
        8547,
        8548,
        8439,
        8440,
        8441,
        8442,
        8443,
        8444,
        8445,
        8446,
        8447,
        8448,
        8337,
        8338,
        8339,
        8340,
        8341,
        8342,
        8343,
        8344,
        8345,
        8346,
        8347,
        8348,
        8237,
        8238,
        8239,
        8240,
        8241,
        8242,
        8243,
        8244,
        8245,
        8246,
        8247,
        8248,
        8135,
        8136,
        8137,
        8138,
        8139,
        8140,
        8141,
        8142,
        8143,
        8144,
        8145,
        8146,
        8147,
        8148,
        8035,
        8036,
        8037,
        8038,
        8039,
        8040,
        8041,
        8042,
        8043,
        8044,
        8045,
        8046,
        8047,
        8048,
        7933,
        7934,
        7935,
        7936,
        7937,
        7938,
        7939,
        7940,
        7941,
        7942,
        7943,
        7944,
        7945,
        7946,
        7947,
        7948,
        7831,
        7832,
        7833,
        7834,
        7835,
        7836,
        7837,
        7838,
        7839,
        7840,
        7841,
        7842,
        7843,
        7844,
        7845,
        7846,
        7847,
        7848,
        7730,
        7731,
        7732,
        7733,
        7734,
        7735,
        7736,
        7737,
        7738,
        7739,
        7740,
        7741,
        7742,
        7743,
        7744,
        7628,
        7629,
        7630,
        7631,
        7632,
        7633,
        7637,
        7527,
        7528,
        7529,
        7425,
        7426,
        7427,
        7428,
        7323,
        7324,
        7325,
        7326
      ],
      "shouldPause": false
    },
    {
      "itemType": 144,
      "tilePositionOfsets": [
        8549
      ],
      "shouldPause": false
    },
    {
      "itemType": 144,
      "tilePositionOfsets": [
        9349
      ],
      "shouldPause": false
    },
    {
      "itemType": 105,
      "tilePositionOfsets": [
        9849
      ],
      "shouldPause": false
    },
    {
      "itemType": 106,
      "tilePositionOfsets": [
        7931,
        7932,
        7830,
        7729,
        7626,
        7627,
        7523,
        7524,
        7525,
        7526,
        7421,
        7422,
        7423,
        7424,
        7318,
        7319,
        7320,
        7321,
        7322,
        7216,
        7217,
        7218,
        7219,
        7220,
        7221,
        7222,
        7116,
        7117,
        7118,
        7119,
        7120,
        7013,
        7014,
        7015,
        7016,
        7017,
        7018,
        7019,
        6913,
        6914,
        6915,
        6916,
        6917,
        6918,
        6812,
        6813,
        6814,
        6815,
        6816,
        6817,
        6711,
        6712,
        6713,
        6714,
        6715,
        6611,
        6612,
        6613,
        6614,
        6615,
        6510,
        6511,
        6512,
        6513,
        6410,
        6411,
        6309,
        6310,
        6311,
        6209,
        6210,
        6211,
        6109,
        6110,
        6111,
        6008,
        6009,
        6010,
        6011,
        5908,
        5909,
        5910,
        5911,
        5808,
        5809,
        5810,
        5811,
        5708,
        5709,
        5710,
        5711,
        5608,
        5609,
        5610,
        5611,
        5612,
        5508,
        5509,
        5510,
        5511,
        5512,
        5408,
        5409,
        5410,
        5411,
        5412,
        5308,
        5309,
        5310,
        5311,
        5208,
        5209,
        5210,
        5211,
        5109,
        5110,
        5111,
        5009,
        5010,
        5011,
        4909,
        4910,
        4911,
        4809,
        4810,
        4811,
        4709,
        4710,
        4711,
        4788,
        4609,
        4610,
        4611,
        4688,
        4509,
        4510,
        4511,
        4512,
        4588,
        4589,
        4410,
        4411,
        4412,
        4413,
        4487,
        4488,
        4489,
        4310,
        4311,
        4312,
        4313,
        4387,
        4388,
        4389,
        4210,
        4211,
        4212,
        4213,
        4287,
        4288,
        4289,
        4110,
        4111,
        4112,
        4113,
        4186,
        4187,
        4188,
        4189,
        4010,
        4011,
        4012,
        4013,
        4086,
        4087,
        4088,
        4089,
        3911,
        3912,
        3913,
        3914,
        3986,
        3987,
        3988,
        3989,
        3811,
        3812,
        3813,
        3814,
        3886,
        3887,
        3888,
        3889,
        3711,
        3712,
        3713,
        3714,
        3715,
        3784,
        3785,
        3786,
        3787,
        3788,
        3789,
        3611,
        3612,
        3613,
        3614,
        3615,
        3684,
        3685,
        3686,
        3687,
        3512,
        3513,
        3514,
        3515,
        3583,
        3584,
        3585,
        3586,
        3587,
        3413,
        3414,
        3415,
        3483,
        3484,
        3485,
        3486,
        3487,
        3313,
        3314,
        3315,
        3316,
        3383,
        3384,
        3385,
        3386,
        3387,
        3213,
        3214,
        3215,
        3216,
        3282,
        3283,
        3284,
        3285,
        3286,
        3114,
        3115,
        3116,
        3117,
        3182,
        3183,
        3184,
        3185,
        3014,
        3015,
        3016,
        3017,
        3018,
        3081,
        3082,
        3083,
        3084,
        3085,
        2915,
        2916,
        2917,
        2918,
        2980,
        2981,
        2982,
        2983,
        2984,
        2985,
        2816,
        2817,
        2818,
        2819,
        2820,
        2879,
        2880,
        2881,
        2882,
        2883,
        2884,
        2716,
        2717,
        2718,
        2719,
        2720,
        2721,
        2778,
        2779,
        2780,
        2781,
        2782,
        2783,
        2617,
        2618,
        2619,
        2620,
        2621,
        2677,
        2678,
        2679,
        2680,
        2681,
        2682,
        2683,
        2518,
        2519,
        2520,
        2521,
        2522,
        2523,
        2576,
        2577,
        2578,
        2579,
        2580,
        2581,
        2582,
        2418,
        2419,
        2420,
        2421,
        2422,
        2423,
        2424,
        2474,
        2475,
        2476,
        2477,
        2478,
        2479,
        2480,
        2481,
        2482,
        2319,
        2320,
        2321,
        2322,
        2323,
        2324,
        2325,
        2326,
        2373,
        2374,
        2375,
        2376,
        2377,
        2378,
        2379,
        2380,
        2381,
        2382,
        2222,
        2223,
        2224,
        2225,
        2226,
        2227,
        2273,
        2274,
        2275,
        2276,
        2277,
        2278,
        2279,
        2280,
        2123,
        2124,
        2125,
        2126,
        2127,
        2128,
        2129,
        2170,
        2171,
        2172,
        2173,
        2174,
        2175,
        2176,
        2177,
        2178,
        2179,
        2025,
        2026,
        2027,
        2028,
        2029,
        2030,
        2031,
        2069,
        2070,
        2071,
        2072,
        2073,
        2074,
        2075,
        2076,
        1926,
        1927,
        1928,
        1929,
        1930,
        1931,
        1932,
        1933,
        1934,
        1935,
        1936,
        1967,
        1968,
        1969,
        1970,
        1971,
        1972,
        1973,
        1974,
        1975,
        1976,
        1830,
        1831,
        1832,
        1833,
        1834,
        1835,
        1836,
        1837,
        1838,
        1839,
        1840,
        1841,
        1844,
        1862,
        1863,
        1864,
        1865,
        1866,
        1867,
        1868,
        1869,
        1870,
        1871,
        1872,
        1873,
        1874,
        1731,
        1732,
        1733,
        1734,
        1735,
        1736,
        1737,
        1738,
        1739,
        1740,
        1741,
        1742,
        1743,
        1744,
        1747,
        1759,
        1760,
        1761,
        1762,
        1763,
        1764,
        1765,
        1766,
        1767,
        1768,
        1769,
        1770,
        1771,
        1772,
        1634,
        1635,
        1636,
        1637,
        1638,
        1639,
        1640,
        1641,
        1642,
        1643,
        1644,
        1645,
        1646,
        1647,
        1648,
        1649,
        1655,
        1656,
        1657,
        1658,
        1659,
        1660,
        1661,
        1662,
        1663,
        1664,
        1665,
        1666,
        1667,
        1668,
        1669,
        1670,
        1671,
        1538,
        1539,
        1540,
        1541,
        1542,
        1543,
        1544,
        1545,
        1546,
        1547,
        1548,
        1549,
        1550,
        1551,
        1552,
        1553,
        1554,
        1555,
        1556,
        1557,
        1558,
        1559,
        1560,
        1561,
        1562,
        1563,
        1564,
        1565,
        1566,
        1567,
        1568,
        1569,
        1570,
        1445,
        1446,
        1448,
        1449,
        1451,
        1452,
        1453,
        1454,
        1455,
        1456,
        1458,
        1459,
        1460,
        1461,
        1462,
        1463,
        1464,
        1465,
        1466,
        1467,
        1468,
        1469,
        1470,
        1352,
        1353,
        1360,
        1361,
        1362,
        1363,
        1365,
        1366
      ],
      "shouldPause": false
    },
    {
      "itemType": 106,
      "tilePositionOfsets": [
        4490,
        4390
      ],
      "shouldPause": false
    },
    {
      "itemType": 106,
      "tilePositionOfsets": [
        7673,
        7574,
        7575,
        7476,
        7477,
        7478,
        7377,
        7378,
        7277,
        7278,
        7279,
        7179,
        7180,
        7079,
        7080,
        7081,
        7082,
        7083,
        6981,
        6982,
        6983,
        6881,
        6882,
        6883,
        6884,
        6782,
        6783,
        6784,
        6683,
        6684,
        6685,
        6584,
        6585,
        6586,
        6587,
        6484,
        6485,
        6486,
        6487,
        6488,
        6384,
        6385,
        6386,
        6387,
        6388,
        6285,
        6286,
        6287,
        6288,
        6289,
        6186,
        6187,
        6188,
        6189,
        6086,
        6087,
        6088,
        6089,
        6090,
        5987,
        5988,
        5989,
        5990,
        5991,
        5887,
        5888,
        5889,
        5890,
        5891,
        5788,
        5789,
        5790,
        5791,
        5688,
        5689,
        5690,
        5691,
        5589,
        5590,
        5591,
        5592,
        5489,
        5490,
        5491,
        5492,
        5389,
        5390,
        5391,
        5392,
        5289,
        5290,
        5291,
        5292,
        5189,
        5190,
        5191,
        5192,
        5193,
        5089,
        5090,
        5091,
        5092,
        5093,
        4989,
        4990,
        4991,
        4992,
        4993,
        4888,
        4889,
        4890,
        4891,
        4892,
        4893,
        4789,
        4790,
        4791,
        4792,
        4793,
        4689,
        4690,
        4691,
        4692,
        4693,
        4590,
        4591,
        4592,
        4491,
        4492,
        4391,
        4392,
        4290,
        4291,
        4292,
        4190,
        4191,
        4192,
        4090,
        4091,
        3990,
        3890,
        3790,
        3688,
        3689,
        3588,
        3589,
        3488,
        3388
      ],
      "shouldPause": false
    },
    {
      "itemType": 106,
      "tilePositionOfsets": [
        8167,
        8168,
        8067,
        8068,
        8069,
        8070,
        8071,
        8072,
        7969,
        7970,
        7971,
        7972,
        7973,
        7871,
        7872,
        7873,
        7874,
        7875,
        7772,
        7773,
        7774,
        7775,
        7776,
        7777,
        7674,
        7675,
        7676,
        7677,
        7678,
        7576,
        7577,
        7578,
        7579,
        7580,
        7479,
        7480,
        7481,
        7379,
        7380,
        7381,
        7382,
        7383,
        7280,
        7281,
        7282,
        7283,
        7284,
        7181,
        7182,
        7183,
        7184,
        7185,
        7084,
        7085,
        7086,
        6984,
        6985,
        6986,
        6987,
        6885,
        6886,
        6887,
        6888,
        6785,
        6786,
        6787,
        6788,
        6686,
        6687,
        6688,
        6588,
        6589,
        6489,
        6490,
        6389,
        6390,
        6290,
        6190,
        6091,
        5892,
        5792,
        5692
      ],
      "shouldPause": false
    },
    {
      "itemType": 106,
      "tilePositionOfsets": [
        8438,
        8335,
        8336,
        8234,
        8235,
        8236,
        8132,
        8133,
        8134,
        8030,
        8031,
        8032,
        8033,
        8034,
        7928,
        7929,
        7930,
        7826,
        7827,
        7828,
        7829,
        7725,
        7726,
        7727,
        7728,
        7623,
        7624,
        7625,
        7520,
        7521,
        7522,
        7418,
        7419,
        7420,
        7316,
        7317,
        7215,
        7115
      ],
      "shouldPause": false
    },
    {
      "itemType": 106,
      "tilePositionOfsets": [
        7114
      ],
      "shouldPause": false
    },
    {
      "itemType": 106,
      "tilePositionOfsets": [
        1439,
        1440,
        1441,
        1442,
        1443,
        1444,
        1447,
        1450,
        1457,
        1343,
        1344,
        1345,
        1346,
        1347,
        1348,
        1349,
        1350,
        1351,
        1354,
        1355,
        1356,
        1357,
        1358,
        1359,
        1247,
        1248,
        1249,
        1250,
        1251,
        1252,
        1253,
        1254,
        1255
      ],
      "shouldPause": false
    },
    {
      "itemType": 318,
      "tilePositionOfsets": [
        5380
      ],
      "shouldPause": false
    },
    {
      "itemType": 318,
      "tilePositionOfsets": [
        5179
      ],
      "shouldPause": false
    },
    {
      "itemType": 318,
      "tilePositionOfsets": [
        5181
      ],
      "shouldPause": false
    },
    {
      "itemType": 318,
      "tilePositionOfsets": [
        4619
      ],
      "shouldPause": false
    },
    {
      "itemType": 318,
      "tilePositionOfsets": [
        4420
      ],
      "shouldPause": false
    },
    {
      "itemType": 318,
      "tilePositionOfsets": [
        4621
      ],
      "shouldPause": false
    },
    {
      "itemType": 318,
      "tilePositionOfsets": [
        3326
      ],
      "shouldPause": false
    },
    {
      "itemType": 318,
      "tilePositionOfsets": [
        3127
      ],
      "shouldPause": false
    },
    {
      "itemType": 318,
      "tilePositionOfsets": [
        2737
      ],
      "shouldPause": false
    },
    {
      "itemType": 318,
      "tilePositionOfsets": [
        2835
      ],
      "shouldPause": false
    },
    {
      "itemType": 318,
      "tilePositionOfsets": [
        2543
      ],
      "shouldPause": false
    },
    {
      "itemType": 318,
      "tilePositionOfsets": [
        2457
      ],
      "shouldPause": false
    },
    {
      "itemType": 318,
      "tilePositionOfsets": [
        2559
      ],
      "shouldPause": false
    },
    {
      "itemType": 318,
      "tilePositionOfsets": [
        2867
      ],
      "shouldPause": false
    },
    {
      "itemType": 318,
      "tilePositionOfsets": [
        2765
      ],
      "shouldPause": false
    },
    {
      "itemType": 318,
      "tilePositionOfsets": [
        3170
      ],
      "shouldPause": false
    },
    {
      "itemType": 318,
      "tilePositionOfsets": [
        3373
      ],
      "shouldPause": false
    },
    {
      "itemType": 318,
      "tilePositionOfsets": [
        3876
      ],
      "shouldPause": false
    },
    {
      "itemType": 318,
      "tilePositionOfsets": [
        4077
      ],
      "shouldPause": false
    },
    {
      "itemType": 318,
      "tilePositionOfsets": [
        4579
      ],
      "shouldPause": false
    },
    {
      "itemType": 313,
      "tilePositionOfsets": [
        4980
      ],
      "shouldPause": false
    },
    {
      "itemType": 313,
      "tilePositionOfsets": [
        4779
      ],
      "shouldPause": false
    },
    {
      "itemType": 313,
      "tilePositionOfsets": [
        4278
      ],
      "shouldPause": false
    },
    {
      "itemType": 313,
      "tilePositionOfsets": [
        4477
      ],
      "shouldPause": false
    },
    {
      "itemType": 313,
      "tilePositionOfsets": [
        4276
      ],
      "shouldPause": false
    },
    {
      "itemType": 313,
      "tilePositionOfsets": [
        4075
      ],
      "shouldPause": false
    },
    {
      "itemType": 313,
      "tilePositionOfsets": [
        3674
      ],
      "shouldPause": false
    },
    {
      "itemType": 313,
      "tilePositionOfsets": [
        3371
      ],
      "shouldPause": false
    },
    {
      "itemType": 313,
      "tilePositionOfsets": [
        3068
      ],
      "shouldPause": false
    },
    {
      "itemType": 313,
      "tilePositionOfsets": [
        3066
      ],
      "shouldPause": false
    },
    {
      "itemType": 313,
      "tilePositionOfsets": [
        2663
      ],
      "shouldPause": false
    },
    {
      "itemType": 313,
      "tilePositionOfsets": [
        2661
      ],
      "shouldPause": false
    },
    {
      "itemType": 313,
      "tilePositionOfsets": [
        2759
      ],
      "shouldPause": false
    },
    {
      "itemType": 313,
      "tilePositionOfsets": [
        2657
      ],
      "shouldPause": false
    },
    {
      "itemType": 313,
      "tilePositionOfsets": [
        2545
      ],
      "shouldPause": false
    },
    {
      "itemType": 313,
      "tilePositionOfsets": [
        2641
      ],
      "shouldPause": false
    },
    {
      "itemType": 313,
      "tilePositionOfsets": [
        2639
      ],
      "shouldPause": false
    },
    {
      "itemType": 313,
      "tilePositionOfsets": [
        2937
      ],
      "shouldPause": false
    },
    {
      "itemType": 313,
      "tilePositionOfsets": [
        2832
      ],
      "shouldPause": false
    },
    {
      "itemType": 313,
      "tilePositionOfsets": [
        3030
      ],
      "shouldPause": false
    },
    {
      "itemType": 313,
      "tilePositionOfsets": [
        3229
      ],
      "shouldPause": false
    },
    {
      "itemType": 313,
      "tilePositionOfsets": [
        3424
      ],
      "shouldPause": false
    },
    {
      "itemType": 313,
      "tilePositionOfsets": [
        3921
      ],
      "shouldPause": false
    },
    {
      "itemType": 313,
      "tilePositionOfsets": [
        4121
      ],
      "shouldPause": false
    },
    {
      "itemType": 313,
      "tilePositionOfsets": [
        3723
      ],
      "shouldPause": false
    },
    {
      "itemType": 313,
      "tilePositionOfsets": [
        3625
      ],
      "shouldPause": false
    },
    {
      "itemType": 313,
      "tilePositionOfsets": [
        3527
      ],
      "shouldPause": false
    },
    {
      "itemType": 98,
      "tilePositionOfsets": [
        8849
      ],
      "shouldPause": false
    },
    {
      "itemType": 98,
      "tilePositionOfsets": [
        8850
      ],
      "shouldPause": false
    },
    {
      "itemType": 98,
      "tilePositionOfsets": [
        8851
      ],
      "shouldPause": false
    },
    {
      "itemType": 98,
      "tilePositionOfsets": [
        8852
      ],
      "shouldPause": false
    },
    {
      "itemType": 98,
      "tilePositionOfsets": [
        8853
      ],
      "shouldPause": false
    },
    {
      "itemType": 98,
      "tilePositionOfsets": [
        8753
      ],
      "shouldPause": false
    },
    {
      "itemType": 98,
      "tilePositionOfsets": [
        8752
      ],
      "shouldPause": false
    },
    {
      "itemType": 98,
      "tilePositionOfsets": [
        8751
      ],
      "shouldPause": false
    },
    {
      "itemType": 98,
      "tilePositionOfsets": [
        8750
      ],
      "shouldPause": false
    },
    {
      "itemType": 98,
      "tilePositionOfsets": [
        8749
      ],
      "shouldPause": false
    },
    {
      "itemType": 98,
      "tilePositionOfsets": [
        8649
      ],
      "shouldPause": false
    },
    {
      "itemType": 98,
      "tilePositionOfsets": [
        8650
      ],
      "shouldPause": false
    },
    {
      "itemType": 98,
      "tilePositionOfsets": [
        8651
      ],
      "shouldPause": false
    },
    {
      "itemType": 98,
      "tilePositionOfsets": [
        8653
      ],
      "shouldPause": false
    },
    {
      "itemType": 98,
      "tilePositionOfsets": [
        8652
      ],
      "shouldPause": false
    },
    {
      "itemType": 98,
      "tilePositionOfsets": [
        7953
      ],
      "shouldPause": false
    },
    {
      "itemType": 98,
      "tilePositionOfsets": [
        8053
      ],
      "shouldPause": false
    },
    {
      "itemType": 98,
      "tilePositionOfsets": [
        8052
      ],
      "shouldPause": false
    },
    {
      "itemType": 98,
      "tilePositionOfsets": [
        8050
      ],
      "shouldPause": false
    },
    {
      "itemType": 98,
      "tilePositionOfsets": [
        7950
      ],
      "shouldPause": false
    },
    {
      "itemType": 98,
      "tilePositionOfsets": [
        7949
      ],
      "shouldPause": false
    },
    {
      "itemType": 98,
      "tilePositionOfsets": [
        8049
      ],
      "shouldPause": false
    },
    {
      "itemType": 98,
      "tilePositionOfsets": [
        7849
      ],
      "shouldPause": false
    },
    {
      "itemType": 98,
      "tilePositionOfsets": [
        7850
      ],
      "shouldPause": false
    },
    {
      "itemType": 98,
      "tilePositionOfsets": [
        7851
      ],
      "shouldPause": false
    },
    {
      "itemType": 98,
      "tilePositionOfsets": [
        7853
      ],
      "shouldPause": false
    },
    {
      "itemType": 98,
      "tilePositionOfsets": [
        7852
      ],
      "shouldPause": false
    },
    {
      "itemType": 98,
      "tilePositionOfsets": [
        7952
      ],
      "shouldPause": false
    },
    {
      "itemType": 98,
      "tilePositionOfsets": [
        7951
      ],
      "shouldPause": false
    },
    {
      "itemType": 98,
      "tilePositionOfsets": [
        8051
      ],
      "shouldPause": false
    },
    {
      "itemType": 98,
      "tilePositionOfsets": [
        9758
      ],
      "shouldPause": false
    },
    {
      "itemType": 98,
      "tilePositionOfsets": [
        9457
      ],
      "shouldPause": false
    },
    {
      "itemType": 98,
      "tilePositionOfsets": [
        9158
      ],
      "shouldPause": false
    },
    {
      "itemType": 98,
      "tilePositionOfsets": [
        9458
      ],
      "shouldPause": false
    },
    {
      "itemType": 98,
      "tilePositionOfsets": [
        9060
      ],
      "shouldPause": false
    },
    {
      "itemType": 98,
      "tilePositionOfsets": [
        8761
      ],
      "shouldPause": false
    },
    {
      "itemType": 98,
      "tilePositionOfsets": [
        8665
      ],
      "shouldPause": false
    },
    {
      "itemType": 98,
      "tilePositionOfsets": [
        8762
      ],
      "shouldPause": false
    },
    {
      "itemType": 98,
      "tilePositionOfsets": [
        8565
      ],
      "shouldPause": false
    },
    {
      "itemType": 98,
      "tilePositionOfsets": [
        8465
      ],
      "shouldPause": false
    },
    {
      "itemType": 98,
      "tilePositionOfsets": [
        8662
      ],
      "shouldPause": false
    },
    {
      "itemType": 98,
      "tilePositionOfsets": [
        8863
      ],
      "shouldPause": false
    },
    {
      "itemType": 98,
      "tilePositionOfsets": [
        8369
      ],
      "shouldPause": false
    },
    {
      "itemType": 98,
      "tilePositionOfsets": [
        8173
      ],
      "shouldPause": false
    },
    {
      "itemType": 98,
      "tilePositionOfsets": [
        8367
      ],
      "shouldPause": false
    },
    {
      "itemType": 98,
      "tilePositionOfsets": [
        8469
      ],
      "shouldPause": false
    },
    {
      "itemType": 98,
      "tilePositionOfsets": [
        8273
      ],
      "shouldPause": false
    },
    {
      "itemType": 98,
      "tilePositionOfsets": [
        7977
      ],
      "shouldPause": false
    },
    {
      "itemType": 98,
      "tilePositionOfsets": [
        7780
      ],
      "shouldPause": false
    },
    {
      "itemType": 98,
      "tilePositionOfsets": [
        7584
      ],
      "shouldPause": false
    },
    {
      "itemType": 98,
      "tilePositionOfsets": [
        8079
      ],
      "shouldPause": false
    },
    {
      "itemType": 98,
      "tilePositionOfsets": [
        8176
      ],
      "shouldPause": false
    },
    {
      "itemType": 98,
      "tilePositionOfsets": [
        7878
      ],
      "shouldPause": false
    },
    {
      "itemType": 98,
      "tilePositionOfsets": [
        7683
      ],
      "shouldPause": false
    },
    {
      "itemType": 98,
      "tilePositionOfsets": [
        7386
      ],
      "shouldPause": false
    },
    {
      "itemType": 98,
      "tilePositionOfsets": [
        7190
      ],
      "shouldPause": false
    },
    {
      "itemType": 98,
      "tilePositionOfsets": [
        7486
      ],
      "shouldPause": false
    },
    {
      "itemType": 98,
      "tilePositionOfsets": [
        7585
      ],
      "shouldPause": false
    },
    {
      "itemType": 98,
      "tilePositionOfsets": [
        7188
      ],
      "shouldPause": false
    },
    {
      "itemType": 98,
      "tilePositionOfsets": [
        6594
      ],
      "shouldPause": false
    },
    {
      "itemType": 98,
      "tilePositionOfsets": [
        7387
      ],
      "shouldPause": false
    },
    {
      "itemType": 98,
      "tilePositionOfsets": [
        6891
      ],
      "shouldPause": false
    },
    {
      "itemType": 98,
      "tilePositionOfsets": [
        6592
      ],
      "shouldPause": false
    },
    {
      "itemType": 98,
      "tilePositionOfsets": [
        6291
      ],
      "shouldPause": false
    },
    {
      "itemType": 98,
      "tilePositionOfsets": [
        6991
      ],
      "shouldPause": false
    },
    {
      "itemType": 98,
      "tilePositionOfsets": [
        6691
      ],
      "shouldPause": false
    },
    {
      "itemType": 98,
      "tilePositionOfsets": [
        6094
      ],
      "shouldPause": false
    },
    {
      "itemType": 98,
      "tilePositionOfsets": [
        6292
      ],
      "shouldPause": false
    },
    {
      "itemType": 98,
      "tilePositionOfsets": [
        6294
      ],
      "shouldPause": false
    },
    {
      "itemType": 98,
      "tilePositionOfsets": [
        5694
      ],
      "shouldPause": false
    },
    {
      "itemType": 98,
      "tilePositionOfsets": [
        5594
      ],
      "shouldPause": false
    },
    {
      "itemType": 98,
      "tilePositionOfsets": [
        5796
      ],
      "shouldPause": false
    },
    {
      "itemType": 98,
      "tilePositionOfsets": [
        6194
      ],
      "shouldPause": false
    },
    {
      "itemType": 98,
      "tilePositionOfsets": [
        9743
      ],
      "shouldPause": false
    },
    {
      "itemType": 98,
      "tilePositionOfsets": [
        9340
      ],
      "shouldPause": false
    },
    {
      "itemType": 98,
      "tilePositionOfsets": [
        9039
      ],
      "shouldPause": false
    },
    {
      "itemType": 98,
      "tilePositionOfsets": [
        8636
      ],
      "shouldPause": false
    },
    {
      "itemType": 98,
      "tilePositionOfsets": [
        9344
      ],
      "shouldPause": false
    },
    {
      "itemType": 98,
      "tilePositionOfsets": [
        9645
      ],
      "shouldPause": false
    },
    {
      "itemType": 98,
      "tilePositionOfsets": [
        9745
      ],
      "shouldPause": false
    },
    {
      "itemType": 98,
      "tilePositionOfsets": [
        9241
      ],
      "shouldPause": false
    },
    {
      "itemType": 98,
      "tilePositionOfsets": [
        8738
      ],
      "shouldPause": false
    },
    {
      "itemType": 98,
      "tilePositionOfsets": [
        9042
      ],
      "shouldPause": false
    },
    {
      "itemType": 98,
      "tilePositionOfsets": [
        8838
      ],
      "shouldPause": false
    },
    {
      "itemType": 98,
      "tilePositionOfsets": [
        9544
      ],
      "shouldPause": false
    },
    {
      "itemType": 98,
      "tilePositionOfsets": [
        9242
      ],
      "shouldPause": false
    },
    {
      "itemType": 98,
      "tilePositionOfsets": [
        8941
      ],
      "shouldPause": false
    },
    {
      "itemType": 98,
      "tilePositionOfsets": [
        8739
      ],
      "shouldPause": false
    },
    {
      "itemType": 98,
      "tilePositionOfsets": [
        8434
      ],
      "shouldPause": false
    },
    {
      "itemType": 98,
      "tilePositionOfsets": [
        8228
      ],
      "shouldPause": false
    },
    {
      "itemType": 98,
      "tilePositionOfsets": [
        8124
      ],
      "shouldPause": false
    },
    {
      "itemType": 98,
      "tilePositionOfsets": [
        7920
      ],
      "shouldPause": false
    },
    {
      "itemType": 98,
      "tilePositionOfsets": [
        7718
      ],
      "shouldPause": false
    },
    {
      "itemType": 98,
      "tilePositionOfsets": [
        7517
      ],
      "shouldPause": false
    },
    {
      "itemType": 98,
      "tilePositionOfsets": [
        7720
      ],
      "shouldPause": false
    },
    {
      "itemType": 98,
      "tilePositionOfsets": [
        7922
      ],
      "shouldPause": false
    },
    {
      "itemType": 98,
      "tilePositionOfsets": [
        8128
      ],
      "shouldPause": false
    },
    {
      "itemType": 98,
      "tilePositionOfsets": [
        8229
      ],
      "shouldPause": false
    },
    {
      "itemType": 98,
      "tilePositionOfsets": [
        8534
      ],
      "shouldPause": false
    },
    {
      "itemType": 98,
      "tilePositionOfsets": [
        8634
      ],
      "shouldPause": false
    },
    {
      "itemType": 98,
      "tilePositionOfsets": [
        8633
      ],
      "shouldPause": false
    },
    {
      "itemType": 98,
      "tilePositionOfsets": [
        8327
      ],
      "shouldPause": false
    },
    {
      "itemType": 98,
      "tilePositionOfsets": [
        8531
      ],
      "shouldPause": false
    },
    {
      "itemType": 98,
      "tilePositionOfsets": [
        8532
      ],
      "shouldPause": false
    },
    {
      "itemType": 98,
      "tilePositionOfsets": [
        8230
      ],
      "shouldPause": false
    },
    {
      "itemType": 98,
      "tilePositionOfsets": [
        8432
      ],
      "shouldPause": false
    },
    {
      "itemType": 98,
      "tilePositionOfsets": [
        8435
      ],
      "shouldPause": false
    },
    {
      "itemType": 98,
      "tilePositionOfsets": [
        7925
      ],
      "shouldPause": false
    },
    {
      "itemType": 98,
      "tilePositionOfsets": [
        7823
      ],
      "shouldPause": false
    },
    {
      "itemType": 98,
      "tilePositionOfsets": [
        7722
      ],
      "shouldPause": false
    },
    {
      "itemType": 98,
      "tilePositionOfsets": [
        7923
      ],
      "shouldPause": false
    },
    {
      "itemType": 98,
      "tilePositionOfsets": [
        8025
      ],
      "shouldPause": false
    },
    {
      "itemType": 98,
      "tilePositionOfsets": [
        8026
      ],
      "shouldPause": false
    },
    {
      "itemType": 98,
      "tilePositionOfsets": [
        7719
      ],
      "shouldPause": false
    },
    {
      "itemType": 98,
      "tilePositionOfsets": [
        7616
      ],
      "shouldPause": false
    },
    {
      "itemType": 98,
      "tilePositionOfsets": [
        7413
      ],
      "shouldPause": false
    },
    {
      "itemType": 98,
      "tilePositionOfsets": [
        7110
      ],
      "shouldPause": false
    },
    {
      "itemType": 98,
      "tilePositionOfsets": [
        6911
      ],
      "shouldPause": false
    },
    {
      "itemType": 98,
      "tilePositionOfsets": [
        7313
      ],
      "shouldPause": false
    },
    {
      "itemType": 98,
      "tilePositionOfsets": [
        7414
      ],
      "shouldPause": false
    },
    {
      "itemType": 98,
      "tilePositionOfsets": [
        7112
      ],
      "shouldPause": false
    },
    {
      "itemType": 98,
      "tilePositionOfsets": [
        6709
      ],
      "shouldPause": false
    },
    {
      "itemType": 98,
      "tilePositionOfsets": [
        6407
      ],
      "shouldPause": false
    },
    {
      "itemType": 98,
      "tilePositionOfsets": [
        6406
      ],
      "shouldPause": false
    },
    {
      "itemType": 98,
      "tilePositionOfsets": [
        6908
      ],
      "shouldPause": false
    },
    {
      "itemType": 98,
      "tilePositionOfsets": [
        6608
      ],
      "shouldPause": false
    },
    {
      "itemType": 98,
      "tilePositionOfsets": [
        6306
      ],
      "shouldPause": false
    },
    {
      "itemType": 98,
      "tilePositionOfsets": [
        6408
      ],
      "shouldPause": false
    },
    {
      "itemType": 98,
      "tilePositionOfsets": [
        6609
      ],
      "shouldPause": false
    },
    {
      "itemType": 98,
      "tilePositionOfsets": [
        5906
      ],
      "shouldPause": false
    },
    {
      "itemType": 98,
      "tilePositionOfsets": [
        5606
      ],
      "shouldPause": false
    },
    {
      "itemType": 98,
      "tilePositionOfsets": [
        6106
      ],
      "shouldPause": false
    },
    {
      "itemType": 98,
      "tilePositionOfsets": [
        6206
      ],
      "shouldPause": false
    },
    {
      "itemType": 98,
      "tilePositionOfsets": [
        5705
      ],
      "shouldPause": false
    },
    {
      "itemType": 98,
      "tilePositionOfsets": [
        5405
      ],
      "shouldPause": false
    },
    {
      "itemType": 98,
      "tilePositionOfsets": [
        6205
      ],
      "shouldPause": false
    },
    {
      "itemType": 98,
      "tilePositionOfsets": [
        6308
      ],
      "shouldPause": false
    },
    {
      "itemType": 98,
      "tilePositionOfsets": [
        6107
      ],
      "shouldPause": false
    },
    {
      "itemType": 98,
      "tilePositionOfsets": [
        5807
      ],
      "shouldPause": false
    },
    {
      "itemType": 98,
      "tilePositionOfsets": [
        5207
      ],
      "shouldPause": false
    },
    {
      "itemType": 98,
      "tilePositionOfsets": [
        4806
      ],
      "shouldPause": false
    },
    {
      "itemType": 98,
      "tilePositionOfsets": [
        5206
      ],
      "shouldPause": false
    },
    {
      "itemType": 98,
      "tilePositionOfsets": [
        5506
      ],
      "shouldPause": false
    },
    {
      "itemType": 98,
      "tilePositionOfsets": [
        5005
      ],
      "shouldPause": false
    },
    {
      "itemType": 98,
      "tilePositionOfsets": [
        4704
      ],
      "shouldPause": false
    },
    {
      "itemType": 98,
      "tilePositionOfsets": [
        4605
      ],
      "shouldPause": false
    },
    {
      "itemType": 98,
      "tilePositionOfsets": [
        5107
      ],
      "shouldPause": false
    },
    {
      "itemType": 98,
      "tilePositionOfsets": [
        4808
      ],
      "shouldPause": false
    },
    {
      "itemType": 98,
      "tilePositionOfsets": [
        4508
      ],
      "shouldPause": false
    },
    {
      "itemType": 98,
      "tilePositionOfsets": [
        4207
      ],
      "shouldPause": false
    },
    {
      "itemType": 98,
      "tilePositionOfsets": [
        4307
      ],
      "shouldPause": false
    },
    {
      "itemType": 98,
      "tilePositionOfsets": [
        4805
      ],
      "shouldPause": false
    },
    {
      "itemType": 98,
      "tilePositionOfsets": [
        4406
      ],
      "shouldPause": false
    },
    {
      "itemType": 98,
      "tilePositionOfsets": [
        4707
      ],
      "shouldPause": false
    },
    {
      "itemType": 98,
      "tilePositionOfsets": [
        4106
      ],
      "shouldPause": false
    },
    {
      "itemType": 98,
      "tilePositionOfsets": [
        5395
      ],
      "shouldPause": false
    },
    {
      "itemType": 98,
      "tilePositionOfsets": [
        4596
      ],
      "shouldPause": false
    },
    {
      "itemType": 98,
      "tilePositionOfsets": [
        4096
      ],
      "shouldPause": false
    },
    {
      "itemType": 98,
      "tilePositionOfsets": [
        3494
      ],
      "shouldPause": false
    },
    {
      "itemType": 98,
      "tilePositionOfsets": [
        3191
      ],
      "shouldPause": false
    },
    {
      "itemType": 98,
      "tilePositionOfsets": [
        2686
      ],
      "shouldPause": false
    },
    {
      "itemType": 98,
      "tilePositionOfsets": [
        2586
      ],
      "shouldPause": false
    },
    {
      "itemType": 98,
      "tilePositionOfsets": [
        2888
      ],
      "shouldPause": false
    },
    {
      "itemType": 98,
      "tilePositionOfsets": [
        3089
      ],
      "shouldPause": false
    },
    {
      "itemType": 98,
      "tilePositionOfsets": [
        2886
      ],
      "shouldPause": false
    },
    {
      "itemType": 98,
      "tilePositionOfsets": [
        2887
      ],
      "shouldPause": false
    },
    {
      "itemType": 98,
      "tilePositionOfsets": [
        3291
      ],
      "shouldPause": false
    },
    {
      "itemType": 98,
      "tilePositionOfsets": [
        3492
      ],
      "shouldPause": false
    },
    {
      "itemType": 98,
      "tilePositionOfsets": [
        3793
      ],
      "shouldPause": false
    },
    {
      "itemType": 98,
      "tilePositionOfsets": [
        4095
      ],
      "shouldPause": false
    },
    {
      "itemType": 98,
      "tilePositionOfsets": [
        5095
      ],
      "shouldPause": false
    },
    {
      "itemType": 98,
      "tilePositionOfsets": [
        4393
      ],
      "shouldPause": false
    },
    {
      "itemType": 98,
      "tilePositionOfsets": [
        3992
      ],
      "shouldPause": false
    },
    {
      "itemType": 98,
      "tilePositionOfsets": [
        4394
      ],
      "shouldPause": false
    },
    {
      "itemType": 98,
      "tilePositionOfsets": [
        4896
      ],
      "shouldPause": false
    },
    {
      "itemType": 98,
      "tilePositionOfsets": [
        4294
      ],
      "shouldPause": false
    },
    {
      "itemType": 98,
      "tilePositionOfsets": [
        3692
      ],
      "shouldPause": false
    },
    {
      "itemType": 98,
      "tilePositionOfsets": [
        3390
      ],
      "shouldPause": false
    },
    {
      "itemType": 98,
      "tilePositionOfsets": [
        2986
      ],
      "shouldPause": false
    },
    {
      "itemType": 98,
      "tilePositionOfsets": [
        4208
      ],
      "shouldPause": false
    },
    {
      "itemType": 98,
      "tilePositionOfsets": [
        3807
      ],
      "shouldPause": false
    },
    {
      "itemType": 98,
      "tilePositionOfsets": [
        3508
      ],
      "shouldPause": false
    },
    {
      "itemType": 98,
      "tilePositionOfsets": [
        3908
      ],
      "shouldPause": false
    },
    {
      "itemType": 98,
      "tilePositionOfsets": [
        4108
      ],
      "shouldPause": false
    },
    {
      "itemType": 98,
      "tilePositionOfsets": [
        3909
      ],
      "shouldPause": false
    },
    {
      "itemType": 98,
      "tilePositionOfsets": [
        3509
      ],
      "shouldPause": false
    },
    {
      "itemType": 98,
      "tilePositionOfsets": [
        3110
      ],
      "shouldPause": false
    },
    {
      "itemType": 98,
      "tilePositionOfsets": [
        2810
      ],
      "shouldPause": false
    },
    {
      "itemType": 98,
      "tilePositionOfsets": [
        3210
      ],
      "shouldPause": false
    },
    {
      "itemType": 98,
      "tilePositionOfsets": [
        3411
      ],
      "shouldPause": false
    },
    {
      "itemType": 98,
      "tilePositionOfsets": [
        2913
      ],
      "shouldPause": false
    },
    {
      "itemType": 98,
      "tilePositionOfsets": [
        3310
      ],
      "shouldPause": false
    },
    {
      "itemType": 98,
      "tilePositionOfsets": [
        2912
      ],
      "shouldPause": false
    },
    {
      "itemType": 98,
      "tilePositionOfsets": [
        2713
      ],
      "shouldPause": false
    },
    {
      "itemType": 98,
      "tilePositionOfsets": [
        2415
      ],
      "shouldPause": false
    },
    {
      "itemType": 98,
      "tilePositionOfsets": [
        2119
      ],
      "shouldPause": false
    },
    {
      "itemType": 98,
      "tilePositionOfsets": [
        2515
      ],
      "shouldPause": false
    },
    {
      "itemType": 98,
      "tilePositionOfsets": [
        2217
      ],
      "shouldPause": false
    },
    {
      "itemType": 98,
      "tilePositionOfsets": [
        2020
      ],
      "shouldPause": false
    },
    {
      "itemType": 98,
      "tilePositionOfsets": [
        2021
      ],
      "shouldPause": false
    },
    {
      "itemType": 98,
      "tilePositionOfsets": [
        1922
      ],
      "shouldPause": false
    },
    {
      "itemType": 98,
      "tilePositionOfsets": [
        1726
      ],
      "shouldPause": false
    },
    {
      "itemType": 98,
      "tilePositionOfsets": [
        2117
      ],
      "shouldPause": false
    },
    {
      "itemType": 98,
      "tilePositionOfsets": [
        1724
      ],
      "shouldPause": false
    },
    {
      "itemType": 98,
      "tilePositionOfsets": [
        2687
      ],
      "shouldPause": false
    },
    {
      "itemType": 98,
      "tilePositionOfsets": [
        2384
      ],
      "shouldPause": false
    },
    {
      "itemType": 98,
      "tilePositionOfsets": [
        2183
      ],
      "shouldPause": false
    },
    {
      "itemType": 98,
      "tilePositionOfsets": [
        2082
      ],
      "shouldPause": false
    },
    {
      "itemType": 98,
      "tilePositionOfsets": [
        2690
      ],
      "shouldPause": false
    },
    {
      "itemType": 98,
      "tilePositionOfsets": [
        2488
      ],
      "shouldPause": false
    },
    {
      "itemType": 98,
      "tilePositionOfsets": [
        2287
      ],
      "shouldPause": false
    },
    {
      "itemType": 98,
      "tilePositionOfsets": [
        2184
      ],
      "shouldPause": false
    },
    {
      "itemType": 98,
      "tilePositionOfsets": [
        2385
      ],
      "shouldPause": false
    },
    {
      "itemType": 98,
      "tilePositionOfsets": [
        2789
      ],
      "shouldPause": false
    },
    {
      "itemType": 98,
      "tilePositionOfsets": [
        2990
      ],
      "shouldPause": false
    },
    {
      "itemType": 98,
      "tilePositionOfsets": [
        2281
      ],
      "shouldPause": false
    },
    {
      "itemType": 98,
      "tilePositionOfsets": [
        1980
      ],
      "shouldPause": false
    },
    {
      "itemType": 98,
      "tilePositionOfsets": [
        1676
      ],
      "shouldPause": false
    },
    {
      "itemType": 98,
      "tilePositionOfsets": [
        1271
      ],
      "shouldPause": false
    },
    {
      "itemType": 98,
      "tilePositionOfsets": [
        1163
      ],
      "shouldPause": false
    },
    {
      "itemType": 98,
      "tilePositionOfsets": [
        1159
      ],
      "shouldPause": false
    },
    {
      "itemType": 98,
      "tilePositionOfsets": [
        1045
      ],
      "shouldPause": false
    },
    {
      "itemType": 98,
      "tilePositionOfsets": [
        1437
      ],
      "shouldPause": false
    },
    {
      "itemType": 98,
      "tilePositionOfsets": [
        1629
      ],
      "shouldPause": false
    },
    {
      "itemType": 98,
      "tilePositionOfsets": [
        1433
      ],
      "shouldPause": false
    },
    {
      "itemType": 98,
      "tilePositionOfsets": [
        1434
      ],
      "shouldPause": false
    },
    {
      "itemType": 98,
      "tilePositionOfsets": [
        1529
      ],
      "shouldPause": false
    },
    {
      "itemType": 98,
      "tilePositionOfsets": [
        1527
      ],
      "shouldPause": false
    },
    {
      "itemType": 98,
      "tilePositionOfsets": [
        1824
      ],
      "shouldPause": false
    },
    {
      "itemType": 98,
      "tilePositionOfsets": [
        1828
      ],
      "shouldPause": false
    },
    {
      "itemType": 98,
      "tilePositionOfsets": [
        1730
      ],
      "shouldPause": false
    },
    {
      "itemType": 98,
      "tilePositionOfsets": [
        1632
      ],
      "shouldPause": false
    },
    {
      "itemType": 98,
      "tilePositionOfsets": [
        1533
      ],
      "shouldPause": false
    },
    {
      "itemType": 98,
      "tilePositionOfsets": [
        1239
      ],
      "shouldPause": false
    },
    {
      "itemType": 98,
      "tilePositionOfsets": [
        1043
      ],
      "shouldPause": false
    },
    {
      "itemType": 98,
      "tilePositionOfsets": [
        1147
      ],
      "shouldPause": false
    },
    {
      "itemType": 98,
      "tilePositionOfsets": [
        1242
      ],
      "shouldPause": false
    },
    {
      "itemType": 98,
      "tilePositionOfsets": [
        1238
      ],
      "shouldPause": false
    },
    {
      "itemType": 98,
      "tilePositionOfsets": [
        1232
      ],
      "shouldPause": false
    },
    {
      "itemType": 98,
      "tilePositionOfsets": [
        1137
      ],
      "shouldPause": false
    },
    {
      "itemType": 98,
      "tilePositionOfsets": [
        1041
      ],
      "shouldPause": false
    },
    {
      "itemType": 98,
      "tilePositionOfsets": [
        1335
      ],
      "shouldPause": false
    },
    {
      "itemType": 98,
      "tilePositionOfsets": [
        1139
      ],
      "shouldPause": false
    },
    {
      "itemType": 98,
      "tilePositionOfsets": [
        1142
      ],
      "shouldPause": false
    },
    {
      "itemType": 98,
      "tilePositionOfsets": [
        1245
      ],
      "shouldPause": false
    },
    {
      "itemType": 98,
      "tilePositionOfsets": [
        1146
      ],
      "shouldPause": false
    },
    {
      "itemType": 98,
      "tilePositionOfsets": [
        1046
      ],
      "shouldPause": false
    },
    {
      "itemType": 98,
      "tilePositionOfsets": [
        1152
      ],
      "shouldPause": false
    },
    {
      "itemType": 98,
      "tilePositionOfsets": [
        1060
      ],
      "shouldPause": false
    },
    {
      "itemType": 98,
      "tilePositionOfsets": [
        1054
      ],
      "shouldPause": false
    },
    {
      "itemType": 98,
      "tilePositionOfsets": [
        1049
      ],
      "shouldPause": false
    },
    {
      "itemType": 98,
      "tilePositionOfsets": [
        1148
      ],
      "shouldPause": false
    },
    {
      "itemType": 98,
      "tilePositionOfsets": [
        1057
      ],
      "shouldPause": false
    },
    {
      "itemType": 98,
      "tilePositionOfsets": [
        1058
      ],
      "shouldPause": false
    },
    {
      "itemType": 98,
      "tilePositionOfsets": [
        1051
      ],
      "shouldPause": false
    },
    {
      "itemType": 98,
      "tilePositionOfsets": [
        1155
      ],
      "shouldPause": false
    },
    {
      "itemType": 98,
      "tilePositionOfsets": [
        1257
      ],
      "shouldPause": false
    },
    {
      "itemType": 98,
      "tilePositionOfsets": [
        1166
      ],
      "shouldPause": false
    },
    {
      "itemType": 98,
      "tilePositionOfsets": [
        1370
      ],
      "shouldPause": false
    },
    {
      "itemType": 98,
      "tilePositionOfsets": [
        1475
      ],
      "shouldPause": false
    },
    {
      "itemType": 98,
      "tilePositionOfsets": [
        1677
      ],
      "shouldPause": false
    },
    {
      "itemType": 98,
      "tilePositionOfsets": [
        2285
      ],
      "shouldPause": false
    },
    {
      "itemType": 98,
      "tilePositionOfsets": [
        1977
      ],
      "shouldPause": false
    },
    {
      "itemType": 98,
      "tilePositionOfsets": [
        1775
      ],
      "shouldPause": false
    },
    {
      "itemType": 98,
      "tilePositionOfsets": [
        1675
      ],
      "shouldPause": false
    },
    {
      "itemType": 98,
      "tilePositionOfsets": [
        1573
      ],
      "shouldPause": false
    },
    {
      "itemType": 98,
      "tilePositionOfsets": [
        1269
      ],
      "shouldPause": false
    },
    {
      "itemType": 98,
      "tilePositionOfsets": [
        1368
      ],
      "shouldPause": false
    },
    {
      "itemType": 98,
      "tilePositionOfsets": [
        1261
      ],
      "shouldPause": false
    },
    {
      "itemType": 98,
      "tilePositionOfsets": [
        1158
      ],
      "shouldPause": false
    },
    {
      "itemType": 98,
      "tilePositionOfsets": [
        1880
      ],
      "shouldPause": false
    },
    {
      "itemType": 98,
      "tilePositionOfsets": [
        1983
      ],
      "shouldPause": false
    }
  ],
  "miscItems": [
    {
      "positionOfset": 6764,
      "itemType": 5,
      "number": 0
    },
    {
      "positionOfset": 7043,
      "itemType": 5,
      "number": 1
    },
    {
      "positionOfset": 6835,
      "itemType": 5,
      "number": 2
    },
    {
      "positionOfset": 5022,
      "itemType": 5,
      "number": 3
    },
    {
      "positionOfset": 5677,
      "itemType": 5,
      "number": 4
    },
    {
      "positionOfset": 6851,
      "itemType": 16,
      "number": 0
    },
    {
      "positionOfset": 6025,
      "itemType": 16,
      "number": 1
    },
    {
      "positionOfset": 6273,
      "itemType": 16,
      "number": 2
    },
    {
      "positionOfset": 3572,
      "itemType": 16,
      "number": 3
    },
    {
      "positionOfset": 7551,
      "itemType": 16,
      "number": 4
    },
    {
      "positionOfset": 3926,
      "itemType": 16,
      "number": 5
    },
    {
      "positionOfset": 9151,
      "itemType": 16,
      "number": 6
    },
    {
      "positionOfset": 2850,
      "itemType": 16,
      "number": 7
    },
    {
      "positionOfset": 6852,
      "itemType": 16,
      "number": 8
    },
    {
      "positionOfset": 2851,
      "itemType": 16,
      "number": 9
    }
  ]
}