{
  "pauseDelayAmount": 100,
  "frames": [
    {
      "itemType": 61,
      "tilePositionOfsets": [
        5643
      ],
      "shouldPause": false
    },
    {
      "itemType": 52,
      "tilePositionOfsets": [
        4950
      ],
      "shouldPause": false
    },
    {
      "itemType": 52,
      "tilePositionOfsets": [
        4450
      ],
      "shouldPause": false
    },
    {
      "itemType": 80,
      "tilePositionOfsets": [
        4538
      ],
      "shouldPause": false
    },
    {
      "itemType": 54,
      "tilePositionOfsets": [
        6360
      ],
      "shouldPause": false
    },
    {
      "itemType": 54,
      "tilePositionOfsets": [
        6356
      ],
      "shouldPause": false
    },
    {
      "itemType": 54,
      "tilePositionOfsets": [
        5673
      ],
      "shouldPause": false
    },
    {
      "itemType": 54,
      "tilePositionOfsets": [
        4474
      ],
      "shouldPause": false
    },
    {
      "itemType": 54,
      "tilePositionOfsets": [
        3870
      ],
      "shouldPause": false
    },
    {
      "itemType": 54,
      "tilePositionOfsets": [
        3357
      ],
      "shouldPause": false
    },
    {
      "itemType": 54,
      "tilePositionOfsets": [
        3639
      ],
      "shouldPause": false
    },
    {
      "itemType": 54,
      "tilePositionOfsets": [
        3239
      ],
      "shouldPause": false
    },
    {
      "itemType": 54,
      "tilePositionOfsets": [
        5822
      ],
      "shouldPause": false
    },
    {
      "itemType": 54,
      "tilePositionOfsets": [
        6438
      ],
      "shouldPause": false
    },
    {
      "itemType": 54,
      "tilePositionOfsets": [
        3145
      ],
      "shouldPause": false
    },
    {
      "itemType": 106,
      "tilePositionOfsets": [
        6958,
        6959,
        6960,
        6839,
        6840,
        6841,
        6842,
        6843,
        6844,
        6845,
        6846,
        6847,
        6848,
        6854,
        6855,
        6856,
        6857,
        6858,
        6859,
        6860,
        6861,
        6862,
        6863,
        6729,
        6730,
        6731,
        6732,
        6733,
        6734,
        6735,
        6736,
        6737,
        6738,
        6739,
        6740,
        6741,
        6742,
        6743,
        6744,
        6745,
        6746,
        6747,
        6748,
        6754,
        6755,
        6756,
        6757,
        6758,
        6759,
        6760,
        6761,
        6762,
        6763,
        6764,
        6765,
        6766,
        6626,
        6627,
        6628,
        6629,
        6630,
        6631,
        6632,
        6633,
        6634,
        6635,
        6636,
        6637,
        6638,
        6639,
        6663,
        6664,
        6665,
        6666,
        6667,
        6668,
        6669,
        6524,
        6525,
        6526,
        6527,
        6528,
        6529,
        6530,
        6566,
        6567,
        6568,
        6569,
        6570,
        6571,
        6423,
        6424,
        6425,
        6426,
        6427,
        6469,
        6470,
        6471,
        6472,
        6473,
        6322,
        6323,
        6324,
        6371,
        6372,
        6373,
        6374,
        6221,
        6222,
        6223,
        6224,
        6272,
        6273,
        6274,
        6275,
        6120,
        6121,
        6122,
        6123,
        6174,
        6175,
        6176,
        6020,
        6021,
        6022,
        6075,
        6076,
        6077,
        5919,
        5920,
        5921,
        5975,
        5976,
        5977,
        5978,
        5817,
        5818,
        5819,
        5820,
        5876,
        5877,
        5878,
        5879,
        5717,
        5718,
        5719,
        5777,
        5778,
        5779,
        5616,
        5617,
        5618,
        5678,
        5679,
        5680,
        5515,
        5516,
        5517,
        5579,
        5580,
        5415,
        5416,
        5417,
        5479,
        5480,
        5314,
        5315,
        5316,
        5379,
        5380,
        5214,
        5215,
        5279,
        5280,
        5281,
        5114,
        5115,
        5180,
        5181,
        5014,
        5015,
        5080,
        5081,
        4914,
        4915,
        4980,
        4981,
        4814,
        4815,
        4880,
        4881,
        4715,
        4716,
        4780,
        4781,
        4615,
        4616,
        4680,
        4681,
        4515,
        4516,
        4580,
        4581,
        4415,
        4416,
        4480,
        4481,
        4315,
        4316,
        4317,
        4379,
        4380,
        4381,
        4216,
        4217,
        4279,
        4280,
        4281,
        4116,
        4117,
        4118,
        4179,
        4180,
        4017,
        4018,
        4019,
        4079,
        4080,
        3917,
        3918,
        3919,
        3978,
        3979,
        3980,
        3818,
        3819,
        3877,
        3878,
        3879,
        3718,
        3719,
        3720,
        3776,
        3777,
        3778,
        3779,
        3619,
        3620,
        3621,
        3676,
        3677,
        3678,
        3519,
        3520,
        3521,
        3576,
        3577,
        3420,
        3421,
        3422,
        3475,
        3476,
        3477,
        3321,
        3322,
        3323,
        3324,
        3325,
        3374,
        3375,
        3376,
        3221,
        3222,
        3223,
        3224,
        3225,
        3226,
        3227,
        3273,
        3274,
        3275,
        3124,
        3125,
        3126,
        3127,
        3128,
        3172,
        3173,
        3174,
        3026,
        3027,
        3028,
        3029,
        3030,
        3072,
        3073,
        2928,
        2929,
        2930,
        2931,
        2932,
        2933,
        2970,
        2971,
        2972,
        2973,
        2830,
        2831,
        2832,
        2833,
        2834,
        2835,
        2836,
        2868,
        2869,
        2870,
        2871,
        2733,
        2734,
        2735,
        2736,
        2737,
        2738,
        2739,
        2740,
        2765,
        2766,
        2767,
        2768,
        2769,
        2636,
        2637,
        2638,
        2639,
        2640,
        2641,
        2642,
        2643,
        2644,
        2645,
        2646,
        2647,
        2648,
        2661,
        2662,
        2663,
        2664,
        2665,
        2666,
        2667,
        2668,
        2541,
        2542,
        2543,
        2544,
        2545,
        2546,
        2547,
        2548,
        2549,
        2550,
        2551,
        2552,
        2553,
        2554,
        2555,
        2556,
        2559,
        2560,
        2561,
        2562,
        2563,
        2564,
        2449,
        2450,
        2451,
        2452,
        2453,
        2454,
        2455,
        2456,
        2457,
        2458,
        2459,
        2460,
        2461,
        2356,
        2357,
        2358
      ],
      "shouldPause": false
    },
    {
      "itemType": 86,
      "tilePositionOfsets": [
        4523
      ],
      "shouldPause": false
    },
    {
      "itemType": 77,
      "tilePositionOfsets": [
        6027
      ],
      "shouldPause": false
    },
    {
      "itemType": 74,
      "tilePositionOfsets": [
        4046
      ],
      "shouldPause": false
    },
    {
      "itemType": 75,
      "tilePositionOfsets": [
        4356
      ],
      "shouldPause": false
    },
    {
      "itemType": 75,
      "tilePositionOfsets": [
        4856
      ],
      "shouldPause": false
    },
    {
      "itemType": 75,
      "tilePositionOfsets": [
        5356
      ],
      "shouldPause": false
    },
    {
      "itemType": 76,
      "tilePositionOfsets": [
        3850
      ],
      "shouldPause": false
    },
    {
      "itemType": 76,
      "tilePositionOfsets": [
        3855
      ],
      "shouldPause": false
    },
    {
      "itemType": 342,
      "tilePositionOfsets": [
        6143
      ],
      "shouldPause": false
    },
    {
      "itemType": 88,
      "tilePositionOfsets": [
        5527
      ],
      "shouldPause": false
    },
    {
      "itemType": 75,
      "tilePositionOfsets": [
        5856
      ],
      "shouldPause": false
    },
    {
      "itemType": 75,
      "tilePositionOfsets": [
        5860
      ],
      "shouldPause": false
    },
    {
      "itemType": 144,
      "tilePositionOfsets": [
        7149
      ],
      "shouldPause": false
    },
    {
      "itemType": 25,
      "tilePositionOfsets": [
        5170,
        5070,
        4970,
        4870,
        4770,
        4670
      ],
      "shouldPause": false
    },
    {
      "itemType": 185,
      "tilePositionOfsets": [
        5069
      ],
      "shouldPause": false
    },
    {
      "itemType": 184,
      "tilePositionOfsets": [
        4969
      ],
      "shouldPause": false
    },
    {
      "itemType": 183,
      "tilePositionOfsets": [
        4869
      ],
      "shouldPause": false
    },
    {
      "itemType": 182,
      "tilePositionOfsets": [
        4769
      ],
      "shouldPause": false
    },
    {
      "itemType": 181,
      "tilePositionOfsets": [
        4669
      ],
      "shouldPause": false
    },
    {
      "itemType": 114,
      "tilePositionOfsets": [
        5171
      ],
      "shouldPause": false
    },
    {
      "itemType": 25,
      "tilePositionOfsets": [
        4719,
        4720,
        4721,
        4722,
        4723,
        4724
      ],
      "shouldPause": false
    },
    {
      "itemType": 185,
      "tilePositionOfsets": [
        4623
      ],
      "shouldPause": false
    },
    {
      "itemType": 184,
      "tilePositionOfsets": [
        4622
      ],
      "shouldPause": false
    },
    {
      "itemType": 183,
      "tilePositionOfsets": [
        4621
      ],
      "shouldPause": false
    },
    {
      "itemType": 182,
      "tilePositionOfsets": [
        4620
      ],
      "shouldPause": false
    },
    {
      "itemType": 181,
      "tilePositionOfsets": [
        4619
      ],
      "shouldPause": false
    },
    {
      "itemType": 114,
      "tilePositionOfsets": [
        5319
      ],
      "shouldPause": false
    },
    {
      "itemType": 75,
      "tilePositionOfsets": [
        5438
      ],
      "shouldPause": false
    },
    {
      "itemType": 75,
      "tilePositionOfsets": [
        4938
      ],
      "shouldPause": false
    },
    {
      "itemType": 92,
      "tilePositionOfsets": [
        6050
      ],
      "shouldPause": false
    },
    {
      "itemType": 76,
      "tilePositionOfsets": [
        5933
      ],
      "shouldPause": false
    },
    {
      "itemType": 76,
      "tilePositionOfsets": [
        5938
      ],
      "shouldPause": false
    },
    {
      "itemType": 74,
      "tilePositionOfsets": [
        4042
      ],
      "shouldPause": false
    },
    {
      "itemType": 75,
      "tilePositionOfsets": [
        4860
      ],
      "shouldPause": false
    },
    {
      "itemType": 75,
      "tilePositionOfsets": [
        4360
      ],
      "shouldPause": false
    },
    {
      "itemType": 75,
      "tilePositionOfsets": [
        5360
      ],
      "shouldPause": false
    },
    {
      "itemType": 93,
      "tilePositionOfsets": [
        3350
      ],
      "shouldPause": false
    },
    {
      "itemType": 92,
      "tilePositionOfsets": [
        3865
      ],
      "shouldPause": false
    },
    {
      "itemType": 76,
      "tilePositionOfsets": [
        3860
      ],
      "shouldPause": false
    },
    {
      "itemType": 342,
      "tilePositionOfsets": [
        4033
      ],
      "shouldPause": false
    },
    {
      "itemType": 75,
      "tilePositionOfsets": [
        5433
      ],
      "shouldPause": false
    },
    {
      "itemType": 75,
      "tilePositionOfsets": [
        4933
      ],
      "shouldPause": false
    },
    {
      "itemType": 75,
      "tilePositionOfsets": [
        4533
      ],
      "shouldPause": false
    },
    {
      "itemType": 25,
      "tilePositionOfsets": [
        6433,
        6333,
        6233
      ],
      "shouldPause": false
    },
    {
      "itemType": 185,
      "tilePositionOfsets": [
        6032
      ],
      "shouldPause": false
    },
    {
      "itemType": 184,
      "tilePositionOfsets": [
        6132
      ],
      "shouldPause": false
    },
    {
      "itemType": 183,
      "tilePositionOfsets": [
        6232
      ],
      "shouldPause": false
    },
    {
      "itemType": 182,
      "tilePositionOfsets": [
        6332
      ],
      "shouldPause": false
    },
    {
      "itemType": 181,
      "tilePositionOfsets": [
        6432
      ],
      "shouldPause": false
    },
    {
      "itemType": 110,
      "tilePositionOfsets": [
        6434
      ],
      "shouldPause": false
    },
    {
      "itemType": 25,
      "tilePositionOfsets": [
        6267,
        6167,
        6067
      ],
      "shouldPause": false
    },
    {
      "itemType": 185,
      "tilePositionOfsets": [
        5868
      ],
      "shouldPause": false
    },
    {
      "itemType": 184,
      "tilePositionOfsets": [
        5968
      ],
      "shouldPause": false
    },
    {
      "itemType": 183,
      "tilePositionOfsets": [
        6068
      ],
      "shouldPause": false
    },
    {
      "itemType": 182,
      "tilePositionOfsets": [
        6168
      ],
      "shouldPause": false
    },
    {
      "itemType": 181,
      "tilePositionOfsets": [
        6268
      ],
      "shouldPause": false
    },
    {
      "itemType": 110,
      "tilePositionOfsets": [
        6264
      ],
      "shouldPause": false
    },
    {
      "itemType": 106,
      "tilePositionOfsets": [
        7147,
        7148,
        7156,
        7157,
        7158,
        7159,
        7160,
        7161,
        7162,
        7163,
        7032,
        7033,
        7034,
        7035,
        7036,
        7037,
        7038,
        7039,
        7040,
        7041,
        7042,
        7043,
        7044,
        7045,
        7046,
        7047,
        7048,
        7054,
        7055,
        7056,
        7057,
        7058,
        7059,
        7060,
        7061,
        7062,
        7063,
        7064,
        7065,
        6929,
        6930,
        6931,
        6932,
        6933,
        6934,
        6935,
        6936,
        6937,
        6938,
        6939,
        6940,
        6941,
        6942,
        6943,
        6944,
        6945,
        6946,
        6947,
        6948,
        6954,
        6955,
        6956,
        6957,
        6961,
        6962,
        6963,
        6964,
        6965,
        6966,
        6967,
        6968,
        6969,
        6827,
        6828,
        6829,
        6830,
        6831,
        6832,
        6833,
        6834,
        6835,
        6836,
        6837,
        6838,
        6864,
        6865,
        6866,
        6867,
        6868,
        6869,
        6870,
        6725,
        6726,
        6727,
        6728,
        6767,
        6768,
        6769,
        6770,
        6771,
        6772,
        6622,
        6623,
        6624,
        6625,
        6670,
        6671,
        6672,
        6673,
        6674,
        6520,
        6521,
        6522,
        6523,
        6572,
        6573,
        6574,
        6575,
        6419,
        6420,
        6421,
        6422,
        6474,
        6475,
        6476,
        6318,
        6319,
        6320,
        6321,
        6375,
        6376,
        6377,
        6378,
        6216,
        6217,
        6218,
        6219,
        6220,
        6276,
        6277,
        6278,
        6279,
        6115,
        6116,
        6117,
        6118,
        6119,
        6177,
        6178,
        6179,
        6015,
        6016,
        6017,
        6018,
        6019,
        6078,
        6079,
        6080,
        5914,
        5915,
        5916,
        5917,
        5918,
        5979,
        5980,
        5981,
        5813,
        5814,
        5815,
        5816,
        5880,
        5881,
        5882,
        5713,
        5714,
        5715,
        5716,
        5780,
        5781,
        5782,
        5612,
        5613,
        5614,
        5615,
        5681,
        5682,
        5512,
        5513,
        5514,
        5581,
        5582,
        5583,
        5412,
        5413,
        5414,
        5481,
        5482,
        5483,
        5312,
        5313,
        5381,
        5382,
        5383,
        5211,
        5212,
        5213,
        5282,
        5283,
        5111,
        5112,
        5113,
        5182,
        5183,
        5011,
        5012,
        5013,
        5082,
        5083,
        5084,
        4912,
        4913,
        4982,
        4983,
        4984,
        4812,
        4813,
        4882,
        4883,
        4884,
        4712,
        4713,
        4714,
        4782,
        4783,
        4784,
        4612,
        4613,
        4614,
        4682,
        4683,
        4684,
        4512,
        4513,
        4514,
        4582,
        4583,
        4584,
        4414,
        4482,
        4483,
        4484,
        4313,
        4314,
        4382,
        4383,
        4384,
        4213,
        4214,
        4215,
        4282,
        4283,
        4113,
        4114,
        4115,
        4181,
        4182,
        4183,
        4013,
        4014,
        4015,
        4016,
        4081,
        4082,
        4083,
        3914,
        3915,
        3916,
        3981,
        3982,
        3983,
        3815,
        3816,
        3817,
        3880,
        3881,
        3882,
        3715,
        3716,
        3717,
        3780,
        3781,
        3616,
        3617,
        3618,
        3679,
        3680,
        3681,
        3516,
        3517,
        3518,
        3578,
        3579,
        3580,
        3581,
        3417,
        3418,
        3419,
        3478,
        3479,
        3480,
        3481,
        3317,
        3318,
        3319,
        3320,
        3377,
        3378,
        3379,
        3218,
        3219,
        3220,
        3276,
        3277,
        3278,
        3279,
        3119,
        3120,
        3121,
        3122,
        3123,
        3175,
        3176,
        3177,
        3178,
        3179,
        3019,
        3020,
        3021,
        3022,
        3023,
        3024,
        3025,
        3074,
        3075,
        3076,
        3077,
        3078,
        2921,
        2922,
        2923,
        2924,
        2925,
        2926,
        2927,
        2974,
        2975,
        2976,
        2977,
        2978,
        2822,
        2823,
        2824,
        2825,
        2826,
        2827,
        2828,
        2829,
        2872,
        2873,
        2874,
        2875,
        2876,
        2723,
        2724,
        2725,
        2726,
        2727,
        2728,
        2729,
        2730,
        2731,
        2732,
        2770,
        2771,
        2772,
        2773,
        2774,
        2775,
        2625,
        2626,
        2627,
        2628,
        2629,
        2630,
        2631,
        2632,
        2633,
        2634,
        2635,
        2669,
        2670,
        2671,
        2672,
        2673,
        2527,
        2528,
        2529,
        2530,
        2531,
        2532,
        2533,
        2534,
        2535,
        2536,
        2537,
        2538,
        2539,
        2540,
        2565,
        2566,
        2567,
        2568,
        2569,
        2570,
        2571,
        2572,
        2573,
        2428,
        2429,
        2430,
        2431,
        2432,
        2433,
        2434,
        2435,
        2436,
        2437,
        2438,
        2439,
        2440,
        2441,
        2442,
        2443,
        2444,
        2445,
        2446,
        2447,
        2448,
        2462,
        2463,
        2464,
        2465,
        2466,
        2467,
        2468,
        2469,
        2470,
        2471,
        2331,
        2332,
        2337,
        2338,
        2339,
        2340,
        2341,
        2342,
        2343,
        2344,
        2345,
        2346,
        2347,
        2348,
        2349,
        2350,
        2351,
        2352,
        2353,
        2354,
        2355,
        2359,
        2360,
        2361,
        2362,
        2363,
        2364,
        2365,
        2366,
        2367,
        2368,
        2369,
        2241,
        2242,
        2243,
        2244,
        2245,
        2246,
        2247,
        2248,
        2249,
        2250,
        2251,
        2252,
        2253,
        2254,
        2255,
        2256,
        2257,
        2258,
        2259,
        2260,
        2261,
        2262,
        2263,
        2151,
        2152,
        2153,
        2154,
        2155,
        2156,
        2157,
        2158,
        2159,
        2160
      ],
      "shouldPause": false
    },
    {
      "itemType": 106,
      "tilePositionOfsets": [
        7549,
        7550,
        7449,
        7348,
        7248
      ],
      "shouldPause": false
    },
    {
      "itemType": 74,
      "tilePositionOfsets": [
        4038
      ],
      "shouldPause": false
    },
    {
      "itemType": 92,
      "tilePositionOfsets": [
        3644
      ],
      "shouldPause": false
    },
    {
      "itemType": 75,
      "tilePositionOfsets": [
        4364
      ],
      "shouldPause": false
    },
    {
      "itemType": 75,
      "tilePositionOfsets": [
        4864
      ],
      "shouldPause": false
    },
    {
      "itemType": 75,
      "tilePositionOfsets": [
        5364
      ],
      "shouldPause": false
    },
    {
      "itemType": 75,
      "tilePositionOfsets": [
        5864
      ],
      "shouldPause": false
    },
    {
      "itemType": 92,
      "tilePositionOfsets": [
        4469
      ],
      "shouldPause": false
    },
    {
      "itemType": 342,
      "tilePositionOfsets": [
        5669
      ],
      "shouldPause": false
    },
    {
      "itemType": 25,
      "tilePositionOfsets": [
        3162,
        3062,
        2962
      ],
      "shouldPause": false
    },
    {
      "itemType": 185,
      "tilePositionOfsets": [
        3361
      ],
      "shouldPause": false
    },
    {
      "itemType": 184,
      "tilePositionOfsets": [
        3261
      ],
      "shouldPause": false
    },
    {
      "itemType": 183,
      "tilePositionOfsets": [
        3161
      ],
      "shouldPause": false
    },
    {
      "itemType": 182,
      "tilePositionOfsets": [
        3061
      ],
      "shouldPause": false
    },
    {
      "itemType": 181,
      "tilePositionOfsets": [
        2961
      ],
      "shouldPause": false
    },
    {
      "itemType": 110,
      "tilePositionOfsets": [
        3163
      ],
      "shouldPause": false
    },
    {
      "itemType": 25,
      "tilePositionOfsets": [
        3336,
        3236,
        3136
      ],
      "shouldPause": false
    },
    {
      "itemType": 185,
      "tilePositionOfsets": [
        3537
      ],
      "shouldPause": false
    },
    {
      "itemType": 184,
      "tilePositionOfsets": [
        3437
      ],
      "shouldPause": false
    },
    {
      "itemType": 183,
      "tilePositionOfsets": [
        3337
      ],
      "shouldPause": false
    },
    {
      "itemType": 182,
      "tilePositionOfsets": [
        3237
      ],
      "shouldPause": false
    },
    {
      "itemType": 181,
      "tilePositionOfsets": [
        3137
      ],
      "shouldPause": false
    },
    {
      "itemType": 110,
      "tilePositionOfsets": [
        3333
      ],
      "shouldPause": false
    },
    {
      "itemType": 106,
      "tilePositionOfsets": [
        7750,
        7751,
        7752,
        7753,
        7754,
        7760,
        7761,
        7762,
        7763,
        7764,
        7765,
        7766,
        7767,
        7768,
        7648,
        7649,
        7650,
        7651,
        7652,
        7653,
        7654,
        7655,
        7656,
        7657,
        7658,
        7659,
        7660,
        7661,
        7662,
        7663,
        7664,
        7665,
        7666,
        7667,
        7668,
        7669,
        7670,
        7671,
        7672,
        7530,
        7531,
        7532,
        7533,
        7534,
        7535,
        7536,
        7537,
        7538,
        7539,
        7540,
        7541,
        7542,
        7548,
        7557,
        7558,
        7559,
        7560,
        7561,
        7562,
        7563,
        7564,
        7565,
        7566,
        7567,
        7568,
        7569,
        7570,
        7571,
        7572,
        7573,
        7574,
        7575,
        7576,
        7423,
        7424,
        7425,
        7426,
        7427,
        7428,
        7429,
        7430,
        7431,
        7432,
        7433,
        7434,
        7435,
        7436,
        7437,
        7438,
        7439,
        7440,
        7441,
        7442,
        7448,
        7470,
        7471,
        7472,
        7473,
        7474,
        7475,
        7476,
        7320,
        7321,
        7322,
        7323,
        7324,
        7325,
        7326,
        7327,
        7328,
        7329,
        7330,
        7331,
        7332,
        7333,
        7334,
        7335,
        7336,
        7337,
        7373,
        7374,
        7375,
        7376,
        7377,
        7378,
        7218,
        7219,
        7220,
        7221,
        7222,
        7223,
        7224,
        7225,
        7226,
        7227,
        7228,
        7229,
        7230,
        7231,
        7276,
        7277,
        7278,
        7115,
        7116,
        7117,
        7118,
        7119,
        7120,
        7121,
        7122,
        7123,
        7124,
        7125,
        7177,
        7178,
        7179,
        7180,
        7014,
        7015,
        7016,
        7017,
        7018,
        7019,
        7020,
        7021,
        7022,
        7078,
        7079,
        7080,
        7081,
        7082,
        6913,
        6914,
        6915,
        6916,
        6917,
        6918,
        6919,
        6979,
        6980,
        6981,
        6982,
        6983,
        6984,
        6812,
        6813,
        6814,
        6815,
        6816,
        6817,
        6880,
        6881,
        6882,
        6883,
        6884,
        6712,
        6713,
        6714,
        6715,
        6781,
        6782,
        6783,
        6784,
        6785,
        6612,
        6613,
        6614,
        6615,
        6682,
        6683,
        6684,
        6685,
        6686,
        6512,
        6513,
        6583,
        6584,
        6585,
        6586,
        6411,
        6412,
        6413,
        6484,
        6485,
        6486,
        6487,
        6310,
        6311,
        6312,
        6385,
        6386,
        6387,
        6210,
        6211,
        6285,
        6286,
        6287,
        6288,
        6109,
        6110,
        6185,
        6186,
        6187,
        6188,
        6008,
        6009,
        6010,
        6086,
        6087,
        6088,
        6089,
        5908,
        5909,
        5910,
        5986,
        5987,
        5988,
        5989,
        5807,
        5808,
        5809,
        5886,
        5887,
        5888,
        5889,
        5707,
        5708,
        5709,
        5786,
        5787,
        5788,
        5789,
        5607,
        5608,
        5609,
        5686,
        5687,
        5688,
        5507,
        5508,
        5509,
        5587,
        5588,
        5407,
        5408,
        5409,
        5487,
        5488,
        5489,
        5307,
        5308,
        5309,
        5387,
        5388,
        5389,
        5207,
        5208,
        5209,
        5287,
        5288,
        5289,
        5107,
        5108,
        5109,
        5187,
        5188,
        5189,
        5007,
        5008,
        5009,
        5087,
        5088,
        5089,
        4907,
        4908,
        4909,
        4988,
        4989,
        4807,
        4808,
        4888,
        4889,
        4707,
        4708,
        4709,
        4788,
        4789,
        4607,
        4608,
        4609,
        4688,
        4689,
        4507,
        4508,
        4509,
        4588,
        4589,
        4407,
        4408,
        4409,
        4488,
        4489,
        4307,
        4308,
        4309,
        4387,
        4388,
        4389,
        4207,
        4208,
        4209,
        4287,
        4288,
        4289,
        4107,
        4108,
        4109,
        4187,
        4188,
        4189,
        4007,
        4008,
        4009,
        4086,
        4087,
        4088,
        4089,
        3907,
        3908,
        3909,
        3910,
        3986,
        3987,
        3988,
        3808,
        3809,
        3810,
        3886,
        3887,
        3888,
        3708,
        3709,
        3710,
        3711,
        3786,
        3787,
        3788,
        3608,
        3609,
        3610,
        3611,
        3685,
        3686,
        3687,
        3688,
        3509,
        3510,
        3511,
        3585,
        3586,
        3587,
        3588,
        3409,
        3410,
        3411,
        3412,
        3484,
        3485,
        3486,
        3487,
        3309,
        3310,
        3311,
        3312,
        3384,
        3385,
        3386,
        3387,
        3210,
        3211,
        3212,
        3213,
        3284,
        3285,
        3286,
        3287,
        3110,
        3111,
        3112,
        3113,
        3183,
        3184,
        3185,
        3186,
        3011,
        3012,
        3013,
        3083,
        3084,
        3085,
        3086,
        2911,
        2912,
        2913,
        2914,
        2915,
        2983,
        2984,
        2985,
        2811,
        2812,
        2813,
        2814,
        2815,
        2816,
        2881,
        2882,
        2883,
        2884,
        2885,
        2712,
        2713,
        2714,
        2715,
        2716,
        2780,
        2781,
        2782,
        2783,
        2784,
        2785,
        2613,
        2614,
        2615,
        2616,
        2617,
        2679,
        2680,
        2681,
        2682,
        2683,
        2514,
        2515,
        2516,
        2517,
        2518,
        2519,
        2578,
        2579,
        2580,
        2581,
        2582,
        2583,
        2415,
        2416,
        2417,
        2418,
        2419,
        2420,
        2476,
        2477,
        2478,
        2479,
        2480,
        2481,
        2315,
        2316,
        2317,
        2318,
        2319,
        2320,
        2321,
        2322,
        2375,
        2376,
        2377,
        2378,
        2379,
        2217,
        2218,
        2219,
        2220,
        2221,
        2222,
        2223,
        2224,
        2225,
        2273,
        2274,
        2275,
        2276,
        2277,
        2118,
        2119,
        2120,
        2121,
        2122,
        2123,
        2124,
        2125,
        2126,
        2127,
        2128,
        2129,
        2171,
        2172,
        2173,
        2174,
        2175,
        2176,
        2021,
        2022,
        2023,
        2024,
        2025,
        2026,
        2027,
        2028,
        2029,
        2030,
        2031,
        2066,
        2067,
        2068,
        2069,
        2070,
        2071,
        2072,
        2073,
        2074,
        2075,
        1924,
        1925,
        1926,
        1927,
        1928,
        1929,
        1930,
        1931,
        1932,
        1933,
        1934,
        1935,
        1936,
        1937,
        1938,
        1939,
        1940,
        1941,
        1961,
        1962,
        1963,
        1964,
        1965,
        1966,
        1967,
        1968,
        1969,
        1970,
        1971,
        1828,
        1829,
        1830,
        1831,
        1832,
        1833,
        1834,
        1835,
        1836,
        1837,
        1838,
        1839,
        1840,
        1841,
        1842,
        1843,
        1844,
        1845,
        1846,
        1847,
        1848,
        1849,
        1850,
        1851,
        1852,
        1857,
        1858,
        1859,
        1860,
        1861,
        1862,
        1863,
        1864,
        1865,
        1866,
        1867,
        1868,
        1730,
        1731,
        1732,
        1733,
        1734,
        1735,
        1736,
        1737,
        1738,
        1739,
        1740,
        1741,
        1742,
        1743,
        1744,
        1745,
        1746,
        1747,
        1748,
        1749,
        1750,
        1751,
        1752,
        1753,
        1754,
        1755,
        1756,
        1757,
        1758,
        1759,
        1760,
        1761,
        1762,
        1763,
        1764,
        1765,
        1640,
        1641,
        1642,
        1643,
        1644,
        1645,
        1646,
        1647,
        1648,
        1649,
        1650,
        1651,
        1652,
        1653,
        1654,
        1655,
        1656,
        1657,
        1658,
        1659,
        1660,
        1661,
        1662,
        1663,
        1551,
        1552,
        1553,
        1554,
        1555,
        1556
      ],
      "shouldPause": false
    },
    {
      "itemType": 106,
      "tilePositionOfsets": [
        7466,
        7467,
        7468,
        7469,
        7370,
        7371,
        7372,
        7272,
        7273,
        7274,
        7275,
        7174,
        7175,
        7176,
        7075,
        7076,
        7077,
        6977,
        6978,
        6878,
        6879,
        6779,
        6780,
        6680,
        6681,
        6582,
        6482,
        6483,
        6383,
        6384,
        6284
      ],
      "shouldPause": false
    },
    {
      "itemType": 106,
      "tilePositionOfsets": [
        4006
      ],
      "shouldPause": false
    },
    {
      "itemType": 106,
      "tilePositionOfsets": [
        8648,
        8649,
        8540,
        8541,
        8542,
        8548,
        8549,
        8550,
        8551,
        8438,
        8439,
        8440,
        8441,
        8442,
        8448,
        8449,
        8450,
        8451,
        8337,
        8338,
        8339,
        8340,
        8341,
        8342,
        8348,
        8349,
        8350,
        8351,
        8352,
        8353,
        8236,
        8237,
        8238,
        8239,
        8240,
        8241,
        8242,
        8248,
        8249,
        8250,
        8251,
        8252,
        8253,
        8135,
        8136,
        8137,
        8138,
        8139,
        8140,
        8141,
        8142,
        8148,
        8149,
        8150,
        8151,
        8152,
        8153,
        8154,
        8155,
        8033,
        8034,
        8035,
        8036,
        8037,
        8038,
        8039,
        8040,
        8041,
        8042,
        8048,
        8049,
        8050,
        8051,
        8052,
        8053,
        8054,
        8055,
        8056,
        8057,
        8058,
        7931,
        7932,
        7933,
        7934,
        7935,
        7936,
        7937,
        7938,
        7939,
        7940,
        7941,
        7942,
        7948,
        7949,
        7950,
        7951,
        7952,
        7953,
        7954,
        7955,
        7956,
        7957,
        7958,
        7959,
        7960,
        7829,
        7830,
        7831,
        7832,
        7833,
        7834,
        7835,
        7836,
        7837,
        7838,
        7839,
        7840,
        7841,
        7842,
        7848,
        7849,
        7850,
        7851,
        7852,
        7853,
        7854,
        7855,
        7856,
        7857,
        7858,
        7859,
        7860,
        7861,
        7862,
        7863,
        7864,
        7728,
        7729,
        7730,
        7731,
        7732,
        7733,
        7734,
        7735,
        7736,
        7737,
        7738,
        7739,
        7740,
        7741,
        7742,
        7748,
        7749,
        7755,
        7756,
        7757,
        7758,
        7759,
        7626,
        7627,
        7628,
        7629,
        7630,
        7631,
        7632,
        7633,
        7634,
        7635,
        7636,
        7637,
        7638,
        7639,
        7640,
        7641,
        7642,
        7524,
        7525,
        7526,
        7527,
        7528,
        7529,
        7422
      ],
      "shouldPause": false
    },
    {
      "itemType": 106,
      "tilePositionOfsets": [
        8552,
        8553,
        8554,
        8434,
        8435,
        8436,
        8437,
        8452,
        8453,
        8454,
        8455,
        8456,
        8331,
        8332,
        8333,
        8334,
        8335,
        8336,
        8354,
        8355,
        8356,
        8357,
        8358,
        8359,
        8360,
        8229,
        8230,
        8231,
        8232,
        8233,
        8234,
        8235,
        8254,
        8255,
        8256,
        8257,
        8258,
        8259,
        8260,
        8261,
        8262,
        8128,
        8129,
        8130,
        8131,
        8132,
        8133,
        8134,
        8156,
        8157,
        8158,
        8159,
        8160,
        8161,
        8162,
        8163,
        8164,
        8024,
        8025,
        8026,
        8027,
        8028,
        8029,
        8030,
        8031,
        8032,
        8059,
        8060,
        8061,
        8062,
        8063,
        8064,
        8065,
        8066,
        8067,
        7922,
        7923,
        7924,
        7925,
        7926,
        7927,
        7928,
        7929,
        7930,
        7961,
        7962,
        7963,
        7964,
        7965,
        7966,
        7967,
        7968,
        7969,
        7970,
        7820,
        7821,
        7822,
        7823,
        7824,
        7825,
        7826,
        7827,
        7828,
        7865,
        7866,
        7867,
        7868,
        7869,
        7870,
        7871,
        7872,
        7873,
        7717,
        7718,
        7719,
        7720,
        7721,
        7722,
        7723,
        7724,
        7725,
        7726,
        7727,
        7769,
        7770,
        7771,
        7772,
        7773,
        7774,
        7775,
        7776,
        7616,
        7617,
        7618,
        7619,
        7620,
        7621,
        7622,
        7623,
        7624,
        7625,
        7673,
        7674,
        7675,
        7676,
        7677,
        7678,
        7679,
        7680,
        7514,
        7515,
        7516,
        7517,
        7518,
        7519,
        7520,
        7521,
        7522,
        7523,
        7577,
        7578,
        7579,
        7580,
        7581,
        7582,
        7583,
        7413,
        7414,
        7415,
        7416,
        7417,
        7418,
        7419,
        7420,
        7421,
        7477,
        7478,
        7479,
        7480,
        7481,
        7482,
        7483,
        7484,
        7312,
        7313,
        7314,
        7315,
        7316,
        7317,
        7318,
        7319,
        7379,
        7380,
        7381,
        7382,
        7383,
        7384,
        7385,
        7211,
        7212,
        7213,
        7214,
        7215,
        7216,
        7217,
        7279,
        7280,
        7281,
        7282,
        7283,
        7284,
        7285,
        7286,
        7287,
        7110,
        7111,
        7112,
        7113,
        7114,
        7181,
        7182,
        7183,
        7184,
        7185,
        7186,
        7187,
        7188,
        7009,
        7010,
        7011,
        7012,
        7013,
        7083,
        7084,
        7085,
        7086,
        7087,
        7088,
        7089,
        6908,
        6909,
        6910,
        6911,
        6912,
        6985,
        6986,
        6987,
        6988,
        6989,
        6990,
        6807,
        6808,
        6809,
        6810,
        6811,
        6885,
        6886,
        6887,
        6888,
        6889,
        6890,
        6891,
        6706,
        6707,
        6708,
        6709,
        6710,
        6711,
        6786,
        6787,
        6788,
        6789,
        6790,
        6791,
        6606,
        6607,
        6608,
        6609,
        6610,
        6611,
        6687,
        6688,
        6689,
        6690,
        6691,
        6692,
        6505,
        6506,
        6507,
        6508,
        6509,
        6510,
        6511,
        6587,
        6588,
        6589,
        6590,
        6591,
        6592,
        6593,
        6404,
        6405,
        6406,
        6407,
        6408,
        6409,
        6410,
        6488,
        6489,
        6490,
        6491,
        6492,
        6493,
        6304,
        6305,
        6306,
        6307,
        6308,
        6309,
        6388,
        6389,
        6390,
        6391,
        6392,
        6393,
        6394,
        6204,
        6205,
        6206,
        6207,
        6208,
        6209,
        6289,
        6290,
        6291,
        6292,
        6293,
        6294,
        6104,
        6105,
        6106,
        6107,
        6108,
        6189,
        6190,
        6191,
        6192,
        6193,
        6194,
        6003,
        6004,
        6005,
        6006,
        6007,
        6090,
        6091,
        6092,
        6093,
        6094,
        5903,
        5904,
        5905,
        5906,
        5907,
        5990,
        5991,
        5992,
        5993,
        5994,
        5995,
        5803,
        5804,
        5805,
        5806,
        5890,
        5891,
        5892,
        5893,
        5894,
        5895,
        5702,
        5703,
        5704,
        5705,
        5706,
        5790,
        5791,
        5792,
        5793,
        5794,
        5795,
        5602,
        5603,
        5604,
        5605,
        5606,
        5689,
        5690,
        5691,
        5692,
        5693,
        5694,
        5695,
        5502,
        5503,
        5504,
        5505,
        5506,
        5589,
        5590,
        5591,
        5592,
        5593,
        5594,
        5595,
        5402,
        5403,
        5404,
        5405,
        5406,
        5490,
        5491,
        5492,
        5493,
        5494,
        5495,
        5302,
        5303,
        5304,
        5305,
        5306,
        5390,
        5391,
        5392,
        5393,
        5394,
        5395,
        5202,
        5203,
        5204,
        5205,
        5206,
        5290,
        5291,
        5292,
        5293,
        5294,
        5295,
        5102,
        5103,
        5104,
        5105,
        5106,
        5190,
        5191,
        5192,
        5193,
        5194,
        5195,
        5002,
        5003,
        5004,
        5005,
        5006,
        5090,
        5091,
        5092,
        5093,
        5094,
        5095,
        4902,
        4903,
        4904,
        4905,
        4906,
        4990,
        4991,
        4992,
        4993,
        4994,
        4995,
        4802,
        4803,
        4804,
        4805,
        4806,
        4890,
        4891,
        4892,
        4893,
        4894,
        4895,
        4702,
        4703,
        4704,
        4705,
        4706,
        4790,
        4791,
        4792,
        4793,
        4794,
        4795,
        4602,
        4603,
        4604,
        4605,
        4606,
        4690,
        4691,
        4692,
        4693,
        4694,
        4695,
        4502,
        4503,
        4504,
        4505,
        4506,
        4590,
        4591,
        4592,
        4593,
        4594,
        4595,
        4402,
        4403,
        4404,
        4405,
        4406,
        4490,
        4491,
        4492,
        4493,
        4494,
        4495,
        4302,
        4303,
        4304,
        4305,
        4306,
        4390,
        4391,
        4392,
        4393,
        4394,
        4395,
        4202,
        4203,
        4204,
        4205,
        4206,
        4290,
        4291,
        4292,
        4293,
        4294,
        4295,
        4102,
        4103,
        4104,
        4105,
        4106,
        4190,
        4191,
        4192,
        4193,
        4194,
        4003,
        4004,
        4005,
        4090,
        4091,
        4092,
        4093,
        4094,
        4095,
        3903,
        3904,
        3905,
        3906,
        3989,
        3990,
        3991,
        3992,
        3993,
        3994,
        3995,
        3803,
        3804,
        3805,
        3806,
        3807,
        3889,
        3890,
        3891,
        3892,
        3893,
        3894,
        3895,
        3703,
        3704,
        3705,
        3706,
        3707,
        3789,
        3790,
        3791,
        3792,
        3793,
        3794,
        3604,
        3605,
        3606,
        3607,
        3689,
        3690,
        3691,
        3692,
        3693,
        3694,
        3504,
        3505,
        3506,
        3507,
        3508,
        3589,
        3590,
        3591,
        3592,
        3593,
        3594,
        3405,
        3406,
        3407,
        3408,
        3488,
        3489,
        3490,
        3491,
        3492,
        3493,
        3305,
        3306,
        3307,
        3308,
        3388,
        3389,
        3390,
        3391,
        3392,
        3393,
        3206,
        3207,
        3208,
        3209,
        3288,
        3289,
        3290,
        3291,
        3292,
        3106,
        3107,
        3108,
        3109,
        3187,
        3188,
        3189,
        3190,
        3191,
        3192,
        3006,
        3007,
        3008,
        3009,
        3010,
        3087,
        3088,
        3089,
        3090,
        3091,
        3092,
        2907,
        2908,
        2909,
        2910,
        2986,
        2987,
        2988,
        2989,
        2990,
        2991,
        2992,
        2807,
        2808,
        2809,
        2810,
        2886,
        2887,
        2888,
        2889,
        2890,
        2891,
        2892,
        2708,
        2709,
        2710,
        2711,
        2786,
        2787,
        2788,
        2789,
        2790,
        2608,
        2609,
        2610,
        2611,
        2612,
        2684,
        2685,
        2686,
        2687,
        2688,
        2689,
        2690,
        2509,
        2510,
        2511,
        2512,
        2513,
        2584,
        2585,
        2586,
        2587,
        2588,
        2589,
        2590,
        2409,
        2410,
        2411,
        2412,
        2413,
        2414,
        2482,
        2483,
        2484,
        2485,
        2486,
        2487,
        2488,
        2489,
        2490,
        2310,
        2311,
        2312,
        2313,
        2314,
        2380,
        2381,
        2382,
        2383,
        2384,
        2385,
        2386,
        2387,
        2388,
        2389,
        2390,
        2210,
        2211,
        2212,
        2213,
        2214,
        2215,
        2216,
        2278,
        2279,
        2280,
        2281,
        2282,
        2283,
        2284,
        2285,
        2286,
        2287,
        2288,
        2289,
        2111,
        2112,
        2113,
        2114,
        2115,
        2116,
        2117,
        2177,
        2178,
        2179,
        2180,
        2181,
        2182,
        2183,
        2184,
        2185,
        2186,
        2187,
        2188,
        2012,
        2013,
        2014,
        2015,
        2016,
        2017,
        2018,
        2019,
        2020,
        2076,
        2077,
        2078,
        2079,
        2080,
        2081,
        2082,
        2083,
        2084,
        2085,
        2086,
        1913,
        1914,
        1915,
        1916,
        1917,
        1918,
        1919,
        1920,
        1921,
        1922,
        1923,
        1972,
        1973,
        1974,
        1975,
        1976,
        1977,
        1978,
        1979,
        1980,
        1981,
        1982,
        1983,
        1984,
        1814,
        1815,
        1816,
        1817,
        1818,
        1819,
        1820,
        1821,
        1822,
        1823,
        1824,
        1825,
        1826,
        1827,
        1869,
        1870,
        1871,
        1872,
        1873,
        1874,
        1875,
        1876,
        1877,
        1878,
        1879,
        1880,
        1881,
        1882,
        1883,
        1884,
        1715,
        1716,
        1717,
        1718,
        1719,
        1720,
        1721,
        1722,
        1723,
        1724,
        1725,
        1726,
        1727,
        1728,
        1729,
        1766,
        1767,
        1768,
        1769,
        1770,
        1771,
        1772,
        1773,
        1774,
        1775,
        1776,
        1777,
        1778,
        1779,
        1780,
        1781,
        1616,
        1617,
        1618,
        1619,
        1620,
        1621,
        1622,
        1623,
        1624,
        1625,
        1626,
        1627,
        1628,
        1629,
        1630,
        1631,
        1632,
        1633,
        1634,
        1635,
        1636,
        1637,
        1638,
        1639,
        1664,
        1665,
        1666,
        1667,
        1668,
        1669,
        1670,
        1671,
        1672,
        1673,
        1674,
        1675,
        1676,
        1677,
        1678,
        1679,
        1680,
        1516,
        1517,
        1518,
        1519,
        1520,
        1521,
        1522,
        1523,
        1524,
        1525,
        1526,
        1527,
        1528,
        1529,
        1530,
        1531,
        1532,
        1533,
        1534,
        1535,
        1536,
        1537,
        1538,
        1539,
        1540,
        1541,
        1542,
        1543,
        1544,
        1545,
        1546,
        1547,
        1548,
        1549,
        1550,
        1557,
        1558,
        1559,
        1560,
        1561,
        1562,
        1563,
        1564,
        1565,
        1566,
        1567,
        1568,
        1569,
        1570,
        1571,
        1572,
        1573,
        1574,
        1575,
        1576,
        1577,
        1418,
        1419,
        1420,
        1421,
        1422,
        1423,
        1424,
        1425,
        1426,
        1427,
        1428,
        1429,
        1430,
        1431,
        1432,
        1433,
        1434,
        1435,
        1436,
        1437,
        1438,
        1439,
        1440,
        1441,
        1442,
        1443,
        1444,
        1445,
        1446,
        1447,
        1448,
        1449,
        1450,
        1451,
        1452,
        1453,
        1454,
        1455,
        1456,
        1457,
        1458,
        1459,
        1460,
        1461,
        1462,
        1463,
        1464,
        1465,
        1466,
        1467,
        1468,
        1469,
        1470,
        1471,
        1472,
        1473,
        1474,
        1475,
        1476,
        1320,
        1321,
        1322,
        1323,
        1324,
        1325,
        1326,
        1327,
        1328,
        1329,
        1330,
        1331,
        1332,
        1333,
        1334,
        1335,
        1336,
        1337,
        1338,
        1339,
        1340,
        1341,
        1342,
        1343,
        1344,
        1345,
        1346,
        1347,
        1348,
        1349,
        1350,
        1351,
        1352,
        1353,
        1354,
        1355,
        1356,
        1357,
        1358,
        1359,
        1360,
        1361,
        1362,
        1363,
        1364,
        1365,
        1366,
        1367,
        1368,
        1369,
        1370,
        1371,
        1372,
        1373,
        1221,
        1222,
        1223,
        1224,
        1225,
        1226,
        1227,
        1228,
        1229,
        1230,
        1231,
        1232,
        1233,
        1234,
        1235,
        1236,
        1237,
        1238,
        1239,
        1240,
        1241,
        1242,
        1243,
        1244,
        1245,
        1246,
        1247,
        1248,
        1249,
        1250,
        1251,
        1252,
        1253,
        1254,
        1255,
        1256,
        1257,
        1258,
        1259,
        1260,
        1261,
        1262,
        1263,
        1264,
        1265,
        1266,
        1267,
        1268,
        1269,
        1270,
        1271,
        1132,
        1133,
        1134,
        1135,
        1136,
        1137,
        1138,
        1139,
        1140,
        1141,
        1142,
        1143,
        1144,
        1145,
        1146,
        1147,
        1148,
        1149,
        1150,
        1151,
        1152,
        1153,
        1154,
        1155,
        1156,
        1157,
        1158,
        1159,
        1160,
        1161,
        1162,
        1163,
        1164,
        1165,
        1166,
        1167,
        1168,
        1169,
        1045,
        1046,
        1047,
        1048,
        1049,
        1050,
        1051,
        1052,
        1053,
        1054,
        1055,
        1056,
        1057,
        1058,
        1059,
        1060,
        1061,
        1062,
        1063,
        1064
      ],
      "shouldPause": false
    },
    {
      "itemType": 144,
      "tilePositionOfsets": [
        7843
      ],
      "shouldPause": false
    },
    {
      "itemType": 144,
      "tilePositionOfsets": [
        8643
      ],
      "shouldPause": false
    },
    {
      "itemType": 313,
      "tilePositionOfsets": [
        4075
      ],
      "shouldPause": false
    },
    {
      "itemType": 313,
      "tilePositionOfsets": [
        3874
      ],
      "shouldPause": false
    },
    {
      "itemType": 313,
      "tilePositionOfsets": [
        3471
      ],
      "shouldPause": false
    },
    {
      "itemType": 313,
      "tilePositionOfsets": [
        3270
      ],
      "shouldPause": false
    },
    {
      "itemType": 313,
      "tilePositionOfsets": [
        3068
      ],
      "shouldPause": false
    },
    {
      "itemType": 313,
      "tilePositionOfsets": [
        2863
      ],
      "shouldPause": false
    },
    {
      "itemType": 313,
      "tilePositionOfsets": [
        2758
      ],
      "shouldPause": false
    },
    {
      "itemType": 313,
      "tilePositionOfsets": [
        2756
      ],
      "shouldPause": false
    },
    {
      "itemType": 313,
      "tilePositionOfsets": [
        2752
      ],
      "shouldPause": false
    },
    {
      "itemType": 313,
      "tilePositionOfsets": [
        2750
      ],
      "shouldPause": false
    },
    {
      "itemType": 313,
      "tilePositionOfsets": [
        2843
      ],
      "shouldPause": false
    },
    {
      "itemType": 313,
      "tilePositionOfsets": [
        2937
      ],
      "shouldPause": false
    },
    {
      "itemType": 313,
      "tilePositionOfsets": [
        3034
      ],
      "shouldPause": false
    },
    {
      "itemType": 313,
      "tilePositionOfsets": [
        3131
      ],
      "shouldPause": false
    },
    {
      "itemType": 313,
      "tilePositionOfsets": [
        3331
      ],
      "shouldPause": false
    },
    {
      "itemType": 313,
      "tilePositionOfsets": [
        3429
      ],
      "shouldPause": false
    },
    {
      "itemType": 313,
      "tilePositionOfsets": [
        3525
      ],
      "shouldPause": false
    },
    {
      "itemType": 313,
      "tilePositionOfsets": [
        3523
      ],
      "shouldPause": false
    },
    {
      "itemType": 313,
      "tilePositionOfsets": [
        3821
      ],
      "shouldPause": false
    },
    {
      "itemType": 313,
      "tilePositionOfsets": [
        6297
      ],
      "shouldPause": false
    },
    {
      "itemType": 313,
      "tilePositionOfsets": [
        4221
      ],
      "shouldPause": false
    },
    {
      "itemType": 313,
      "tilePositionOfsets": [
        4219
      ],
      "shouldPause": false
    },
    {
      "itemType": 313,
      "tilePositionOfsets": [
        4419
      ],
      "shouldPause": false
    },
    {
      "itemType": 313,
      "tilePositionOfsets": [
        4717
      ],
      "shouldPause": false
    },
    {
      "itemType": 313,
      "tilePositionOfsets": [
        4917
      ],
      "shouldPause": false
    },
    {
      "itemType": 318,
      "tilePositionOfsets": [
        5117
      ],
      "shouldPause": false
    },
    {
      "itemType": 318,
      "tilePositionOfsets": [
        4421
      ],
      "shouldPause": false
    },
    {
      "itemType": 318,
      "tilePositionOfsets": [
        4517
      ],
      "shouldPause": false
    },
    {
      "itemType": 318,
      "tilePositionOfsets": [
        4021
      ],
      "shouldPause": false
    },
    {
      "itemType": 318,
      "tilePositionOfsets": [
        3427
      ],
      "shouldPause": false
    },
    {
      "itemType": 318,
      "tilePositionOfsets": [
        3531
      ],
      "shouldPause": false
    },
    {
      "itemType": 318,
      "tilePositionOfsets": [
        2841
      ],
      "shouldPause": false
    },
    {
      "itemType": 318,
      "tilePositionOfsets": [
        2754
      ],
      "shouldPause": false
    },
    {
      "itemType": 313,
      "tilePositionOfsets": [
        3674
      ],
      "shouldPause": false
    },
    {
      "itemType": 313,
      "tilePositionOfsets": [
        3368
      ],
      "shouldPause": false
    },
    {
      "itemType": 313,
      "tilePositionOfsets": [
        2966
      ],
      "shouldPause": false
    },
    {
      "itemType": 313,
      "tilePositionOfsets": [
        3166
      ],
      "shouldPause": false
    },
    {
      "itemType": 313,
      "tilePositionOfsets": [
        4578
      ],
      "shouldPause": false
    },
    {
      "itemType": 313,
      "tilePositionOfsets": [
        4778
      ],
      "shouldPause": false
    },
    {
      "itemType": 318,
      "tilePositionOfsets": [
        5078
      ],
      "shouldPause": false
    },
    {
      "itemType": 318,
      "tilePositionOfsets": [
        5277
      ],
      "shouldPause": false
    },
    {
      "itemType": 318,
      "tilePositionOfsets": [
        5577
      ],
      "shouldPause": false
    },
    {
      "itemType": 98,
      "tilePositionOfsets": [
        7249
      ],
      "shouldPause": false
    },
    {
      "itemType": 98,
      "tilePositionOfsets": [
        7252
      ],
      "shouldPause": false
    },
    {
      "itemType": 98,
      "tilePositionOfsets": [
        7253
      ],
      "shouldPause": false
    },
    {
      "itemType": 98,
      "tilePositionOfsets": [
        7352
      ],
      "shouldPause": false
    },
    {
      "itemType": 98,
      "tilePositionOfsets": [
        7351
      ],
      "shouldPause": false
    },
    {
      "itemType": 98,
      "tilePositionOfsets": [
        7349
      ],
      "shouldPause": false
    },
    {
      "itemType": 98,
      "tilePositionOfsets": [
        7154
      ],
      "shouldPause": false
    },
    {
      "itemType": 98,
      "tilePositionOfsets": [
        7155
      ],
      "shouldPause": false
    },
    {
      "itemType": 98,
      "tilePositionOfsets": [
        7347
      ],
      "shouldPause": false
    },
    {
      "itemType": 98,
      "tilePositionOfsets": [
        7344
      ],
      "shouldPause": false
    },
    {
      "itemType": 98,
      "tilePositionOfsets": [
        7343
      ],
      "shouldPause": false
    },
    {
      "itemType": 98,
      "tilePositionOfsets": [
        7243
      ],
      "shouldPause": false
    },
    {
      "itemType": 98,
      "tilePositionOfsets": [
        7146
      ],
      "shouldPause": false
    },
    {
      "itemType": 98,
      "tilePositionOfsets": [
        7145
      ],
      "shouldPause": false
    },
    {
      "itemType": 98,
      "tilePositionOfsets": [
        7143
      ],
      "shouldPause": false
    },
    {
      "itemType": 98,
      "tilePositionOfsets": [
        8147
      ],
      "shouldPause": false
    },
    {
      "itemType": 98,
      "tilePositionOfsets": [
        7945
      ],
      "shouldPause": false
    },
    {
      "itemType": 98,
      "tilePositionOfsets": [
        8043
      ],
      "shouldPause": false
    },
    {
      "itemType": 98,
      "tilePositionOfsets": [
        8143
      ],
      "shouldPause": false
    },
    {
      "itemType": 98,
      "tilePositionOfsets": [
        7946
      ],
      "shouldPause": false
    },
    {
      "itemType": 98,
      "tilePositionOfsets": [
        7947
      ],
      "shouldPause": false
    },
    {
      "itemType": 98,
      "tilePositionOfsets": [
        8146
      ],
      "shouldPause": false
    },
    {
      "itemType": 98,
      "tilePositionOfsets": [
        7944
      ],
      "shouldPause": false
    },
    {
      "itemType": 98,
      "tilePositionOfsets": [
        8144
      ],
      "shouldPause": false
    },
    {
      "itemType": 98,
      "tilePositionOfsets": [
        7141
      ],
      "shouldPause": false
    },
    {
      "itemType": 98,
      "tilePositionOfsets": [
        7240
      ],
      "shouldPause": false
    },
    {
      "itemType": 98,
      "tilePositionOfsets": [
        7341
      ],
      "shouldPause": false
    },
    {
      "itemType": 98,
      "tilePositionOfsets": [
        7136
      ],
      "shouldPause": false
    },
    {
      "itemType": 98,
      "tilePositionOfsets": [
        7239
      ],
      "shouldPause": false
    },
    {
      "itemType": 98,
      "tilePositionOfsets": [
        7237
      ],
      "shouldPause": false
    },
    {
      "itemType": 98,
      "tilePositionOfsets": [
        7133
      ],
      "shouldPause": false
    },
    {
      "itemType": 98,
      "tilePositionOfsets": [
        7130
      ],
      "shouldPause": false
    },
    {
      "itemType": 98,
      "tilePositionOfsets": [
        7238
      ],
      "shouldPause": false
    },
    {
      "itemType": 98,
      "tilePositionOfsets": [
        7132
      ],
      "shouldPause": false
    },
    {
      "itemType": 98,
      "tilePositionOfsets": [
        7234
      ],
      "shouldPause": false
    },
    {
      "itemType": 98,
      "tilePositionOfsets": [
        7338
      ],
      "shouldPause": false
    },
    {
      "itemType": 98,
      "tilePositionOfsets": [
        7340
      ],
      "shouldPause": false
    },
    {
      "itemType": 98,
      "tilePositionOfsets": [
        7135
      ],
      "shouldPause": false
    },
    {
      "itemType": 98,
      "tilePositionOfsets": [
        7134
      ],
      "shouldPause": false
    },
    {
      "itemType": 98,
      "tilePositionOfsets": [
        7138
      ],
      "shouldPause": false
    },
    {
      "itemType": 98,
      "tilePositionOfsets": [
        6823
      ],
      "shouldPause": false
    },
    {
      "itemType": 98,
      "tilePositionOfsets": [
        6928
      ],
      "shouldPause": false
    },
    {
      "itemType": 98,
      "tilePositionOfsets": [
        7031
      ],
      "shouldPause": false
    },
    {
      "itemType": 98,
      "tilePositionOfsets": [
        7029
      ],
      "shouldPause": false
    },
    {
      "itemType": 98,
      "tilePositionOfsets": [
        6824
      ],
      "shouldPause": false
    },
    {
      "itemType": 98,
      "tilePositionOfsets": [
        7129
      ],
      "shouldPause": false
    },
    {
      "itemType": 98,
      "tilePositionOfsets": [
        6925
      ],
      "shouldPause": false
    },
    {
      "itemType": 98,
      "tilePositionOfsets": [
        7126
      ],
      "shouldPause": false
    },
    {
      "itemType": 98,
      "tilePositionOfsets": [
        6619
      ],
      "shouldPause": false
    },
    {
      "itemType": 98,
      "tilePositionOfsets": [
        6821
      ],
      "shouldPause": false
    },
    {
      "itemType": 98,
      "tilePositionOfsets": [
        6924
      ],
      "shouldPause": false
    },
    {
      "itemType": 98,
      "tilePositionOfsets": [
        7023
      ],
      "shouldPause": false
    },
    {
      "itemType": 98,
      "tilePositionOfsets": [
        6818
      ],
      "shouldPause": false
    },
    {
      "itemType": 98,
      "tilePositionOfsets": [
        6617
      ],
      "shouldPause": false
    },
    {
      "itemType": 98,
      "tilePositionOfsets": [
        6920
      ],
      "shouldPause": false
    },
    {
      "itemType": 98,
      "tilePositionOfsets": [
        6214
      ],
      "shouldPause": false
    },
    {
      "itemType": 98,
      "tilePositionOfsets": [
        6418
      ],
      "shouldPause": false
    },
    {
      "itemType": 98,
      "tilePositionOfsets": [
        6621
      ],
      "shouldPause": false
    },
    {
      "itemType": 98,
      "tilePositionOfsets": [
        6721
      ],
      "shouldPause": false
    },
    {
      "itemType": 98,
      "tilePositionOfsets": [
        6720
      ],
      "shouldPause": false
    },
    {
      "itemType": 98,
      "tilePositionOfsets": [
        6616
      ],
      "shouldPause": false
    },
    {
      "itemType": 98,
      "tilePositionOfsets": [
        6414
      ],
      "shouldPause": false
    },
    {
      "itemType": 98,
      "tilePositionOfsets": [
        6213
      ],
      "shouldPause": false
    },
    {
      "itemType": 98,
      "tilePositionOfsets": [
        6313
      ],
      "shouldPause": false
    },
    {
      "itemType": 98,
      "tilePositionOfsets": [
        6516
      ],
      "shouldPause": false
    },
    {
      "itemType": 98,
      "tilePositionOfsets": [
        6112
      ],
      "shouldPause": false
    },
    {
      "itemType": 98,
      "tilePositionOfsets": [
        5710
      ],
      "shouldPause": false
    },
    {
      "itemType": 98,
      "tilePositionOfsets": [
        5611
      ],
      "shouldPause": false
    },
    {
      "itemType": 98,
      "tilePositionOfsets": [
        6114
      ],
      "shouldPause": false
    },
    {
      "itemType": 98,
      "tilePositionOfsets": [
        6013
      ],
      "shouldPause": false
    },
    {
      "itemType": 98,
      "tilePositionOfsets": [
        5711
      ],
      "shouldPause": false
    },
    {
      "itemType": 98,
      "tilePositionOfsets": [
        5812
      ],
      "shouldPause": false
    },
    {
      "itemType": 98,
      "tilePositionOfsets": [
        4811
      ],
      "shouldPause": false
    },
    {
      "itemType": 98,
      "tilePositionOfsets": [
        5310
      ],
      "shouldPause": false
    },
    {
      "itemType": 98,
      "tilePositionOfsets": [
        4610
      ],
      "shouldPause": false
    },
    {
      "itemType": 98,
      "tilePositionOfsets": [
        5110
      ],
      "shouldPause": false
    },
    {
      "itemType": 98,
      "tilePositionOfsets": [
        5210
      ],
      "shouldPause": false
    },
    {
      "itemType": 98,
      "tilePositionOfsets": [
        4910
      ],
      "shouldPause": false
    },
    {
      "itemType": 98,
      "tilePositionOfsets": [
        4611
      ],
      "shouldPause": false
    },
    {
      "itemType": 98,
      "tilePositionOfsets": [
        4412
      ],
      "shouldPause": false
    },
    {
      "itemType": 98,
      "tilePositionOfsets": [
        4510
      ],
      "shouldPause": false
    },
    {
      "itemType": 98,
      "tilePositionOfsets": [
        4010
      ],
      "shouldPause": false
    },
    {
      "itemType": 98,
      "tilePositionOfsets": [
        4210
      ],
      "shouldPause": false
    },
    {
      "itemType": 98,
      "tilePositionOfsets": [
        4312
      ],
      "shouldPause": false
    },
    {
      "itemType": 98,
      "tilePositionOfsets": [
        4211
      ],
      "shouldPause": false
    },
    {
      "itemType": 98,
      "tilePositionOfsets": [
        3813
      ],
      "shouldPause": false
    },
    {
      "itemType": 98,
      "tilePositionOfsets": [
        3514
      ],
      "shouldPause": false
    },
    {
      "itemType": 98,
      "tilePositionOfsets": [
        3712
      ],
      "shouldPause": false
    },
    {
      "itemType": 98,
      "tilePositionOfsets": [
        3612
      ],
      "shouldPause": false
    },
    {
      "itemType": 98,
      "tilePositionOfsets": [
        3912
      ],
      "shouldPause": false
    },
    {
      "itemType": 98,
      "tilePositionOfsets": [
        3614
      ],
      "shouldPause": false
    },
    {
      "itemType": 98,
      "tilePositionOfsets": [
        3117
      ],
      "shouldPause": false
    },
    {
      "itemType": 98,
      "tilePositionOfsets": [
        3415
      ],
      "shouldPause": false
    },
    {
      "itemType": 98,
      "tilePositionOfsets": [
        3214
      ],
      "shouldPause": false
    },
    {
      "itemType": 98,
      "tilePositionOfsets": [
        2916
      ],
      "shouldPause": false
    },
    {
      "itemType": 98,
      "tilePositionOfsets": [
        2818
      ],
      "shouldPause": false
    },
    {
      "itemType": 98,
      "tilePositionOfsets": [
        2620
      ],
      "shouldPause": false
    },
    {
      "itemType": 98,
      "tilePositionOfsets": [
        2621
      ],
      "shouldPause": false
    },
    {
      "itemType": 98,
      "tilePositionOfsets": [
        2821
      ],
      "shouldPause": false
    },
    {
      "itemType": 98,
      "tilePositionOfsets": [
        2618
      ],
      "shouldPause": false
    },
    {
      "itemType": 98,
      "tilePositionOfsets": [
        2919
      ],
      "shouldPause": false
    },
    {
      "itemType": 98,
      "tilePositionOfsets": [
        2522
      ],
      "shouldPause": false
    },
    {
      "itemType": 98,
      "tilePositionOfsets": [
        2524
      ],
      "shouldPause": false
    },
    {
      "itemType": 98,
      "tilePositionOfsets": [
        2229
      ],
      "shouldPause": false
    },
    {
      "itemType": 98,
      "tilePositionOfsets": [
        2426
      ],
      "shouldPause": false
    },
    {
      "itemType": 98,
      "tilePositionOfsets": [
        2722
      ],
      "shouldPause": false
    },
    {
      "itemType": 98,
      "tilePositionOfsets": [
        2422
      ],
      "shouldPause": false
    },
    {
      "itemType": 98,
      "tilePositionOfsets": [
        2326
      ],
      "shouldPause": false
    },
    {
      "itemType": 98,
      "tilePositionOfsets": [
        2328
      ],
      "shouldPause": false
    },
    {
      "itemType": 98,
      "tilePositionOfsets": [
        2330
      ],
      "shouldPause": false
    },
    {
      "itemType": 98,
      "tilePositionOfsets": [
        2228
      ],
      "shouldPause": false
    },
    {
      "itemType": 98,
      "tilePositionOfsets": [
        2226
      ],
      "shouldPause": false
    },
    {
      "itemType": 98,
      "tilePositionOfsets": [
        2232
      ],
      "shouldPause": false
    },
    {
      "itemType": 98,
      "tilePositionOfsets": [
        2131
      ],
      "shouldPause": false
    },
    {
      "itemType": 98,
      "tilePositionOfsets": [
        2134
      ],
      "shouldPause": false
    },
    {
      "itemType": 98,
      "tilePositionOfsets": [
        2033
      ],
      "shouldPause": false
    },
    {
      "itemType": 98,
      "tilePositionOfsets": [
        2135
      ],
      "shouldPause": false
    },
    {
      "itemType": 98,
      "tilePositionOfsets": [
        2037
      ],
      "shouldPause": false
    },
    {
      "itemType": 98,
      "tilePositionOfsets": [
        2335
      ],
      "shouldPause": false
    },
    {
      "itemType": 98,
      "tilePositionOfsets": [
        2237
      ],
      "shouldPause": false
    },
    {
      "itemType": 98,
      "tilePositionOfsets": [
        2139
      ],
      "shouldPause": false
    },
    {
      "itemType": 98,
      "tilePositionOfsets": [
        2239
      ],
      "shouldPause": false
    },
    {
      "itemType": 98,
      "tilePositionOfsets": [
        2041
      ],
      "shouldPause": false
    },
    {
      "itemType": 98,
      "tilePositionOfsets": [
        2143
      ],
      "shouldPause": false
    },
    {
      "itemType": 98,
      "tilePositionOfsets": [
        2142
      ],
      "shouldPause": false
    },
    {
      "itemType": 98,
      "tilePositionOfsets": [
        1942
      ],
      "shouldPause": false
    },
    {
      "itemType": 98,
      "tilePositionOfsets": [
        2044
      ],
      "shouldPause": false
    },
    {
      "itemType": 98,
      "tilePositionOfsets": [
        1944
      ],
      "shouldPause": false
    },
    {
      "itemType": 98,
      "tilePositionOfsets": [
        1946
      ],
      "shouldPause": false
    },
    {
      "itemType": 98,
      "tilePositionOfsets": [
        1947
      ],
      "shouldPause": false
    },
    {
      "itemType": 98,
      "tilePositionOfsets": [
        2048
      ],
      "shouldPause": false
    },
    {
      "itemType": 98,
      "tilePositionOfsets": [
        2149
      ],
      "shouldPause": false
    },
    {
      "itemType": 98,
      "tilePositionOfsets": [
        1949
      ],
      "shouldPause": false
    },
    {
      "itemType": 98,
      "tilePositionOfsets": [
        1951
      ],
      "shouldPause": false
    },
    {
      "itemType": 98,
      "tilePositionOfsets": [
        2051
      ],
      "shouldPause": false
    },
    {
      "itemType": 98,
      "tilePositionOfsets": [
        1953
      ],
      "shouldPause": false
    },
    {
      "itemType": 98,
      "tilePositionOfsets": [
        2055
      ],
      "shouldPause": false
    },
    {
      "itemType": 98,
      "tilePositionOfsets": [
        2054
      ],
      "shouldPause": false
    },
    {
      "itemType": 98,
      "tilePositionOfsets": [
        1854
      ],
      "shouldPause": false
    },
    {
      "itemType": 98,
      "tilePositionOfsets": [
        1855
      ],
      "shouldPause": false
    },
    {
      "itemType": 98,
      "tilePositionOfsets": [
        1956
      ],
      "shouldPause": false
    },
    {
      "itemType": 98,
      "tilePositionOfsets": [
        2061
      ],
      "shouldPause": false
    },
    {
      "itemType": 98,
      "tilePositionOfsets": [
        1960
      ],
      "shouldPause": false
    },
    {
      "itemType": 98,
      "tilePositionOfsets": [
        1959
      ],
      "shouldPause": false
    },
    {
      "itemType": 98,
      "tilePositionOfsets": [
        2164
      ],
      "shouldPause": false
    },
    {
      "itemType": 98,
      "tilePositionOfsets": [
        2266
      ],
      "shouldPause": false
    },
    {
      "itemType": 98,
      "tilePositionOfsets": [
        2268
      ],
      "shouldPause": false
    },
    {
      "itemType": 98,
      "tilePositionOfsets": [
        2163
      ],
      "shouldPause": false
    },
    {
      "itemType": 98,
      "tilePositionOfsets": [
        2168
      ],
      "shouldPause": false
    },
    {
      "itemType": 98,
      "tilePositionOfsets": [
        2064
      ],
      "shouldPause": false
    },
    {
      "itemType": 98,
      "tilePositionOfsets": [
        2675
      ],
      "shouldPause": false
    },
    {
      "itemType": 98,
      "tilePositionOfsets": [
        2778
      ],
      "shouldPause": false
    },
    {
      "itemType": 98,
      "tilePositionOfsets": [
        3080
      ],
      "shouldPause": false
    },
    {
      "itemType": 98,
      "tilePositionOfsets": [
        2472
      ],
      "shouldPause": false
    },
    {
      "itemType": 98,
      "tilePositionOfsets": [
        2271
      ],
      "shouldPause": false
    },
    {
      "itemType": 98,
      "tilePositionOfsets": [
        2374
      ],
      "shouldPause": false
    },
    {
      "itemType": 98,
      "tilePositionOfsets": [
        2473
      ],
      "shouldPause": false
    },
    {
      "itemType": 98,
      "tilePositionOfsets": [
        2577
      ],
      "shouldPause": false
    },
    {
      "itemType": 98,
      "tilePositionOfsets": [
        2979
      ],
      "shouldPause": false
    },
    {
      "itemType": 98,
      "tilePositionOfsets": [
        2678
      ],
      "shouldPause": false
    },
    {
      "itemType": 98,
      "tilePositionOfsets": [
        2676
      ],
      "shouldPause": false
    },
    {
      "itemType": 98,
      "tilePositionOfsets": [
        3282
      ],
      "shouldPause": false
    },
    {
      "itemType": 98,
      "tilePositionOfsets": [
        3684
      ],
      "shouldPause": false
    },
    {
      "itemType": 98,
      "tilePositionOfsets": [
        3383
      ],
      "shouldPause": false
    },
    {
      "itemType": 98,
      "tilePositionOfsets": [
        3280
      ],
      "shouldPause": false
    },
    {
      "itemType": 98,
      "tilePositionOfsets": [
        3381
      ],
      "shouldPause": false
    },
    {
      "itemType": 98,
      "tilePositionOfsets": [
        3582
      ],
      "shouldPause": false
    },
    {
      "itemType": 98,
      "tilePositionOfsets": [
        4887
      ],
      "shouldPause": false
    },
    {
      "itemType": 98,
      "tilePositionOfsets": [
        4687
      ],
      "shouldPause": false
    },
    {
      "itemType": 98,
      "tilePositionOfsets": [
        4486
      ],
      "shouldPause": false
    },
    {
      "itemType": 98,
      "tilePositionOfsets": [
        3884
      ],
      "shouldPause": false
    },
    {
      "itemType": 98,
      "tilePositionOfsets": [
        4084
      ],
      "shouldPause": false
    },
    {
      "itemType": 98,
      "tilePositionOfsets": [
        4585
      ],
      "shouldPause": false
    },
    {
      "itemType": 98,
      "tilePositionOfsets": [
        4785
      ],
      "shouldPause": false
    },
    {
      "itemType": 98,
      "tilePositionOfsets": [
        4986
      ],
      "shouldPause": false
    },
    {
      "itemType": 98,
      "tilePositionOfsets": [
        4286
      ],
      "shouldPause": false
    },
    {
      "itemType": 98,
      "tilePositionOfsets": [
        4085
      ],
      "shouldPause": false
    },
    {
      "itemType": 98,
      "tilePositionOfsets": [
        5085
      ],
      "shouldPause": false
    },
    {
      "itemType": 98,
      "tilePositionOfsets": [
        4885
      ],
      "shouldPause": false
    },
    {
      "itemType": 98,
      "tilePositionOfsets": [
        5386
      ],
      "shouldPause": false
    },
    {
      "itemType": 98,
      "tilePositionOfsets": [
        5586
      ],
      "shouldPause": false
    },
    {
      "itemType": 98,
      "tilePositionOfsets": [
        5484
      ],
      "shouldPause": false
    },
    {
      "itemType": 98,
      "tilePositionOfsets": [
        5184
      ],
      "shouldPause": false
    },
    {
      "itemType": 98,
      "tilePositionOfsets": [
        5385
      ],
      "shouldPause": false
    },
    {
      "itemType": 98,
      "tilePositionOfsets": [
        5685
      ],
      "shouldPause": false
    },
    {
      "itemType": 98,
      "tilePositionOfsets": [
        6085
      ],
      "shouldPause": false
    },
    {
      "itemType": 98,
      "tilePositionOfsets": [
        5784
      ],
      "shouldPause": false
    },
    {
      "itemType": 98,
      "tilePositionOfsets": [
        5983
      ],
      "shouldPause": false
    },
    {
      "itemType": 98,
      "tilePositionOfsets": [
        6182
      ],
      "shouldPause": false
    },
    {
      "itemType": 98,
      "tilePositionOfsets": [
        6576
      ],
      "shouldPause": false
    },
    {
      "itemType": 98,
      "tilePositionOfsets": [
        6181
      ],
      "shouldPause": false
    },
    {
      "itemType": 98,
      "tilePositionOfsets": [
        6083
      ],
      "shouldPause": false
    },
    {
      "itemType": 98,
      "tilePositionOfsets": [
        6380
      ],
      "shouldPause": false
    },
    {
      "itemType": 98,
      "tilePositionOfsets": [
        6479
      ],
      "shouldPause": false
    },
    {
      "itemType": 98,
      "tilePositionOfsets": [
        6283
      ],
      "shouldPause": false
    },
    {
      "itemType": 98,
      "tilePositionOfsets": [
        6382
      ],
      "shouldPause": false
    },
    {
      "itemType": 98,
      "tilePositionOfsets": [
        6971
      ],
      "shouldPause": false
    },
    {
      "itemType": 98,
      "tilePositionOfsets": [
        7266
      ],
      "shouldPause": false
    },
    {
      "itemType": 98,
      "tilePositionOfsets": [
        7069
      ],
      "shouldPause": false
    },
    {
      "itemType": 98,
      "tilePositionOfsets": [
        6874
      ],
      "shouldPause": false
    },
    {
      "itemType": 98,
      "tilePositionOfsets": [
        6677
      ],
      "shouldPause": false
    },
    {
      "itemType": 98,
      "tilePositionOfsets": [
        6775
      ],
      "shouldPause": false
    },
    {
      "itemType": 98,
      "tilePositionOfsets": [
        6974
      ],
      "shouldPause": false
    },
    {
      "itemType": 98,
      "tilePositionOfsets": [
        7165
      ],
      "shouldPause": false
    },
    {
      "itemType": 98,
      "tilePositionOfsets": [
        7368
      ],
      "shouldPause": false
    },
    {
      "itemType": 98,
      "tilePositionOfsets": [
        7171
      ],
      "shouldPause": false
    },
    {
      "itemType": 98,
      "tilePositionOfsets": [
        7463
      ],
      "shouldPause": false
    },
    {
      "itemType": 98,
      "tilePositionOfsets": [
        7359
      ],
      "shouldPause": false
    },
    {
      "itemType": 98,
      "tilePositionOfsets": [
        7454
      ],
      "shouldPause": false
    },
    {
      "itemType": 98,
      "tilePositionOfsets": [
        7553
      ],
      "shouldPause": false
    },
    {
      "itemType": 98,
      "tilePositionOfsets": [
        7456
      ],
      "shouldPause": false
    },
    {
      "itemType": 98,
      "tilePositionOfsets": [
        7361
      ],
      "shouldPause": false
    },
    {
      "itemType": 98,
      "tilePositionOfsets": [
        7365
      ],
      "shouldPause": false
    },
    {
      "itemType": 98,
      "tilePositionOfsets": [
        7366
      ],
      "shouldPause": false
    },
    {
      "itemType": 98,
      "tilePositionOfsets": [
        7263
      ],
      "shouldPause": false
    },
    {
      "itemType": 98,
      "tilePositionOfsets": [
        7261
      ],
      "shouldPause": false
    },
    {
      "itemType": 98,
      "tilePositionOfsets": [
        7358
      ],
      "shouldPause": false
    },
    {
      "itemType": 98,
      "tilePositionOfsets": [
        7258
      ],
      "shouldPause": false
    },
    {
      "itemType": 98,
      "tilePositionOfsets": [
        7362
      ],
      "shouldPause": false
    },
    {
      "itemType": 98,
      "tilePositionOfsets": [
        7167
      ],
      "shouldPause": false
    },
    {
      "itemType": 98,
      "tilePositionOfsets": [
        7170
      ],
      "shouldPause": false
    },
    {
      "itemType": 98,
      "tilePositionOfsets": [
        7073
      ],
      "shouldPause": false
    },
    {
      "itemType": 98,
      "tilePositionOfsets": [
        6872
      ],
      "shouldPause": false
    }
  ],
  "miscItems": [
    {
      "positionOfset": 5972,
      "itemType": 5,
      "number": 0
    },
    {
      "positionOfset": 6559,
      "itemType": 5,
      "number": 1
    },
    {
      "positionOfset": 6544,
      "itemType": 5,
      "number": 2
    },
    {
      "positionOfset": 6329,
      "itemType": 5,
      "number": 3
    },
    {
      "positionOfset": 5520,
      "itemType": 5,
      "number": 4
    },
    {
      "positionOfset": 6951,
      "itemType": 16,
      "number": 0
    },
    {
      "positionOfset": 5122,
      "itemType": 16,
      "number": 1
    },
    {
      "positionOfset": 4973,
      "itemType": 16,
      "number": 2
    },
    {
      "positionOfset": 5022,
      "itemType": 16,
      "number": 3
    },
    {
      "positionOfset": 6335,
      "itemType": 16,
      "number": 4
    },
    {
      "positionOfset": 6165,
      "itemType": 16,
      "number": 5
    },
    {
      "positionOfset": 3064,
      "itemType": 16,
      "number": 6
    },
    {
      "positionOfset": 3234,
      "itemType": 16,
      "number": 7
    },
    {
      "positionOfset": 4974,
      "itemType": 16,
      "number": 8
    },
    {
      "positionOfset": 7645,
      "itemType": 16,
      "number": 9
    }
  ]
}