{
  "pauseDelayAmount": 100,
  "frames": [
    {
      "itemType": 61,
      "tilePositionOfsets": [
        5643
      ],
      "shouldPause": false
    },
    {
      "itemType": 80,
      "tilePositionOfsets": [
        5639
      ],
      "shouldPause": false
    },
    {
      "itemType": 52,
      "tilePositionOfsets": [
        4950
      ],
      "shouldPause": false
    },
    {
      "itemType": 54,
      "tilePositionOfsets": [
        6032
      ],
      "shouldPause": false
    },
    {
      "itemType": 54,
      "tilePositionOfsets": [
        6053
      ],
      "shouldPause": false
    },
    {
      "itemType": 54,
      "tilePositionOfsets": [
        6057
      ],
      "shouldPause": false
    },
    {
      "itemType": 54,
      "tilePositionOfsets": [
        4559
      ],
      "shouldPause": false
    },
    {
      "itemType": 54,
      "tilePositionOfsets": [
        4555
      ],
      "shouldPause": false
    },
    {
      "itemType": 54,
      "tilePositionOfsets": [
        4670
      ],
      "shouldPause": false
    },
    {
      "itemType": 54,
      "tilePositionOfsets": [
        4270
      ],
      "shouldPause": false
    },
    {
      "itemType": 54,
      "tilePositionOfsets": [
        3870
      ],
      "shouldPause": false
    },
    {
      "itemType": 54,
      "tilePositionOfsets": [
        4529
      ],
      "shouldPause": false
    },
    {
      "itemType": 87,
      "tilePositionOfsets": [
        5629
      ],
      "shouldPause": false
    },
    {
      "itemType": 81,
      "tilePositionOfsets": [
        5139
      ],
      "shouldPause": false
    },
    {
      "itemType": 77,
      "tilePositionOfsets": [
        5656
      ],
      "shouldPause": false
    },
    {
      "itemType": 50,
      "tilePositionOfsets": [
        4638
      ],
      "shouldPause": false
    },
    {
      "itemType": 82,
      "tilePositionOfsets": [
        4634
      ],
      "shouldPause": false
    },
    {
      "itemType": 106,
      "tilePositionOfsets": [
        5767,
        5768,
        5667,
        5668,
        5567,
        5568,
        5467,
        5468,
        5367,
        5368,
        5267,
        5268,
        5167,
        5168,
        5067,
        5068,
        4967,
        4968,
        4867,
        4868,
        4767,
        4768,
        4667,
        4668,
        4567,
        4568,
        4467,
        4468,
        4367,
        4368,
        4267,
        4268,
        4167,
        4168,
        4067,
        4068,
        3967,
        3968,
        3867,
        3868,
        3767,
        3768,
        3667,
        3668,
        3549,
        3550,
        3551,
        3552,
        3553,
        3554,
        3555,
        3556,
        3557,
        3558,
        3559,
        3560,
        3561,
        3562,
        3563,
        3564,
        3565,
        3566,
        3567,
        3568,
        3449,
        3450,
        3451,
        3452,
        3453,
        3454,
        3455,
        3456,
        3457,
        3458,
        3459,
        3460,
        3461,
        3462,
        3463,
        3464,
        3465,
        3466,
        3467,
        3468
      ],
      "shouldPause": false
    },
    {
      "itemType": 106,
      "tilePositionOfsets": [
        5724,
        5725,
        5624,
        5625,
        5524,
        5525,
        5424,
        5425,
        5324,
        5325,
        5224,
        5225,
        5124,
        5125,
        5024,
        5025,
        4924,
        4925,
        4824,
        4825,
        4724,
        4725,
        4624,
        4625,
        4524,
        4525,
        4424,
        4425,
        4324,
        4325,
        4224,
        4225,
        4124,
        4125,
        4024,
        4025,
        3924,
        3925,
        3824,
        3825,
        3724,
        3725,
        3624,
        3625,
        3524,
        3525,
        3526,
        3527,
        3528,
        3529,
        3530,
        3531,
        3532,
        3533,
        3534,
        3535,
        3536,
        3537,
        3538,
        3539,
        3540,
        3541,
        3542,
        3543,
        3424,
        3425,
        3426,
        3427,
        3428,
        3429,
        3430,
        3431,
        3432,
        3433,
        3434,
        3435,
        3436,
        3437,
        3438,
        3439,
        3440,
        3441,
        3442,
        3443
      ],
      "shouldPause": false
    },
    {
      "itemType": 95,
      "tilePositionOfsets": [
        5156
      ],
      "shouldPause": false
    },
    {
      "itemType": 146,
      "tilePositionOfsets": [
        6443
      ],
      "shouldPause": false
    },
    {
      "itemType": 25,
      "tilePositionOfsets": [
        6150,
        6151,
        6152,
        6153,
        6154,
        6155,
        6156,
        6157,
        6158,
        6159,
        6160
      ],
      "shouldPause": false
    },
    {
      "itemType": 25,
      "tilePositionOfsets": [
        6250,
        6251,
        6252,
        6253,
        6254,
        6255,
        6256,
        6257,
        6258,
        6259,
        6260
      ],
      "shouldPause": false
    },
    {
      "itemType": 113,
      "tilePositionOfsets": [
        6461
      ],
      "shouldPause": false
    },
    {
      "itemType": 25,
      "tilePositionOfsets": [
        6232,
        6233,
        6234,
        6235,
        6236,
        6237,
        6238,
        6239,
        6240,
        6241,
        6242
      ],
      "shouldPause": false
    },
    {
      "itemType": 25,
      "tilePositionOfsets": [
        6132,
        6133,
        6134,
        6135,
        6136,
        6137,
        6138,
        6139,
        6140,
        6141,
        6142
      ],
      "shouldPause": false
    },
    {
      "itemType": 113,
      "tilePositionOfsets": [
        6426
      ],
      "shouldPause": false
    },
    {
      "itemType": 25,
      "tilePositionOfsets": [
        6350,
        6351,
        6352,
        6353,
        6354,
        6355,
        6356,
        6357,
        6358,
        6359,
        6360
      ],
      "shouldPause": false
    },
    {
      "itemType": 25,
      "tilePositionOfsets": [
        6332,
        6333,
        6334,
        6335,
        6336,
        6337,
        6338,
        6339,
        6340,
        6341,
        6342
      ],
      "shouldPause": false
    },
    {
      "itemType": 25,
      "tilePositionOfsets": [
        5865,
        5765,
        5665,
        5565,
        5465
      ],
      "shouldPause": false
    },
    {
      "itemType": 25,
      "tilePositionOfsets": [
        5864,
        5764,
        5664,
        5564,
        5464
      ],
      "shouldPause": false
    },
    {
      "itemType": 25,
      "tilePositionOfsets": [
        5863,
        5763,
        5663,
        5563,
        5463
      ],
      "shouldPause": false
    },
    {
      "itemType": 25,
      "tilePositionOfsets": [
        5827,
        5727,
        5627,
        5527,
        5427
      ],
      "shouldPause": false
    },
    {
      "itemType": 25,
      "tilePositionOfsets": [
        5828,
        5728,
        5628,
        5528,
        5428
      ],
      "shouldPause": false
    },
    {
      "itemType": 144,
      "tilePositionOfsets": [
        3944
      ],
      "shouldPause": false
    },
    {
      "itemType": 65,
      "tilePositionOfsets": [
        4149
      ],
      "shouldPause": false
    },
    {
      "itemType": 65,
      "tilePositionOfsets": [
        4138
      ],
      "shouldPause": false
    },
    {
      "itemType": 169,
      "tilePositionOfsets": [
        4563
      ],
      "shouldPause": false
    },
    {
      "itemType": 169,
      "tilePositionOfsets": [
        4963
      ],
      "shouldPause": false
    },
    {
      "itemType": 169,
      "tilePositionOfsets": [
        5363
      ],
      "shouldPause": false
    },
    {
      "itemType": 166,
      "tilePositionOfsets": [
        5326
      ],
      "shouldPause": false
    },
    {
      "itemType": 166,
      "tilePositionOfsets": [
        5026
      ],
      "shouldPause": false
    },
    {
      "itemType": 166,
      "tilePositionOfsets": [
        4726
      ],
      "shouldPause": false
    },
    {
      "itemType": 166,
      "tilePositionOfsets": [
        4426
      ],
      "shouldPause": false
    },
    {
      "itemType": 330,
      "tilePositionOfsets": [
        6050
      ],
      "shouldPause": false
    },
    {
      "itemType": 26,
      "tilePositionOfsets": [
        6432,
        6433,
        6434,
        6435,
        6436,
        6437,
        6438,
        6439,
        6440,
        6441,
        6442
      ],
      "shouldPause": false
    },
    {
      "itemType": 26,
      "tilePositionOfsets": [
        6450,
        6451,
        6452,
        6453,
        6454,
        6455,
        6456,
        6457,
        6458,
        6459,
        6460
      ],
      "shouldPause": false
    },
    {
      "itemType": 26,
      "tilePositionOfsets": [
        5866,
        5766,
        5666,
        5566,
        5466
      ],
      "shouldPause": false
    },
    {
      "itemType": 26,
      "tilePositionOfsets": [
        5826,
        5726,
        5626,
        5526,
        5426
      ],
      "shouldPause": false
    },
    {
      "itemType": 88,
      "tilePositionOfsets": [
        5770
      ],
      "shouldPause": false
    },
    {
      "itemType": 313,
      "tilePositionOfsets": [
        4353
      ],
      "shouldPause": false
    },
    {
      "itemType": 318,
      "tilePositionOfsets": [
        4351
      ],
      "shouldPause": false
    },
    {
      "itemType": 318,
      "tilePositionOfsets": [
        5829
      ],
      "shouldPause": false
    },
    {
      "itemType": 166,
      "tilePositionOfsets": [
        6036
      ],
      "shouldPause": false
    },
    {
      "itemType": 166,
      "tilePositionOfsets": [
        6039
      ],
      "shouldPause": false
    },
    {
      "itemType": 65,
      "tilePositionOfsets": [
        4155
      ],
      "shouldPause": false
    },
    {
      "itemType": 65,
      "tilePositionOfsets": [
        4161
      ],
      "shouldPause": false
    },
    {
      "itemType": 65,
      "tilePositionOfsets": [
        4132
      ],
      "shouldPause": false
    },
    {
      "itemType": 65,
      "tilePositionOfsets": [
        4126
      ],
      "shouldPause": false
    },
    {
      "itemType": 318,
      "tilePositionOfsets": [
        5861
      ],
      "shouldPause": false
    },
    {
      "itemType": 318,
      "tilePositionOfsets": [
        5661
      ],
      "shouldPause": false
    },
    {
      "itemType": 318,
      "tilePositionOfsets": [
        5461
      ],
      "shouldPause": false
    },
    {
      "itemType": 96,
      "tilePositionOfsets": [
        6414
      ],
      "shouldPause": true
    },
    {
      "itemType": 97,
      "tilePositionOfsets": [
        5410
      ],
      "shouldPause": true
    },
    {
      "itemType": 95,
      "tilePositionOfsets": [
        4017
      ],
      "shouldPause": true
    },
    {
      "itemType": 95,
      "tilePositionOfsets": [
        6470
      ],
      "shouldPause": false
    }
  ],
  "miscItems": [
    {
      "positionOfset": 6128,
      "itemType": 3,
      "number": 0
    },
    {
      "positionOfset": 6164,
      "itemType": 3,
      "number": 1
    },
    {
      "positionOfset": 5546,
      "itemType": 6,
      "number": 0
    },
    {
      "positionOfset": 6344,
      "itemType": 6,
      "number": 1
    },
    {
      "positionOfset": 6348,
      "itemType": 6,
      "number": 2
    },
    {
      "positionOfset": 6365,
      "itemType": 6,
      "number": 3
    },
    {
      "positionOfset": 6327,
      "itemType": 6,
      "number": 4
    },
    {
      "positionOfset": 3646,
      "itemType": 6,
      "number": 5
    },
    {
      "positionOfset": 6362,
      "itemType": 6,
      "number": 6
    },
    {
      "positionOfset": 6329,
      "itemType": 6,
      "number": 7
    },
    {
      "positionOfset": 5246,
      "itemType": 8,
      "number": 0
    },
    {
      "positionOfset": 4746,
      "itemType": 8,
      "number": 1
    },
    {
      "positionOfset": 5035,
      "itemType": 8,
      "number": 2
    },
    {
      "positionOfset": 4146,
      "itemType": 8,
      "number": 3
    },
    {
      "positionOfset": 5746,
      "itemType": 8,
      "number": 4
    },
    {
      "positionOfset": 6746,
      "itemType": 12,
      "number": 0
    },
    {
      "positionOfset": 6722,
      "itemType": 12,
      "number": 1
    },
    {
      "positionOfset": 3223,
      "itemType": 12,
      "number": 2
    },
    {
      "positionOfset": 3247,
      "itemType": 12,
      "number": 3
    },
    {
      "positionOfset": 3276,
      "itemType": 12,
      "number": 4
    },
    {
      "positionOfset": 6776,
      "itemType": 12,
      "number": 5
    },
    {
      "positionOfset": 5344,
      "itemType": 13,
      "number": 0
    },
    {
      "positionOfset": 5348,
      "itemType": 13,
      "number": 1
    }
  ]
}