{
  "pauseDelayAmount": 80,
  "frames": [
    {
      "itemType": 61,
      "tilePositionOfsets": [
        5643
      ],
      "shouldPause": false
    },
    {
      "itemType": 52,
      "tilePositionOfsets": [
        4950
      ],
      "shouldPause": false
    },
    {
      "itemType": 80,
      "tilePositionOfsets": [
        5456
      ],
      "shouldPause": false
    },
    {
      "itemType": 54,
      "tilePositionOfsets": [
        5461
      ],
      "shouldPause": false
    },
    {
      "itemType": 54,
      "tilePositionOfsets": [
        4728
      ],
      "shouldPause": false
    },
    {
      "itemType": 54,
      "tilePositionOfsets": [
        6376
      ],
      "shouldPause": false
    },
    {
      "itemType": 54,
      "tilePositionOfsets": [
        6026
      ],
      "shouldPause": false
    },
    {
      "itemType": 54,
      "tilePositionOfsets": [
        5626
      ],
      "shouldPause": false
    },
    {
      "itemType": 54,
      "tilePositionOfsets": [
        5226
      ],
      "shouldPause": false
    },
    {
      "itemType": 54,
      "tilePositionOfsets": [
        5976
      ],
      "shouldPause": false
    },
    {
      "itemType": 54,
      "tilePositionOfsets": [
        6316
      ],
      "shouldPause": false
    },
    {
      "itemType": 54,
      "tilePositionOfsets": [
        5916
      ],
      "shouldPause": false
    },
    {
      "itemType": 54,
      "tilePositionOfsets": [
        4351
      ],
      "shouldPause": false
    },
    {
      "itemType": 81,
      "tilePositionOfsets": [
        5138
      ],
      "shouldPause": false
    },
    {
      "itemType": 87,
      "tilePositionOfsets": [
        4956
      ],
      "shouldPause": false
    },
    {
      "itemType": 77,
      "tilePositionOfsets": [
        5637
      ],
      "shouldPause": false
    },
    {
      "itemType": 106,
      "tilePositionOfsets": [
        6472,
        6473,
        6474,
        6372,
        6373,
        6374,
        6272,
        6273,
        6274,
        6172,
        6173,
        6174,
        6072,
        6073,
        6074,
        5972,
        5973,
        5974,
        5872,
        5873,
        5874,
        5772,
        5773,
        5774,
        5672,
        5673,
        5674,
        5572,
        5573,
        5574,
        5472,
        5473,
        5474,
        5372,
        5373,
        5374,
        5272,
        5273,
        5274,
        5172,
        5173,
        5174,
        5072,
        5073,
        5074,
        4972,
        4973,
        4974,
        4872,
        4873,
        4874,
        4772,
        4773,
        4774,
        4672,
        4673,
        4674,
        4572,
        4573,
        4574,
        4472,
        4473,
        4474,
        4372,
        4373,
        4374,
        4273,
        4274,
        4173,
        4174,
        4073,
        4074,
        3973,
        3974,
        3873,
        3874,
        3773,
        3774,
        3673,
        3674,
        3573,
        3574,
        3473,
        3474,
        3348,
        3349,
        3350,
        3351,
        3352,
        3353,
        3354,
        3355,
        3356,
        3357,
        3358,
        3359,
        3360,
        3361,
        3362,
        3363,
        3364,
        3365,
        3366,
        3367,
        3368,
        3369,
        3370,
        3371,
        3372,
        3373,
        3374,
        3248,
        3249,
        3250,
        3251,
        3252,
        3253,
        3254,
        3255,
        3256,
        3257,
        3258,
        3259,
        3260,
        3261,
        3262,
        3263,
        3264,
        3265,
        3266,
        3267,
        3268,
        3269,
        3270,
        3271,
        3272,
        3273,
        3274
      ],
      "shouldPause": false
    },
    {
      "itemType": 106,
      "tilePositionOfsets": [
        6421,
        6422,
        6423,
        6321,
        6322,
        6323,
        6221,
        6222,
        6223,
        6121,
        6122,
        6123,
        6021,
        6022,
        6023,
        5921,
        5922,
        5923,
        5821,
        5822,
        5823,
        5721,
        5722,
        5723,
        5621,
        5622,
        5623,
        5521,
        5522,
        5523,
        5421,
        5422,
        5423,
        5321,
        5322,
        5323,
        5221,
        5222,
        5223,
        5121,
        5122,
        5123,
        5021,
        5022,
        5023,
        4921,
        4922,
        4923,
        4821,
        4822,
        4823,
        4721,
        4722,
        4723,
        4621,
        4622,
        4623,
        4521,
        4522,
        4523,
        4421,
        4422,
        4423,
        4321,
        4322,
        4323,
        4221,
        4222,
        4121,
        4122,
        4021,
        4022,
        3921,
        3922,
        3821,
        3822,
        3721,
        3722,
        3621,
        3622,
        3521,
        3522,
        3421,
        3422,
        3321,
        3322,
        3323,
        3324,
        3325,
        3326,
        3327,
        3328,
        3329,
        3330,
        3331,
        3332,
        3333,
        3334,
        3335,
        3336,
        3337,
        3338,
        3339,
        3340,
        3341,
        3342,
        3343,
        3221,
        3222,
        3223,
        3224,
        3225,
        3226,
        3227,
        3228,
        3229,
        3230,
        3231,
        3232,
        3233,
        3234,
        3235,
        3236,
        3237,
        3238,
        3239,
        3240,
        3241,
        3242,
        3243
      ],
      "shouldPause": false
    },
    {
      "itemType": 95,
      "tilePositionOfsets": [
        5430
      ],
      "shouldPause": false
    },
    {
      "itemType": 330,
      "tilePositionOfsets": [
        4267
      ],
      "shouldPause": false
    },
    {
      "itemType": 330,
      "tilePositionOfsets": [
        4967
      ],
      "shouldPause": false
    },
    {
      "itemType": 146,
      "tilePositionOfsets": [
        6443
      ],
      "shouldPause": false
    },
    {
      "itemType": 25,
      "tilePositionOfsets": [
        6350,
        6351,
        6352
      ],
      "shouldPause": false
    },
    {
      "itemType": 25,
      "tilePositionOfsets": [
        6339,
        6340,
        6341,
        6342
      ],
      "shouldPause": false
    },
    {
      "itemType": 25,
      "tilePositionOfsets": [
        6239,
        6240,
        6241,
        6242
      ],
      "shouldPause": false
    },
    {
      "itemType": 25,
      "tilePositionOfsets": [
        6250,
        6251,
        6252
      ],
      "shouldPause": false
    },
    {
      "itemType": 25,
      "tilePositionOfsets": [
        6150,
        6151,
        6152
      ],
      "shouldPause": false
    },
    {
      "itemType": 25,
      "tilePositionOfsets": [
        6139,
        6140,
        6141,
        6142
      ],
      "shouldPause": false
    },
    {
      "itemType": 113,
      "tilePositionOfsets": [
        6453
      ],
      "shouldPause": false
    },
    {
      "itemType": 113,
      "tilePositionOfsets": [
        6433
      ],
      "shouldPause": false
    },
    {
      "itemType": 25,
      "tilePositionOfsets": [
        6359,
        6360,
        6361,
        6362,
        6363,
        6364,
        6365,
        6366,
        6367,
        6368,
        6369,
        6370,
        6371
      ],
      "shouldPause": false
    },
    {
      "itemType": 25,
      "tilePositionOfsets": [
        6259,
        6260,
        6261,
        6262,
        6263,
        6264,
        6265,
        6266,
        6267,
        6268,
        6269,
        6270,
        6271
      ],
      "shouldPause": false
    },
    {
      "itemType": 25,
      "tilePositionOfsets": [
        6159,
        6160,
        6161,
        6162,
        6163,
        6164,
        6165,
        6166,
        6167,
        6168,
        6169,
        6170,
        6171
      ],
      "shouldPause": false
    },
    {
      "itemType": 25,
      "tilePositionOfsets": [
        6324,
        6325,
        6326,
        6327,
        6328,
        6329,
        6330,
        6331,
        6332
      ],
      "shouldPause": false
    },
    {
      "itemType": 25,
      "tilePositionOfsets": [
        6224,
        6225,
        6226,
        6227,
        6228,
        6229,
        6230,
        6231,
        6232
      ],
      "shouldPause": false
    },
    {
      "itemType": 25,
      "tilePositionOfsets": [
        6124,
        6125,
        6126,
        6127,
        6128,
        6129,
        6130,
        6131,
        6132
      ],
      "shouldPause": false
    },
    {
      "itemType": 65,
      "tilePositionOfsets": [
        3949
      ],
      "shouldPause": false
    },
    {
      "itemType": 65,
      "tilePositionOfsets": [
        3938
      ],
      "shouldPause": false
    },
    {
      "itemType": 50,
      "tilePositionOfsets": [
        4638
      ],
      "shouldPause": false
    },
    {
      "itemType": 82,
      "tilePositionOfsets": [
        4733
      ],
      "shouldPause": false
    },
    {
      "itemType": 96,
      "tilePositionOfsets": [
        4229
      ],
      "shouldPause": false
    },
    {
      "itemType": 144,
      "tilePositionOfsets": [
        3844
      ],
      "shouldPause": false
    },
    {
      "itemType": 88,
      "tilePositionOfsets": [
        6065
      ],
      "shouldPause": true
    },
    {
      "itemType": 95,
      "tilePositionOfsets": [
        6059
      ],
      "shouldPause": false
    },
    {
      "itemType": 166,
      "tilePositionOfsets": [
        4270
      ],
      "shouldPause": false
    },
    {
      "itemType": 318,
      "tilePositionOfsets": [
        4470
      ],
      "shouldPause": false
    },
    {
      "itemType": 313,
      "tilePositionOfsets": [
        4670
      ],
      "shouldPause": false
    },
    {
      "itemType": 318,
      "tilePositionOfsets": [
        4870
      ],
      "shouldPause": false
    },
    {
      "itemType": 313,
      "tilePositionOfsets": [
        5070
      ],
      "shouldPause": false
    },
    {
      "itemType": 318,
      "tilePositionOfsets": [
        5270
      ],
      "shouldPause": false
    },
    {
      "itemType": 313,
      "tilePositionOfsets": [
        5470
      ],
      "shouldPause": false
    },
    {
      "itemType": 318,
      "tilePositionOfsets": [
        5670
      ],
      "shouldPause": false
    },
    {
      "itemType": 313,
      "tilePositionOfsets": [
        5870
      ],
      "shouldPause": false
    },
    {
      "itemType": 318,
      "tilePositionOfsets": [
        6070
      ],
      "shouldPause": false
    },
    {
      "itemType": 166,
      "tilePositionOfsets": [
        4223
      ],
      "shouldPause": false
    },
    {
      "itemType": 318,
      "tilePositionOfsets": [
        4424
      ],
      "shouldPause": false
    },
    {
      "itemType": 318,
      "tilePositionOfsets": [
        4824
      ],
      "shouldPause": false
    },
    {
      "itemType": 318,
      "tilePositionOfsets": [
        5224
      ],
      "shouldPause": false
    },
    {
      "itemType": 318,
      "tilePositionOfsets": [
        5624
      ],
      "shouldPause": false
    },
    {
      "itemType": 313,
      "tilePositionOfsets": [
        6024
      ],
      "shouldPause": false
    },
    {
      "itemType": 318,
      "tilePositionOfsets": [
        5824
      ],
      "shouldPause": false
    },
    {
      "itemType": 318,
      "tilePositionOfsets": [
        5424
      ],
      "shouldPause": false
    },
    {
      "itemType": 318,
      "tilePositionOfsets": [
        5024
      ],
      "shouldPause": false
    },
    {
      "itemType": 318,
      "tilePositionOfsets": [
        4624
      ],
      "shouldPause": false
    },
    {
      "itemType": 26,
      "tilePositionOfsets": [
        6450,
        6451,
        6452
      ],
      "shouldPause": false
    },
    {
      "itemType": 26,
      "tilePositionOfsets": [
        6439,
        6440,
        6441,
        6442
      ],
      "shouldPause": false
    },
    {
      "itemType": 26,
      "tilePositionOfsets": [
        6459,
        6460,
        6461,
        6462,
        6463,
        6464,
        6465,
        6466,
        6467,
        6468,
        6469,
        6470,
        6471
      ],
      "shouldPause": false
    },
    {
      "itemType": 26,
      "tilePositionOfsets": [
        6424,
        6425,
        6426,
        6427,
        6428,
        6429,
        6430,
        6431,
        6432
      ],
      "shouldPause": false
    },
    {
      "itemType": 65,
      "tilePositionOfsets": [
        3923
      ],
      "shouldPause": false
    },
    {
      "itemType": 65,
      "tilePositionOfsets": [
        3955
      ],
      "shouldPause": false
    },
    {
      "itemType": 65,
      "tilePositionOfsets": [
        3961
      ],
      "shouldPause": false
    },
    {
      "itemType": 65,
      "tilePositionOfsets": [
        3967
      ],
      "shouldPause": false
    },
    {
      "itemType": 97,
      "tilePositionOfsets": [
        5476
      ],
      "shouldPause": true
    },
    {
      "itemType": 95,
      "tilePositionOfsets": [
        4076
      ],
      "shouldPause": true
    },
    {
      "itemType": 95,
      "tilePositionOfsets": [
        6181
      ],
      "shouldPause": true
    },
    {
      "itemType": 95,
      "tilePositionOfsets": [
        4083
      ],
      "shouldPause": true
    },
    {
      "itemType": 95,
      "tilePositionOfsets": [
        5414
      ],
      "shouldPause": true
    },
    {
      "itemType": 95,
      "tilePositionOfsets": [
        4714
      ],
      "shouldPause": true
    },
    {
      "itemType": 95,
      "tilePositionOfsets": [
        4014
      ],
      "shouldPause": true
    }
  ],
  "miscItems": [
    {
      "positionOfset": 6235,
      "itemType": 3,
      "number": 0
    },
    {
      "positionOfset": 6255,
      "itemType": 3,
      "number": 1
    },
    {
      "positionOfset": 3546,
      "itemType": 6,
      "number": 0
    },
    {
      "positionOfset": 6446,
      "itemType": 6,
      "number": 1
    },
    {
      "positionOfset": 5546,
      "itemType": 6,
      "number": 2
    },
    {
      "positionOfset": 6334,
      "itemType": 6,
      "number": 3
    },
    {
      "positionOfset": 6357,
      "itemType": 6,
      "number": 4
    },
    {
      "positionOfset": 6270,
      "itemType": 6,
      "number": 5
    },
    {
      "positionOfset": 6225,
      "itemType": 6,
      "number": 6
    },
    {
      "positionOfset": 6354,
      "itemType": 6,
      "number": 7
    },
    {
      "positionOfset": 6337,
      "itemType": 6,
      "number": 8
    },
    {
      "positionOfset": 3946,
      "itemType": 8,
      "number": 0
    },
    {
      "positionOfset": 5748,
      "itemType": 8,
      "number": 1
    },
    {
      "positionOfset": 5744,
      "itemType": 8,
      "number": 2
    },
    {
      "positionOfset": 4546,
      "itemType": 8,
      "number": 3
    },
    {
      "positionOfset": 5147,
      "itemType": 8,
      "number": 4
    },
    {
      "positionOfset": 5144,
      "itemType": 8,
      "number": 5
    },
    {
      "positionOfset": 5968,
      "itemType": 8,
      "number": 6
    },
    {
      "positionOfset": 6782,
      "itemType": 12,
      "number": 0
    },
    {
      "positionOfset": 6714,
      "itemType": 12,
      "number": 1
    },
    {
      "positionOfset": 2814,
      "itemType": 12,
      "number": 2
    },
    {
      "positionOfset": 3046,
      "itemType": 12,
      "number": 3
    },
    {
      "positionOfset": 3080,
      "itemType": 12,
      "number": 4
    },
    {
      "positionOfset": 5246,
      "itemType": 13,
      "number": 0
    }
  ]
}