{
  "pauseDelayAmount": 60,
  "frames": [
    {
      "itemType": 61,
      "tilePositionOfsets": [
        5643
      ],
      "shouldPause": false
    },
    {
      "itemType": 52,
      "tilePositionOfsets": [
        4950
      ],
      "shouldPause": false
    },
    {
      "itemType": 80,
      "tilePositionOfsets": [
        5339
      ],
      "shouldPause": false
    },
    {
      "itemType": 54,
      "tilePositionOfsets": [
        5318
      ],
      "shouldPause": false
    },
    {
      "itemType": 54,
      "tilePositionOfsets": [
        4918
      ],
      "shouldPause": false
    },
    {
      "itemType": 54,
      "tilePositionOfsets": [
        4518
      ],
      "shouldPause": false
    },
    {
      "itemType": 54,
      "tilePositionOfsets": [
        4118
      ],
      "shouldPause": false
    },
    {
      "itemType": 54,
      "tilePositionOfsets": [
        4228
      ],
      "shouldPause": false
    },
    {
      "itemType": 54,
      "tilePositionOfsets": [
        5223
      ],
      "shouldPause": false
    },
    {
      "itemType": 54,
      "tilePositionOfsets": [
        5718
      ],
      "shouldPause": false
    },
    {
      "itemType": 81,
      "tilePositionOfsets": [
        5456
      ],
      "shouldPause": false
    },
    {
      "itemType": 87,
      "tilePositionOfsets": [
        4833
      ],
      "shouldPause": false
    },
    {
      "itemType": 77,
      "tilePositionOfsets": [
        4350
      ],
      "shouldPause": false
    },
    {
      "itemType": 106,
      "tilePositionOfsets": [
        6467,
        6468,
        6367,
        6368,
        6267,
        6268,
        6167,
        6168,
        6067,
        6068,
        5967,
        5968,
        5867,
        5868,
        5767,
        5768,
        5667,
        5668,
        5567,
        5568,
        5467,
        5468,
        5367,
        5368,
        5267,
        5268,
        5167,
        5168,
        5067,
        5068,
        4967,
        4968,
        4867,
        4868,
        4767,
        4768,
        4667,
        4668,
        4567,
        4568,
        4467,
        4468,
        4367,
        4368,
        4267,
        4268,
        4167,
        4168,
        4067,
        4068,
        3967,
        3968,
        3867,
        3868,
        3767,
        3768,
        3667,
        3668,
        3567,
        3568,
        3467,
        3468,
        3367,
        3368,
        3267,
        3268,
        3149,
        3150,
        3151,
        3152,
        3153,
        3154,
        3155,
        3156,
        3157,
        3158,
        3159,
        3160,
        3161,
        3162,
        3163,
        3164,
        3165,
        3166,
        3167,
        3168,
        3049,
        3050,
        3051,
        3052,
        3053,
        3054,
        3055,
        3056,
        3057,
        3058,
        3059,
        3060,
        3061,
        3062,
        3063,
        3064,
        3065,
        3066,
        3067,
        3068
      ],
      "shouldPause": false
    },
    {
      "itemType": 106,
      "tilePositionOfsets": [
        3114,
        3115,
        3116,
        3117,
        3118,
        3119,
        3120,
        3121,
        3122,
        3123,
        3124,
        3125,
        3126,
        3127,
        3128,
        3129,
        3130,
        3131,
        3132,
        3133,
        3134,
        3135,
        3136,
        3137,
        3138,
        3139,
        3140,
        3141,
        3142,
        3143,
        3014,
        3015,
        3016,
        3017,
        3018,
        3019,
        3020,
        3021,
        3022,
        3023,
        3024,
        3025,
        3026,
        3027,
        3028,
        3029,
        3030,
        3031,
        3032,
        3033,
        3034,
        3035,
        3036,
        3037,
        3038,
        3039,
        3040,
        3041,
        3042,
        3043
      ],
      "shouldPause": false
    },
    {
      "itemType": 106,
      "tilePositionOfsets": [
        6412,
        6413,
        6312,
        6313,
        6212,
        6213,
        6112,
        6113,
        6012,
        6013,
        5912,
        5913,
        5812,
        5813,
        5712,
        5713,
        5612,
        5613,
        5512,
        5513,
        5412,
        5413,
        5312,
        5313,
        5212,
        5213,
        5112,
        5113,
        5012,
        5013,
        4912,
        4913,
        4812,
        4813,
        4712,
        4713,
        4612,
        4613,
        4512,
        4513,
        4412,
        4413,
        4312,
        4313,
        4212,
        4213,
        4112,
        4113,
        4012,
        4013,
        3912,
        3913,
        3812,
        3813,
        3712,
        3713,
        3612,
        3613,
        3512,
        3513,
        3412,
        3413,
        3312,
        3313,
        3212,
        3213,
        3112,
        3113,
        3012,
        3013
      ],
      "shouldPause": false
    },
    {
      "itemType": 330,
      "tilePositionOfsets": [
        4045
      ],
      "shouldPause": false
    },
    {
      "itemType": 96,
      "tilePositionOfsets": [
        5929
      ],
      "shouldPause": false
    },
    {
      "itemType": 50,
      "tilePositionOfsets": [
        4956
      ],
      "shouldPause": false
    },
    {
      "itemType": 82,
      "tilePositionOfsets": [
        4456
      ],
      "shouldPause": false
    },
    {
      "itemType": 65,
      "tilePositionOfsets": [
        3749
      ],
      "shouldPause": false
    },
    {
      "itemType": 65,
      "tilePositionOfsets": [
        3738
      ],
      "shouldPause": false
    },
    {
      "itemType": 146,
      "tilePositionOfsets": [
        6643
      ],
      "shouldPause": false
    },
    {
      "itemType": 25,
      "tilePositionOfsets": [
        6350,
        6351,
        6352,
        6353
      ],
      "shouldPause": false
    },
    {
      "itemType": 25,
      "tilePositionOfsets": [
        6250,
        6251,
        6252,
        6253
      ],
      "shouldPause": false
    },
    {
      "itemType": 25,
      "tilePositionOfsets": [
        6150,
        6151,
        6152,
        6153
      ],
      "shouldPause": false
    },
    {
      "itemType": 113,
      "tilePositionOfsets": [
        6554
      ],
      "shouldPause": false
    },
    {
      "itemType": 25,
      "tilePositionOfsets": [
        6326,
        6327,
        6328,
        6329,
        6330,
        6331,
        6332,
        6333,
        6334,
        6335,
        6336,
        6337,
        6338,
        6339,
        6340,
        6341,
        6342
      ],
      "shouldPause": false
    },
    {
      "itemType": 25,
      "tilePositionOfsets": [
        6226,
        6227,
        6228,
        6229,
        6230,
        6231,
        6232,
        6233,
        6234,
        6235,
        6236,
        6237,
        6238,
        6239,
        6240,
        6241,
        6242
      ],
      "shouldPause": false
    },
    {
      "itemType": 25,
      "tilePositionOfsets": [
        6126,
        6127,
        6128,
        6129,
        6130,
        6131,
        6132,
        6133,
        6134,
        6135,
        6136,
        6137,
        6138,
        6139,
        6140,
        6141,
        6142
      ],
      "shouldPause": false
    },
    {
      "itemType": 113,
      "tilePositionOfsets": [
        6520
      ],
      "shouldPause": false
    },
    {
      "itemType": 25,
      "tilePositionOfsets": [
        6315,
        6316,
        6317,
        6318,
        6319
      ],
      "shouldPause": false
    },
    {
      "itemType": 25,
      "tilePositionOfsets": [
        6215,
        6216,
        6217,
        6218,
        6219
      ],
      "shouldPause": false
    },
    {
      "itemType": 25,
      "tilePositionOfsets": [
        6115,
        6116,
        6117,
        6118,
        6119
      ],
      "shouldPause": false
    },
    {
      "itemType": 25,
      "tilePositionOfsets": [
        6360,
        6361,
        6362,
        6363,
        6364,
        6365
      ],
      "shouldPause": false
    },
    {
      "itemType": 25,
      "tilePositionOfsets": [
        6260,
        6261,
        6262,
        6263,
        6264,
        6265
      ],
      "shouldPause": false
    },
    {
      "itemType": 25,
      "tilePositionOfsets": [
        6160,
        6161,
        6162,
        6163,
        6164,
        6165
      ],
      "shouldPause": false
    },
    {
      "itemType": 25,
      "tilePositionOfsets": [
        6065,
        5965,
        5865,
        5765,
        5665,
        5565,
        5465,
        5365,
        5265,
        5165,
        5065
      ],
      "shouldPause": false
    },
    {
      "itemType": 25,
      "tilePositionOfsets": [
        6064,
        5964,
        5864,
        5764,
        5664,
        5564,
        5464,
        5364,
        5264,
        5164,
        5064
      ],
      "shouldPause": false
    },
    {
      "itemType": 25,
      "tilePositionOfsets": [
        6015,
        5915,
        5815
      ],
      "shouldPause": false
    },
    {
      "itemType": 25,
      "tilePositionOfsets": [
        6016,
        5916,
        5816
      ],
      "shouldPause": false
    },
    {
      "itemType": 88,
      "tilePositionOfsets": [
        4823
      ],
      "shouldPause": false
    },
    {
      "itemType": 84,
      "tilePositionOfsets": [
        5956
      ],
      "shouldPause": false
    },
    {
      "itemType": 83,
      "tilePositionOfsets": [
        5951
      ],
      "shouldPause": false
    },
    {
      "itemType": 95,
      "tilePositionOfsets": [
        5923
      ],
      "shouldPause": false
    },
    {
      "itemType": 144,
      "tilePositionOfsets": [
        3544
      ],
      "shouldPause": false
    },
    {
      "itemType": 65,
      "tilePositionOfsets": [
        3755
      ],
      "shouldPause": true
    },
    {
      "itemType": 65,
      "tilePositionOfsets": [
        3732
      ],
      "shouldPause": false
    },
    {
      "itemType": 166,
      "tilePositionOfsets": [
        4964
      ],
      "shouldPause": false
    },
    {
      "itemType": 166,
      "tilePositionOfsets": [
        4664
      ],
      "shouldPause": false
    },
    {
      "itemType": 166,
      "tilePositionOfsets": [
        4364
      ],
      "shouldPause": false
    },
    {
      "itemType": 166,
      "tilePositionOfsets": [
        4064
      ],
      "shouldPause": false
    },
    {
      "itemType": 169,
      "tilePositionOfsets": [
        5714
      ],
      "shouldPause": false
    },
    {
      "itemType": 169,
      "tilePositionOfsets": [
        5314
      ],
      "shouldPause": false
    },
    {
      "itemType": 169,
      "tilePositionOfsets": [
        4914
      ],
      "shouldPause": false
    },
    {
      "itemType": 169,
      "tilePositionOfsets": [
        4514
      ],
      "shouldPause": false
    },
    {
      "itemType": 169,
      "tilePositionOfsets": [
        4114
      ],
      "shouldPause": false
    },
    {
      "itemType": 26,
      "tilePositionOfsets": [
        6314,
        6214,
        6114,
        6014,
        5914,
        5814
      ],
      "shouldPause": false
    },
    {
      "itemType": 26,
      "tilePositionOfsets": [
        6414,
        6415,
        6416,
        6417,
        6418,
        6419
      ],
      "shouldPause": false
    },
    {
      "itemType": 26,
      "tilePositionOfsets": [
        6426,
        6427,
        6428,
        6429,
        6430,
        6431,
        6432,
        6433,
        6434,
        6435,
        6436,
        6437,
        6438,
        6439,
        6440,
        6441,
        6442
      ],
      "shouldPause": false
    },
    {
      "itemType": 26,
      "tilePositionOfsets": [
        6450,
        6451,
        6452,
        6453
      ],
      "shouldPause": false
    },
    {
      "itemType": 26,
      "tilePositionOfsets": [
        6460,
        6461,
        6462,
        6463,
        6464,
        6465,
        6466
      ],
      "shouldPause": false
    },
    {
      "itemType": 26,
      "tilePositionOfsets": [
        6366,
        6266,
        6166,
        6066,
        5966,
        5866,
        5766,
        5666,
        5566,
        5466,
        5366,
        5266,
        5166,
        5066
      ],
      "shouldPause": false
    },
    {
      "itemType": 83,
      "tilePositionOfsets": [
        4960
      ],
      "shouldPause": false
    },
    {
      "itemType": 84,
      "tilePositionOfsets": [
        4460
      ],
      "shouldPause": false
    },
    {
      "itemType": 65,
      "tilePositionOfsets": [
        3761
      ],
      "shouldPause": false
    },
    {
      "itemType": 65,
      "tilePositionOfsets": [
        3726
      ],
      "shouldPause": false
    },
    {
      "itemType": 65,
      "tilePositionOfsets": [
        3720
      ],
      "shouldPause": false
    },
    {
      "itemType": 65,
      "tilePositionOfsets": [
        3714
      ],
      "shouldPause": false
    },
    {
      "itemType": 318,
      "tilePositionOfsets": [
        4528
      ],
      "shouldPause": false
    },
    {
      "itemType": 318,
      "tilePositionOfsets": [
        4728
      ],
      "shouldPause": false
    },
    {
      "itemType": 318,
      "tilePositionOfsets": [
        4928
      ],
      "shouldPause": false
    },
    {
      "itemType": 318,
      "tilePositionOfsets": [
        4530
      ],
      "shouldPause": false
    },
    {
      "itemType": 318,
      "tilePositionOfsets": [
        4730
      ],
      "shouldPause": false
    },
    {
      "itemType": 318,
      "tilePositionOfsets": [
        4930
      ],
      "shouldPause": false
    },
    {
      "itemType": 313,
      "tilePositionOfsets": [
        5938
      ],
      "shouldPause": false
    },
    {
      "itemType": 313,
      "tilePositionOfsets": [
        5738
      ],
      "shouldPause": false
    },
    {
      "itemType": 313,
      "tilePositionOfsets": [
        5940
      ],
      "shouldPause": false
    },
    {
      "itemType": 313,
      "tilePositionOfsets": [
        5740
      ],
      "shouldPause": false
    },
    {
      "itemType": 313,
      "tilePositionOfsets": [
        5262
      ],
      "shouldPause": false
    },
    {
      "itemType": 313,
      "tilePositionOfsets": [
        5462
      ],
      "shouldPause": false
    },
    {
      "itemType": 313,
      "tilePositionOfsets": [
        5662
      ],
      "shouldPause": false
    },
    {
      "itemType": 313,
      "tilePositionOfsets": [
        5862
      ],
      "shouldPause": false
    },
    {
      "itemType": 313,
      "tilePositionOfsets": [
        6062
      ],
      "shouldPause": false
    },
    {
      "itemType": 313,
      "tilePositionOfsets": [
        6060
      ],
      "shouldPause": false
    },
    {
      "itemType": 313,
      "tilePositionOfsets": [
        5860
      ],
      "shouldPause": false
    },
    {
      "itemType": 97,
      "tilePositionOfsets": [
        6370
      ],
      "shouldPause": true
    },
    {
      "itemType": 95,
      "tilePositionOfsets": [
        4970
      ],
      "shouldPause": true
    },
    {
      "itemType": 95,
      "tilePositionOfsets": [
        4270
      ],
      "shouldPause": true
    },
    {
      "itemType": 95,
      "tilePositionOfsets": [
        3570
      ],
      "shouldPause": true
    },
    {
      "itemType": 95,
      "tilePositionOfsets": [
        4977
      ],
      "shouldPause": true
    },
    {
      "itemType": 95,
      "tilePositionOfsets": [
        4277
      ],
      "shouldPause": true
    },
    {
      "itemType": 95,
      "tilePositionOfsets": [
        3577
      ],
      "shouldPause": true
    }
  ],
  "miscItems": [
    {
      "positionOfset": 6357,
      "itemType": 3,
      "number": 0
    },
    {
      "positionOfset": 6222,
      "itemType": 3,
      "number": 1
    },
    {
      "positionOfset": 5546,
      "itemType": 6,
      "number": 0
    },
    {
      "positionOfset": 6546,
      "itemType": 6,
      "number": 1
    },
    {
      "positionOfset": 6458,
      "itemType": 6,
      "number": 2
    },
    {
      "positionOfset": 6421,
      "itemType": 6,
      "number": 3
    },
    {
      "positionOfset": 5915,
      "itemType": 6,
      "number": 4
    },
    {
      "positionOfset": 5665,
      "itemType": 6,
      "number": 5
    },
    {
      "positionOfset": 3246,
      "itemType": 6,
      "number": 6
    },
    {
      "positionOfset": 6456,
      "itemType": 6,
      "number": 7
    },
    {
      "positionOfset": 6425,
      "itemType": 6,
      "number": 8
    },
    {
      "positionOfset": 5949,
      "itemType": 8,
      "number": 0
    },
    {
      "positionOfset": 5944,
      "itemType": 8,
      "number": 1
    },
    {
      "positionOfset": 5144,
      "itemType": 8,
      "number": 2
    },
    {
      "positionOfset": 5047,
      "itemType": 8,
      "number": 3
    },
    {
      "positionOfset": 4646,
      "itemType": 8,
      "number": 4
    },
    {
      "positionOfset": 3646,
      "itemType": 8,
      "number": 5
    },
    {
      "positionOfset": 6710,
      "itemType": 12,
      "number": 0
    },
    {
      "positionOfset": 2810,
      "itemType": 12,
      "number": 1
    },
    {
      "positionOfset": 2871,
      "itemType": 12,
      "number": 2
    },
    {
      "positionOfset": 6771,
      "itemType": 12,
      "number": 3
    },
    {
      "positionOfset": 5246,
      "itemType": 13,
      "number": 0
    }
  ]
}