{
  "pauseDelayAmount": 90,
  "frames": [
    {
      "itemType": 61,
      "tilePositionOfsets": [
        5643
      ],
      "shouldPause": false
    },
    {
      "itemType": 52,
      "tilePositionOfsets": [
        4950
      ],
      "shouldPause": false
    },
    {
      "itemType": 52,
      "tilePositionOfsets": [
        4450
      ],
      "shouldPause": false
    },
    {
      "itemType": 80,
      "tilePositionOfsets": [
        5456
      ],
      "shouldPause": false
    },
    {
      "itemType": 81,
      "tilePositionOfsets": [
        5056
      ],
      "shouldPause": false
    },
    {
      "itemType": 54,
      "tilePositionOfsets": [
        5039
      ],
      "shouldPause": false
    },
    {
      "itemType": 54,
      "tilePositionOfsets": [
        4639
      ],
      "shouldPause": false
    },
    {
      "itemType": 54,
      "tilePositionOfsets": [
        4239
      ],
      "shouldPause": false
    },
    {
      "itemType": 54,
      "tilePositionOfsets": [
        4879
      ],
      "shouldPause": false
    },
    {
      "itemType": 54,
      "tilePositionOfsets": [
        4479
      ],
      "shouldPause": false
    },
    {
      "itemType": 54,
      "tilePositionOfsets": [
        4079
      ],
      "shouldPause": false
    },
    {
      "itemType": 54,
      "tilePositionOfsets": [
        3679
      ],
      "shouldPause": false
    },
    {
      "itemType": 54,
      "tilePositionOfsets": [
        5031
      ],
      "shouldPause": false
    },
    {
      "itemType": 54,
      "tilePositionOfsets": [
        4631
      ],
      "shouldPause": false
    },
    {
      "itemType": 87,
      "tilePositionOfsets": [
        5461
      ],
      "shouldPause": false
    },
    {
      "itemType": 77,
      "tilePositionOfsets": [
        5631
      ],
      "shouldPause": false
    },
    {
      "itemType": 95,
      "tilePositionOfsets": [
        4466
      ],
      "shouldPause": false
    },
    {
      "itemType": 106,
      "tilePositionOfsets": [
        4876,
        4877,
        4776,
        4777,
        4676,
        4677,
        4576,
        4577,
        4476,
        4477,
        4376,
        4377,
        4275,
        4276,
        4277,
        4175,
        4176,
        4177,
        4075,
        4076,
        4077,
        3975,
        3976,
        3977,
        3875,
        3876,
        3877,
        3775,
        3776,
        3777,
        3675,
        3676,
        3677,
        3575,
        3576,
        3577,
        3475,
        3476,
        3477,
        3375,
        3376,
        3377,
        3261,
        3262,
        3263,
        3264,
        3265,
        3266,
        3267,
        3268,
        3269,
        3270,
        3271,
        3272,
        3273,
        3274,
        3275,
        3276,
        3277,
        3161,
        3162,
        3163,
        3164,
        3165,
        3166,
        3167,
        3168,
        3169,
        3170,
        3171,
        3172,
        3173,
        3174,
        3175,
        3176,
        3177
      ],
      "shouldPause": false
    },
    {
      "itemType": 106,
      "tilePositionOfsets": [
        5035,
        5036,
        4935,
        4936,
        4835,
        4836,
        4735,
        4736,
        4635,
        4636,
        4535,
        4536,
        4435,
        4436,
        4335,
        4336,
        4235,
        4236,
        4135,
        4136,
        4035,
        4036,
        3935,
        3936,
        3835,
        3836,
        3837,
        3735,
        3736,
        3737,
        3635,
        3636,
        3637,
        3535,
        3536,
        3537,
        3435,
        3436,
        3437,
        3335,
        3336,
        3337,
        3235,
        3236,
        3237,
        3238,
        3239,
        3240,
        3241,
        3242,
        3243,
        3244,
        3245,
        3246,
        3247,
        3248,
        3249,
        3250,
        3251,
        3252,
        3253,
        3254,
        3255,
        3135,
        3136,
        3137,
        3138,
        3139,
        3140,
        3141,
        3142,
        3143,
        3144,
        3145,
        3146,
        3147,
        3148,
        3149,
        3150,
        3151,
        3152,
        3153,
        3154,
        3155
      ],
      "shouldPause": false
    },
    {
      "itemType": 146,
      "tilePositionOfsets": [
        6258
      ],
      "shouldPause": false
    },
    {
      "itemType": 25,
      "tilePositionOfsets": [
        5665,
        5666,
        5667,
        5668,
        5669,
        5670,
        5671
      ],
      "shouldPause": false
    },
    {
      "itemType": 25,
      "tilePositionOfsets": [
        5765,
        5766,
        5767,
        5768,
        5769,
        5770,
        5771
      ],
      "shouldPause": false
    },
    {
      "itemType": 25,
      "tilePositionOfsets": [
        5865,
        5866,
        5867,
        5868,
        5869,
        5870,
        5871
      ],
      "shouldPause": false
    },
    {
      "itemType": 113,
      "tilePositionOfsets": [
        5972
      ],
      "shouldPause": false
    },
    {
      "itemType": 25,
      "tilePositionOfsets": [
        5650,
        5651,
        5652,
        5653,
        5654,
        5655,
        5656,
        5657
      ],
      "shouldPause": false
    },
    {
      "itemType": 25,
      "tilePositionOfsets": [
        5743,
        5744,
        5745,
        5746,
        5747,
        5748,
        5749,
        5750,
        5751,
        5752,
        5753,
        5754,
        5755,
        5756,
        5757
      ],
      "shouldPause": false
    },
    {
      "itemType": 25,
      "tilePositionOfsets": [
        5843,
        5844,
        5845,
        5846,
        5847,
        5848,
        5849,
        5850,
        5851,
        5852,
        5853,
        5854,
        5855,
        5856,
        5857
      ],
      "shouldPause": false
    },
    {
      "itemType": 113,
      "tilePositionOfsets": [
        5937
      ],
      "shouldPause": false
    },
    {
      "itemType": 144,
      "tilePositionOfsets": [
        3656
      ],
      "shouldPause": false
    },
    {
      "itemType": 65,
      "tilePositionOfsets": [
        3861
      ],
      "shouldPause": false
    },
    {
      "itemType": 65,
      "tilePositionOfsets": [
        3850
      ],
      "shouldPause": false
    },
    {
      "itemType": 25,
      "tilePositionOfsets": [
        5340,
        5240,
        5140
      ],
      "shouldPause": false
    },
    {
      "itemType": 25,
      "tilePositionOfsets": [
        5341,
        5241,
        5141
      ],
      "shouldPause": false
    },
    {
      "itemType": 25,
      "tilePositionOfsets": [
        5338,
        5238,
        5138,
        5038,
        4938
      ],
      "shouldPause": false
    },
    {
      "itemType": 25,
      "tilePositionOfsets": [
        5339,
        5239,
        5139
      ],
      "shouldPause": false
    },
    {
      "itemType": 25,
      "tilePositionOfsets": [
        5373,
        5273,
        5173,
        5073,
        4973
      ],
      "shouldPause": false
    },
    {
      "itemType": 25,
      "tilePositionOfsets": [
        5374,
        5274,
        5174,
        5074,
        4974
      ],
      "shouldPause": false
    },
    {
      "itemType": 25,
      "tilePositionOfsets": [
        5375,
        5275,
        5175,
        5075,
        4975
      ],
      "shouldPause": false
    },
    {
      "itemType": 25,
      "tilePositionOfsets": [
        5376,
        5276,
        5176,
        5076,
        4976
      ],
      "shouldPause": false
    },
    {
      "itemType": 82,
      "tilePositionOfsets": [
        4356
      ],
      "shouldPause": false
    },
    {
      "itemType": 50,
      "tilePositionOfsets": [
        4360
      ],
      "shouldPause": false
    },
    {
      "itemType": 88,
      "tilePositionOfsets": [
        5979
      ],
      "shouldPause": false
    },
    {
      "itemType": 65,
      "tilePositionOfsets": [
        3867
      ],
      "shouldPause": true
    },
    {
      "itemType": 313,
      "tilePositionOfsets": [
        3473
      ],
      "shouldPause": false
    },
    {
      "itemType": 313,
      "tilePositionOfsets": [
        3673
      ],
      "shouldPause": false
    },
    {
      "itemType": 313,
      "tilePositionOfsets": [
        3873
      ],
      "shouldPause": false
    },
    {
      "itemType": 313,
      "tilePositionOfsets": [
        4073
      ],
      "shouldPause": false
    },
    {
      "itemType": 313,
      "tilePositionOfsets": [
        4273
      ],
      "shouldPause": false
    },
    {
      "itemType": 166,
      "tilePositionOfsets": [
        4873
      ],
      "shouldPause": false
    },
    {
      "itemType": 166,
      "tilePositionOfsets": [
        4573
      ],
      "shouldPause": false
    },
    {
      "itemType": 65,
      "tilePositionOfsets": [
        3844
      ],
      "shouldPause": false
    },
    {
      "itemType": 65,
      "tilePositionOfsets": [
        3838
      ],
      "shouldPause": false
    },
    {
      "itemType": 318,
      "tilePositionOfsets": [
        4037
      ],
      "shouldPause": false
    },
    {
      "itemType": 318,
      "tilePositionOfsets": [
        4237
      ],
      "shouldPause": false
    },
    {
      "itemType": 318,
      "tilePositionOfsets": [
        4437
      ],
      "shouldPause": false
    },
    {
      "itemType": 318,
      "tilePositionOfsets": [
        4637
      ],
      "shouldPause": false
    },
    {
      "itemType": 318,
      "tilePositionOfsets": [
        4837
      ],
      "shouldPause": false
    },
    {
      "itemType": 26,
      "tilePositionOfsets": [
        5337,
        5237,
        5137,
        5037,
        4937
      ],
      "shouldPause": false
    },
    {
      "itemType": 26,
      "tilePositionOfsets": [
        5377,
        5277,
        5177,
        5077,
        4977
      ],
      "shouldPause": false
    },
    {
      "itemType": 26,
      "tilePositionOfsets": [
        5965,
        5966,
        5967,
        5968,
        5969,
        5970,
        5971
      ],
      "shouldPause": false
    },
    {
      "itemType": 26,
      "tilePositionOfsets": [
        5943,
        5944,
        5945,
        5946,
        5947,
        5948,
        5949,
        5950,
        5951,
        5952,
        5953,
        5954,
        5955,
        5956,
        5957
      ],
      "shouldPause": false
    },
    {
      "itemType": 96,
      "tilePositionOfsets": [
        5885
      ],
      "shouldPause": true
    },
    {
      "itemType": 97,
      "tilePositionOfsets": [
        4884
      ],
      "shouldPause": true
    },
    {
      "itemType": 95,
      "tilePositionOfsets": [
        4128
      ],
      "shouldPause": true
    },
    {
      "itemType": 95,
      "tilePositionOfsets": [
        3528
      ],
      "shouldPause": true
    }
  ],
  "miscItems": [
    {
      "positionOfset": 5774,
      "itemType": 3,
      "number": 0
    },
    {
      "positionOfset": 5740,
      "itemType": 3,
      "number": 1
    },
    {
      "positionOfset": 5876,
      "itemType": 6,
      "number": 0
    },
    {
      "positionOfset": 5838,
      "itemType": 6,
      "number": 1
    },
    {
      "positionOfset": 6159,
      "itemType": 6,
      "number": 2
    },
    {
      "positionOfset": 6163,
      "itemType": 6,
      "number": 3
    },
    {
      "positionOfset": 3358,
      "itemType": 6,
      "number": 4
    },
    {
      "positionOfset": 5546,
      "itemType": 6,
      "number": 5
    },
    {
      "positionOfset": 5841,
      "itemType": 6,
      "number": 6
    },
    {
      "positionOfset": 5972,
      "itemType": 6,
      "number": 7
    },
    {
      "positionOfset": 5148,
      "itemType": 8,
      "number": 0
    },
    {
      "positionOfset": 5144,
      "itemType": 8,
      "number": 1
    },
    {
      "positionOfset": 5558,
      "itemType": 8,
      "number": 2
    },
    {
      "positionOfset": 5563,
      "itemType": 8,
      "number": 3
    },
    {
      "positionOfset": 4446,
      "itemType": 8,
      "number": 4
    },
    {
      "positionOfset": 3858,
      "itemType": 8,
      "number": 5
    },
    {
      "positionOfset": 6562,
      "itemType": 12,
      "number": 0
    },
    {
      "positionOfset": 6027,
      "itemType": 12,
      "number": 1
    },
    {
      "positionOfset": 2833,
      "itemType": 12,
      "number": 2
    },
    {
      "positionOfset": 2958,
      "itemType": 12,
      "number": 3
    },
    {
      "positionOfset": 2983,
      "itemType": 12,
      "number": 4
    },
    {
      "positionOfset": 6087,
      "itemType": 12,
      "number": 5
    },
    {
      "positionOfset": 5346,
      "itemType": 13,
      "number": 0
    }
  ]
}