{
  "pauseDelayAmount": 50,
  "frames": [
    {
      "itemType": 61,
      "tilePositionOfsets": [
        5643
      ],
      "shouldPause": false
    },
    {
      "itemType": 80,
      "tilePositionOfsets": [
        5456
      ],
      "shouldPause": false
    },
    {
      "itemType": 52,
      "tilePositionOfsets": [
        4950
      ],
      "shouldPause": false
    },
    {
      "itemType": 54,
      "tilePositionOfsets": [
        5856
      ],
      "shouldPause": false
    },
    {
      "itemType": 54,
      "tilePositionOfsets": [
        5661
      ],
      "shouldPause": false
    },
    {
      "itemType": 54,
      "tilePositionOfsets": [
        5665
      ],
      "shouldPause": false
    },
    {
      "itemType": 54,
      "tilePositionOfsets": [
        5923
      ],
      "shouldPause": false
    },
    {
      "itemType": 54,
      "tilePositionOfsets": [
        5523
      ],
      "shouldPause": false
    },
    {
      "itemType": 54,
      "tilePositionOfsets": [
        6038
      ],
      "shouldPause": false
    },
    {
      "itemType": 54,
      "tilePositionOfsets": [
        5513
      ],
      "shouldPause": false
    },
    {
      "itemType": 54,
      "tilePositionOfsets": [
        4223
      ],
      "shouldPause": false
    },
    {
      "itemType": 54,
      "tilePositionOfsets": [
        4227
      ],
      "shouldPause": false
    },
    {
      "itemType": 54,
      "tilePositionOfsets": [
        5577
      ],
      "shouldPause": false
    },
    {
      "itemType": 81,
      "tilePositionOfsets": [
        4351
      ],
      "shouldPause": false
    },
    {
      "itemType": 87,
      "tilePositionOfsets": [
        4833
      ],
      "shouldPause": false
    },
    {
      "itemType": 106,
      "tilePositionOfsets": [
        5973,
        5974,
        5873,
        5874,
        5773,
        5774,
        5673,
        5674,
        5573,
        5574,
        5473,
        5474,
        5373,
        5374,
        5273,
        5274,
        5173,
        5174,
        5073,
        5074,
        4973,
        4974,
        4873,
        4874,
        4773,
        4774,
        4673,
        4674,
        4573,
        4574,
        4473,
        4474,
        4373,
        4374,
        4273,
        4274,
        4173,
        4174,
        4073,
        4074,
        3973,
        3974,
        3873,
        3874,
        3773,
        3774,
        3673,
        3674,
        3573,
        3574,
        3473,
        3474,
        3373,
        3374,
        3249,
        3250,
        3251,
        3252,
        3253,
        3254,
        3255,
        3256,
        3257,
        3258,
        3259,
        3260,
        3261,
        3262,
        3263,
        3264,
        3265,
        3266,
        3267,
        3268,
        3269,
        3270,
        3271,
        3272,
        3273,
        3274,
        3149,
        3150,
        3151,
        3152,
        3153,
        3154,
        3155,
        3156,
        3157,
        3158,
        3159,
        3160,
        3161,
        3162,
        3163,
        3164,
        3165,
        3166,
        3167,
        3168,
        3169,
        3170,
        3171,
        3172,
        3173,
        3174
      ],
      "shouldPause": false
    },
    {
      "itemType": 106,
      "tilePositionOfsets": [
        5918,
        5919,
        5818,
        5819,
        5718,
        5719,
        5618,
        5619,
        5518,
        5519,
        5418,
        5419,
        5318,
        5319,
        5218,
        5219,
        5118,
        5119,
        5018,
        5019,
        4918,
        4919,
        4818,
        4819,
        4718,
        4719,
        4618,
        4619,
        4518,
        4519,
        4418,
        4419,
        4318,
        4319,
        4218,
        4219,
        4118,
        4119,
        4018,
        4019,
        3918,
        3919,
        3818,
        3819,
        3718,
        3719,
        3618,
        3619,
        3518,
        3519,
        3418,
        3419,
        3318,
        3319,
        3218,
        3219,
        3220,
        3221,
        3222,
        3223,
        3224,
        3225,
        3226,
        3227,
        3228,
        3229,
        3230,
        3231,
        3232,
        3233,
        3234,
        3235,
        3236,
        3237,
        3238,
        3239,
        3240,
        3241,
        3242,
        3243,
        3118,
        3119,
        3120,
        3121,
        3122,
        3123,
        3124,
        3125,
        3126,
        3127,
        3128,
        3129,
        3130,
        3131,
        3132,
        3133,
        3134,
        3135,
        3136,
        3137,
        3138,
        3139,
        3140,
        3141,
        3142,
        3143
      ],
      "shouldPause": false
    },
    {
      "itemType": 77,
      "tilePositionOfsets": [
        5438
      ],
      "shouldPause": false
    },
    {
      "itemType": 96,
      "tilePositionOfsets": [
        5928
      ],
      "shouldPause": false
    },
    {
      "itemType": 50,
      "tilePositionOfsets": [
        4956
      ],
      "shouldPause": false
    },
    {
      "itemType": 82,
      "tilePositionOfsets": [
        4460
      ],
      "shouldPause": false
    },
    {
      "itemType": 330,
      "tilePositionOfsets": [
        4145
      ],
      "shouldPause": false
    },
    {
      "itemType": 330,
      "tilePositionOfsets": [
        5853
      ],
      "shouldPause": false
    },
    {
      "itemType": 146,
      "tilePositionOfsets": [
        6543
      ],
      "shouldPause": false
    },
    {
      "itemType": 25,
      "tilePositionOfsets": [
        6350,
        6351,
        6352,
        6353,
        6354,
        6355,
        6356,
        6357,
        6358,
        6359,
        6360,
        6361,
        6362,
        6363,
        6364,
        6365,
        6366
      ],
      "shouldPause": false
    },
    {
      "itemType": 25,
      "tilePositionOfsets": [
        6250,
        6251,
        6252,
        6253,
        6254,
        6255,
        6256,
        6257,
        6258,
        6259,
        6260,
        6261,
        6262,
        6263,
        6264,
        6265,
        6266
      ],
      "shouldPause": false
    },
    {
      "itemType": 25,
      "tilePositionOfsets": [
        6150,
        6151,
        6152,
        6153,
        6154,
        6155,
        6156,
        6157,
        6158,
        6159,
        6160,
        6161,
        6162,
        6163,
        6164,
        6165,
        6166
      ],
      "shouldPause": false
    },
    {
      "itemType": 113,
      "tilePositionOfsets": [
        6567
      ],
      "shouldPause": false
    },
    {
      "itemType": 25,
      "tilePositionOfsets": [
        6326,
        6327,
        6328,
        6329,
        6330,
        6331,
        6332,
        6333,
        6334,
        6335,
        6336,
        6337,
        6338,
        6339,
        6340,
        6341,
        6342
      ],
      "shouldPause": false
    },
    {
      "itemType": 25,
      "tilePositionOfsets": [
        6226,
        6227,
        6228,
        6229,
        6230,
        6231,
        6232,
        6233,
        6234,
        6235,
        6236,
        6237,
        6238,
        6239,
        6240,
        6241,
        6242
      ],
      "shouldPause": false
    },
    {
      "itemType": 25,
      "tilePositionOfsets": [
        6126,
        6127,
        6128,
        6129,
        6130,
        6131,
        6132,
        6133,
        6134,
        6135,
        6136,
        6137,
        6138,
        6139,
        6140,
        6141,
        6142
      ],
      "shouldPause": false
    },
    {
      "itemType": 113,
      "tilePositionOfsets": [
        6520
      ],
      "shouldPause": false
    },
    {
      "itemType": 144,
      "tilePositionOfsets": [
        3644
      ],
      "shouldPause": false
    },
    {
      "itemType": 65,
      "tilePositionOfsets": [
        3849
      ],
      "shouldPause": false
    },
    {
      "itemType": 65,
      "tilePositionOfsets": [
        3838
      ],
      "shouldPause": false
    },
    {
      "itemType": 166,
      "tilePositionOfsets": [
        5970
      ],
      "shouldPause": true
    },
    {
      "itemType": 166,
      "tilePositionOfsets": [
        5920
      ],
      "shouldPause": false
    },
    {
      "itemType": 166,
      "tilePositionOfsets": [
        5620
      ],
      "shouldPause": false
    },
    {
      "itemType": 166,
      "tilePositionOfsets": [
        5670
      ],
      "shouldPause": false
    },
    {
      "itemType": 166,
      "tilePositionOfsets": [
        5370
      ],
      "shouldPause": false
    },
    {
      "itemType": 166,
      "tilePositionOfsets": [
        5320
      ],
      "shouldPause": false
    },
    {
      "itemType": 166,
      "tilePositionOfsets": [
        5020
      ],
      "shouldPause": false
    },
    {
      "itemType": 166,
      "tilePositionOfsets": [
        5070
      ],
      "shouldPause": false
    },
    {
      "itemType": 88,
      "tilePositionOfsets": [
        5065
      ],
      "shouldPause": false
    },
    {
      "itemType": 95,
      "tilePositionOfsets": [
        4926
      ],
      "shouldPause": false
    },
    {
      "itemType": 83,
      "tilePositionOfsets": [
        4456
      ],
      "shouldPause": false
    },
    {
      "itemType": 84,
      "tilePositionOfsets": [
        4960
      ],
      "shouldPause": false
    },
    {
      "itemType": 26,
      "tilePositionOfsets": [
        6450,
        6451,
        6452,
        6453,
        6454,
        6455,
        6456,
        6457,
        6458,
        6459,
        6460,
        6461,
        6462,
        6463,
        6464,
        6465,
        6466
      ],
      "shouldPause": false
    },
    {
      "itemType": 26,
      "tilePositionOfsets": [
        6426,
        6427,
        6428,
        6429,
        6430,
        6431,
        6432,
        6433,
        6434,
        6435,
        6436,
        6437,
        6438,
        6439,
        6440,
        6441,
        6442
      ],
      "shouldPause": false
    },
    {
      "itemType": 65,
      "tilePositionOfsets": [
        3855
      ],
      "shouldPause": false
    },
    {
      "itemType": 65,
      "tilePositionOfsets": [
        3832
      ],
      "shouldPause": false
    },
    {
      "itemType": 166,
      "tilePositionOfsets": [
        4770
      ],
      "shouldPause": false
    },
    {
      "itemType": 166,
      "tilePositionOfsets": [
        4720
      ],
      "shouldPause": false
    },
    {
      "itemType": 166,
      "tilePositionOfsets": [
        4420
      ],
      "shouldPause": false
    },
    {
      "itemType": 166,
      "tilePositionOfsets": [
        4470
      ],
      "shouldPause": false
    },
    {
      "itemType": 166,
      "tilePositionOfsets": [
        4170
      ],
      "shouldPause": false
    },
    {
      "itemType": 166,
      "tilePositionOfsets": [
        4120
      ],
      "shouldPause": false
    },
    {
      "itemType": 65,
      "tilePositionOfsets": [
        3861
      ],
      "shouldPause": false
    },
    {
      "itemType": 65,
      "tilePositionOfsets": [
        3826
      ],
      "shouldPause": false
    },
    {
      "itemType": 166,
      "tilePositionOfsets": [
        5967
      ],
      "shouldPause": false
    },
    {
      "itemType": 166,
      "tilePositionOfsets": [
        6064
      ],
      "shouldPause": false
    },
    {
      "itemType": 313,
      "tilePositionOfsets": [
        6062
      ],
      "shouldPause": false
    },
    {
      "itemType": 313,
      "tilePositionOfsets": [
        6058
      ],
      "shouldPause": false
    },
    {
      "itemType": 313,
      "tilePositionOfsets": [
        6054
      ],
      "shouldPause": false
    },
    {
      "itemType": 313,
      "tilePositionOfsets": [
        6050
      ],
      "shouldPause": false
    },
    {
      "itemType": 318,
      "tilePositionOfsets": [
        6060
      ],
      "shouldPause": false
    },
    {
      "itemType": 318,
      "tilePositionOfsets": [
        6056
      ],
      "shouldPause": false
    },
    {
      "itemType": 318,
      "tilePositionOfsets": [
        6052
      ],
      "shouldPause": false
    },
    {
      "itemType": 65,
      "tilePositionOfsets": [
        3820
      ],
      "shouldPause": false
    },
    {
      "itemType": 65,
      "tilePositionOfsets": [
        3867
      ],
      "shouldPause": false
    },
    {
      "itemType": 25,
      "tilePositionOfsets": [
        6373,
        6374,
        6375,
        6376,
        6377,
        6378,
        6379,
        6380,
        6381,
        6382,
        6383,
        6384,
        6385,
        6386,
        6387,
        6388,
        6389,
        6390,
        6391,
        6392,
        6393,
        6394,
        6395,
        6396,
        6397,
        6398
      ],
      "shouldPause": true
    },
    {
      "itemType": 25,
      "tilePositionOfsets": [
        6301,
        6302,
        6303,
        6304,
        6305,
        6306,
        6307,
        6308,
        6309,
        6310,
        6311,
        6312,
        6313,
        6314,
        6315,
        6316,
        6317,
        6318,
        6319
      ],
      "shouldPause": false
    },
    {
      "itemType": 25,
      "tilePositionOfsets": [
        6201,
        6202,
        6203,
        6204,
        6205,
        6206,
        6207,
        6208,
        6209,
        6210,
        6211,
        6212,
        6213,
        6214,
        6215,
        6216,
        6217,
        6218,
        6219
      ],
      "shouldPause": false
    },
    {
      "itemType": 25,
      "tilePositionOfsets": [
        6273,
        6274,
        6275,
        6276,
        6277,
        6278,
        6279,
        6280,
        6281,
        6282,
        6283,
        6284,
        6285,
        6286,
        6287,
        6288,
        6289,
        6290,
        6291,
        6292,
        6293,
        6294,
        6295,
        6296,
        6297,
        6298
      ],
      "shouldPause": false
    },
    {
      "itemType": 25,
      "tilePositionOfsets": [
        6173,
        6174,
        6175,
        6176,
        6177,
        6178,
        6179,
        6180,
        6181,
        6182,
        6183,
        6184,
        6185,
        6186,
        6187,
        6188,
        6189,
        6190,
        6191,
        6192,
        6193,
        6194,
        6195,
        6196,
        6197,
        6198
      ],
      "shouldPause": false
    },
    {
      "itemType": 25,
      "tilePositionOfsets": [
        6101,
        6102,
        6103,
        6104,
        6105,
        6106,
        6107,
        6108,
        6109,
        6110,
        6111,
        6112,
        6113,
        6114,
        6115,
        6116,
        6117,
        6118,
        6119
      ],
      "shouldPause": false
    },
    {
      "itemType": 26,
      "tilePositionOfsets": [
        6401,
        6402,
        6403,
        6404,
        6405,
        6406,
        6407,
        6408,
        6409,
        6410,
        6411,
        6412,
        6413,
        6414,
        6415,
        6416,
        6417,
        6418,
        6419
      ],
      "shouldPause": false
    },
    {
      "itemType": 26,
      "tilePositionOfsets": [
        6473,
        6474,
        6475,
        6476,
        6477,
        6478,
        6479,
        6480,
        6481,
        6482,
        6483,
        6484,
        6485,
        6486,
        6487,
        6488,
        6489,
        6490,
        6491,
        6492,
        6493,
        6494,
        6495,
        6496,
        6497,
        6498
      ],
      "shouldPause": false
    },
    {
      "itemType": 25,
      "tilePositionOfsets": [
        6073,
        6074,
        6075,
        6076,
        6077,
        6078,
        6079,
        6080,
        6081,
        6082,
        6083,
        6084,
        6085,
        6086,
        6087,
        6088,
        6089,
        6090,
        6091,
        6092,
        6093,
        6094,
        6095,
        6096,
        6097,
        6098
      ],
      "shouldPause": false
    },
    {
      "itemType": 25,
      "tilePositionOfsets": [
        6001,
        6002,
        6003,
        6004,
        6005,
        6006,
        6007,
        6008,
        6009,
        6010,
        6011,
        6012,
        6013,
        6014,
        6015,
        6016,
        6017,
        6018,
        6019
      ],
      "shouldPause": false
    },
    {
      "itemType": 97,
      "tilePositionOfsets": [
        5077
      ],
      "shouldPause": true
    },
    {
      "itemType": 95,
      "tilePositionOfsets": [
        3677
      ],
      "shouldPause": true
    },
    {
      "itemType": 95,
      "tilePositionOfsets": [
        5011
      ],
      "shouldPause": false
    },
    {
      "itemType": 95,
      "tilePositionOfsets": [
        4311
      ],
      "shouldPause": true
    },
    {
      "itemType": 95,
      "tilePositionOfsets": [
        3611
      ],
      "shouldPause": true
    }
  ],
  "miscItems": [
    {
      "positionOfset": 6270,
      "itemType": 3,
      "number": 0
    },
    {
      "positionOfset": 6222,
      "itemType": 3,
      "number": 1
    },
    {
      "positionOfset": 5546,
      "itemType": 6,
      "number": 0
    },
    {
      "positionOfset": 6446,
      "itemType": 6,
      "number": 1
    },
    {
      "positionOfset": 6471,
      "itemType": 6,
      "number": 2
    },
    {
      "positionOfset": 6421,
      "itemType": 6,
      "number": 3
    },
    {
      "positionOfset": 3346,
      "itemType": 6,
      "number": 4
    },
    {
      "positionOfset": 6467,
      "itemType": 6,
      "number": 5
    },
    {
      "positionOfset": 6424,
      "itemType": 6,
      "number": 6
    },
    {
      "positionOfset": 6203,
      "itemType": 6,
      "number": 7
    },
    {
      "positionOfset": 6292,
      "itemType": 6,
      "number": 8
    },
    {
      "positionOfset": 5849,
      "itemType": 8,
      "number": 0
    },
    {
      "positionOfset": 5844,
      "itemType": 8,
      "number": 1
    },
    {
      "positionOfset": 4746,
      "itemType": 8,
      "number": 2
    },
    {
      "positionOfset": 3746,
      "itemType": 8,
      "number": 3
    },
    {
      "positionOfset": 5148,
      "itemType": 8,
      "number": 4
    },
    {
      "positionOfset": 5044,
      "itemType": 8,
      "number": 5
    },
    {
      "positionOfset": 5811,
      "itemType": 12,
      "number": 0
    },
    {
      "positionOfset": 2913,
      "itemType": 12,
      "number": 1
    },
    {
      "positionOfset": 2879,
      "itemType": 12,
      "number": 2
    },
    {
      "positionOfset": 5880,
      "itemType": 12,
      "number": 3
    },
    {
      "positionOfset": 2877,
      "itemType": 12,
      "number": 4
    },
    {
      "positionOfset": 2915,
      "itemType": 12,
      "number": 5
    },
    {
      "positionOfset": 5246,
      "itemType": 13,
      "number": 0
    }
  ]
}