{
  "pauseDelayAmount": 30,
  "frames": [
    {
      "itemType": 61,
      "tilePositionOfsets": [
        5643
      ],
      "shouldPause": false
    },
    {
      "itemType": 52,
      "tilePositionOfsets": [
        5455
      ],
      "shouldPause": false
    },
    {
      "itemType": 52,
      "tilePositionOfsets": [
        5460
      ],
      "shouldPause": false
    },
    {
      "itemType": 80,
      "tilePositionOfsets": [
        4538
      ],
      "shouldPause": false
    },
    {
      "itemType": 80,
      "tilePositionOfsets": [
        4138
      ],
      "shouldPause": false
    },
    {
      "itemType": 54,
      "tilePositionOfsets": [
        5123
      ],
      "shouldPause": false
    },
    {
      "itemType": 54,
      "tilePositionOfsets": [
        5028
      ],
      "shouldPause": false
    },
    {
      "itemType": 54,
      "tilePositionOfsets": [
        5033
      ],
      "shouldPause": false
    },
    {
      "itemType": 54,
      "tilePositionOfsets": [
        4533
      ],
      "shouldPause": false
    },
    {
      "itemType": 54,
      "tilePositionOfsets": [
        5961
      ],
      "shouldPause": false
    },
    {
      "itemType": 54,
      "tilePositionOfsets": [
        4861
      ],
      "shouldPause": false
    },
    {
      "itemType": 77,
      "tilePositionOfsets": [
        4074
      ],
      "shouldPause": false
    },
    {
      "itemType": 81,
      "tilePositionOfsets": [
        5038
      ],
      "shouldPause": false
    },
    {
      "itemType": 87,
      "tilePositionOfsets": [
        6366
      ],
      "shouldPause": false
    },
    {
      "itemType": 113,
      "tilePositionOfsets": [
        6226
      ],
      "shouldPause": false
    },
    {
      "itemType": 25,
      "tilePositionOfsets": [
        5628,
        5528,
        5428,
        5328,
        5228
      ],
      "shouldPause": false
    },
    {
      "itemType": 25,
      "tilePositionOfsets": [
        5629,
        5529,
        5429,
        5329,
        5229
      ],
      "shouldPause": false
    },
    {
      "itemType": 25,
      "tilePositionOfsets": [
        5330,
        5331,
        5332,
        5333,
        5334,
        5335,
        5336,
        5337,
        5338,
        5339,
        5340,
        5341,
        5342
      ],
      "shouldPause": false
    },
    {
      "itemType": 25,
      "tilePositionOfsets": [
        5230,
        5231,
        5232,
        5233,
        5234,
        5235,
        5236,
        5237,
        5238,
        5239,
        5240,
        5241,
        5242
      ],
      "shouldPause": false
    },
    {
      "itemType": 50,
      "tilePositionOfsets": [
        4851
      ],
      "shouldPause": false
    },
    {
      "itemType": 85,
      "tilePositionOfsets": [
        5951
      ],
      "shouldPause": false
    },
    {
      "itemType": 330,
      "tilePositionOfsets": [
        4034
      ],
      "shouldPause": false
    },
    {
      "itemType": 25,
      "tilePositionOfsets": [
        5630,
        5631,
        5632
      ],
      "shouldPause": false
    },
    {
      "itemType": 25,
      "tilePositionOfsets": [
        6332,
        6232,
        6132,
        6032,
        5932,
        5832,
        5732
      ],
      "shouldPause": false
    },
    {
      "itemType": 25,
      "tilePositionOfsets": [
        6325,
        6326,
        6327,
        6328,
        6329,
        6330,
        6331
      ],
      "shouldPause": false
    },
    {
      "itemType": 25,
      "tilePositionOfsets": [
        6225,
        6125,
        6025,
        5925,
        5825,
        5725,
        5625
      ],
      "shouldPause": false
    },
    {
      "itemType": 25,
      "tilePositionOfsets": [
        5626,
        5627
      ],
      "shouldPause": false
    },
    {
      "itemType": 25,
      "tilePositionOfsets": [
        5524,
        5525,
        5526,
        5527
      ],
      "shouldPause": false
    },
    {
      "itemType": 25,
      "tilePositionOfsets": [
        6424,
        6324,
        6224,
        6124,
        6024,
        5924,
        5824,
        5724,
        5624
      ],
      "shouldPause": false
    },
    {
      "itemType": 25,
      "tilePositionOfsets": [
        6425,
        6426,
        6427,
        6428,
        6429,
        6430,
        6431,
        6432,
        6433
      ],
      "shouldPause": false
    },
    {
      "itemType": 25,
      "tilePositionOfsets": [
        6333,
        6233,
        6133,
        6033,
        5933,
        5833,
        5733,
        5633,
        5533
      ],
      "shouldPause": false
    },
    {
      "itemType": 25,
      "tilePositionOfsets": [
        5530,
        5531,
        5532
      ],
      "shouldPause": false
    },
    {
      "itemType": 46,
      "tilePositionOfsets": [
        5378,
        5278,
        5178,
        5078,
        4978,
        4878,
        4778,
        4678,
        4578,
        4478,
        4378,
        4278
      ],
      "shouldPause": false
    },
    {
      "itemType": 46,
      "tilePositionOfsets": [
        6577,
        6477,
        6377,
        6277,
        6177,
        6077,
        5977,
        5877,
        5777,
        5677,
        5577,
        5477,
        5377
      ],
      "shouldPause": false
    },
    {
      "itemType": 46,
      "tilePositionOfsets": [
        6564,
        6565,
        6566,
        6567,
        6568,
        6569,
        6570,
        6571,
        6572,
        6573,
        6574,
        6575,
        6576
      ],
      "shouldPause": false
    },
    {
      "itemType": 46,
      "tilePositionOfsets": [
        6464,
        6364,
        6264,
        6164
      ],
      "shouldPause": false
    },
    {
      "itemType": 46,
      "tilePositionOfsets": [
        6148,
        6149,
        6150,
        6151,
        6152,
        6153,
        6154,
        6155,
        6156,
        6157,
        6158,
        6159,
        6160,
        6161,
        6162,
        6163
      ],
      "shouldPause": false
    },
    {
      "itemType": 46,
      "tilePositionOfsets": [
        6048,
        5948,
        5848
      ],
      "shouldPause": false
    },
    {
      "itemType": 46,
      "tilePositionOfsets": [
        5841,
        5842,
        5843,
        5844,
        5845,
        5846,
        5847
      ],
      "shouldPause": false
    },
    {
      "itemType": 46,
      "tilePositionOfsets": [
        5741,
        5641,
        5541
      ],
      "shouldPause": false
    },
    {
      "itemType": 46,
      "tilePositionOfsets": [
        5535,
        5536,
        5537,
        5538,
        5539,
        5540
      ],
      "shouldPause": false
    },
    {
      "itemType": 46,
      "tilePositionOfsets": [
        6635,
        6535,
        6435,
        6335,
        6235,
        6135,
        6035,
        5935,
        5835,
        5735,
        5635
      ],
      "shouldPause": false
    },
    {
      "itemType": 46,
      "tilePositionOfsets": [
        6622,
        6623,
        6624,
        6625,
        6626,
        6627,
        6628,
        6629,
        6630,
        6631,
        6632,
        6633,
        6634
      ],
      "shouldPause": false
    },
    {
      "itemType": 46,
      "tilePositionOfsets": [
        6522,
        6422,
        6322,
        6222,
        6122,
        6022,
        5922,
        5822,
        5722,
        5622,
        5522,
        5422,
        5322
      ],
      "shouldPause": false
    },
    {
      "itemType": 46,
      "tilePositionOfsets": [
        5321,
        5221,
        5121,
        5021,
        4921,
        4821,
        4721,
        4621
      ],
      "shouldPause": false
    },
    {
      "itemType": 85,
      "tilePositionOfsets": [
        5956
      ],
      "shouldPause": false
    },
    {
      "itemType": 83,
      "tilePositionOfsets": [
        4856
      ],
      "shouldPause": false
    },
    {
      "itemType": 330,
      "tilePositionOfsets": [
        4070
      ],
      "shouldPause": false
    },
    {
      "itemType": 46,
      "tilePositionOfsets": [
        4622,
        4623,
        4624,
        4625,
        4626
      ],
      "shouldPause": false
    },
    {
      "itemType": 46,
      "tilePositionOfsets": [
        4526,
        4527,
        4528,
        4529,
        4530
      ],
      "shouldPause": false
    },
    {
      "itemType": 46,
      "tilePositionOfsets": [
        4531,
        4431,
        4331,
        4231,
        4131,
        4031
      ],
      "shouldPause": false
    },
    {
      "itemType": 46,
      "tilePositionOfsets": [
        4032,
        3932,
        3832,
        3732,
        3632
      ],
      "shouldPause": false
    },
    {
      "itemType": 46,
      "tilePositionOfsets": [
        3633,
        3634,
        3635,
        3636,
        3637,
        3638,
        3639,
        3640,
        3641,
        3642,
        3643
      ],
      "shouldPause": false
    },
    {
      "itemType": 46,
      "tilePositionOfsets": [
        4043,
        3943,
        3843,
        3743
      ],
      "shouldPause": false
    },
    {
      "itemType": 46,
      "tilePositionOfsets": [
        4044,
        4045,
        4046,
        4047,
        4048,
        4049
      ],
      "shouldPause": false
    },
    {
      "itemType": 46,
      "tilePositionOfsets": [
        3949,
        3849
      ],
      "shouldPause": false
    },
    {
      "itemType": 46,
      "tilePositionOfsets": [
        3850,
        3851,
        3852,
        3853,
        3854,
        3855,
        3856,
        3857,
        3858,
        3859,
        3860
      ],
      "shouldPause": false
    },
    {
      "itemType": 46,
      "tilePositionOfsets": [
        4279,
        4280
      ],
      "shouldPause": false
    },
    {
      "itemType": 46,
      "tilePositionOfsets": [
        4180,
        4080,
        3980,
        3880,
        3780,
        3680,
        3580,
        3480
      ],
      "shouldPause": false
    },
    {
      "itemType": 46,
      "tilePositionOfsets": [
        3472,
        3473,
        3474,
        3475,
        3476,
        3477,
        3478,
        3479
      ],
      "shouldPause": false
    },
    {
      "itemType": 46,
      "tilePositionOfsets": [
        3672,
        3572
      ],
      "shouldPause": false
    },
    {
      "itemType": 46,
      "tilePositionOfsets": [
        3668,
        3669,
        3670,
        3671
      ],
      "shouldPause": false
    },
    {
      "itemType": 46,
      "tilePositionOfsets": [
        4068,
        3968,
        3868,
        3768
      ],
      "shouldPause": false
    },
    {
      "itemType": 46,
      "tilePositionOfsets": [
        4066,
        4067
      ],
      "shouldPause": false
    },
    {
      "itemType": 144,
      "tilePositionOfsets": [
        4161
      ],
      "shouldPause": false
    },
    {
      "itemType": 50,
      "tilePositionOfsets": [
        4351
      ],
      "shouldPause": false
    },
    {
      "itemType": 85,
      "tilePositionOfsets": [
        4356
      ],
      "shouldPause": false
    },
    {
      "itemType": 113,
      "tilePositionOfsets": [
        4969
      ],
      "shouldPause": false
    },
    {
      "itemType": 25,
      "tilePositionOfsets": [
        4968,
        4868,
        4768,
        4668,
        4568,
        4468
      ],
      "shouldPause": false
    },
    {
      "itemType": 25,
      "tilePositionOfsets": [
        4967,
        4867,
        4767,
        4667,
        4567,
        4467
      ],
      "shouldPause": false
    },
    {
      "itemType": 185,
      "tilePositionOfsets": [
        4866
      ],
      "shouldPause": false
    },
    {
      "itemType": 184,
      "tilePositionOfsets": [
        4766
      ],
      "shouldPause": false
    },
    {
      "itemType": 183,
      "tilePositionOfsets": [
        4666
      ],
      "shouldPause": false
    },
    {
      "itemType": 182,
      "tilePositionOfsets": [
        4566
      ],
      "shouldPause": false
    },
    {
      "itemType": 181,
      "tilePositionOfsets": [
        4466
      ],
      "shouldPause": false
    },
    {
      "itemType": 25,
      "tilePositionOfsets": [
        5067,
        5068,
        5069,
        5070,
        5071,
        5072,
        5073,
        5074,
        5075
      ],
      "shouldPause": false
    },
    {
      "itemType": 25,
      "tilePositionOfsets": [
        4975,
        4875,
        4775,
        4675,
        4575,
        4475,
        4375
      ],
      "shouldPause": false
    },
    {
      "itemType": 25,
      "tilePositionOfsets": [
        4367,
        4368,
        4369,
        4370,
        4371,
        4372,
        4373,
        4374
      ],
      "shouldPause": false
    },
    {
      "itemType": 25,
      "tilePositionOfsets": [
        4267,
        4268,
        4269,
        4270,
        4271,
        4272,
        4273,
        4274,
        4275,
        4276
      ],
      "shouldPause": false
    },
    {
      "itemType": 25,
      "tilePositionOfsets": [
        5176,
        5076,
        4976,
        4876,
        4776,
        4676,
        4576,
        4476,
        4376
      ],
      "shouldPause": false
    },
    {
      "itemType": 25,
      "tilePositionOfsets": [
        5167,
        5168,
        5169,
        5170,
        5171,
        5172,
        5173,
        5174,
        5175
      ],
      "shouldPause": false
    },
    {
      "itemType": 98,
      "tilePositionOfsets": [
        3966
      ],
      "shouldPause": false
    },
    {
      "itemType": 98,
      "tilePositionOfsets": [
        3866
      ],
      "shouldPause": false
    },
    {
      "itemType": 98,
      "tilePositionOfsets": [
        3766
      ],
      "shouldPause": false
    },
    {
      "itemType": 98,
      "tilePositionOfsets": [
        3666
      ],
      "shouldPause": false
    },
    {
      "itemType": 98,
      "tilePositionOfsets": [
        3665
      ],
      "shouldPause": false
    },
    {
      "itemType": 98,
      "tilePositionOfsets": [
        3664
      ],
      "shouldPause": false
    },
    {
      "itemType": 98,
      "tilePositionOfsets": [
        3663
      ],
      "shouldPause": false
    },
    {
      "itemType": 98,
      "tilePositionOfsets": [
        3662
      ],
      "shouldPause": false
    },
    {
      "itemType": 98,
      "tilePositionOfsets": [
        3661
      ],
      "shouldPause": false
    },
    {
      "itemType": 98,
      "tilePositionOfsets": [
        3660
      ],
      "shouldPause": false
    },
    {
      "itemType": 98,
      "tilePositionOfsets": [
        3760
      ],
      "shouldPause": false
    },
    {
      "itemType": 98,
      "tilePositionOfsets": [
        3960
      ],
      "shouldPause": false
    },
    {
      "itemType": 98,
      "tilePositionOfsets": [
        4060
      ],
      "shouldPause": false
    },
    {
      "itemType": 98,
      "tilePositionOfsets": [
        4160
      ],
      "shouldPause": false
    },
    {
      "itemType": 98,
      "tilePositionOfsets": [
        4260
      ],
      "shouldPause": false
    },
    {
      "itemType": 98,
      "tilePositionOfsets": [
        4261
      ],
      "shouldPause": false
    },
    {
      "itemType": 98,
      "tilePositionOfsets": [
        4262
      ],
      "shouldPause": false
    },
    {
      "itemType": 98,
      "tilePositionOfsets": [
        4264
      ],
      "shouldPause": false
    },
    {
      "itemType": 98,
      "tilePositionOfsets": [
        4263
      ],
      "shouldPause": false
    },
    {
      "itemType": 98,
      "tilePositionOfsets": [
        4265
      ],
      "shouldPause": false
    },
    {
      "itemType": 98,
      "tilePositionOfsets": [
        4266
      ],
      "shouldPause": false
    },
    {
      "itemType": 98,
      "tilePositionOfsets": [
        4166
      ],
      "shouldPause": false
    }
  ],
  "miscItems": [
    {
      "positionOfset": 6129,
      "itemType": 7,
      "number": 0
    },
    {
      "positionOfset": 5927,
      "itemType": 7,
      "number": 1
    },
    {
      "positionOfset": 5830,
      "itemType": 7,
      "number": 2
    },
    {
      "positionOfset": 4873,
      "itemType": 7,
      "number": 3
    },
    {
      "positionOfset": 4870,
      "itemType": 7,
      "number": 4
    },
    {
      "positionOfset": 3963,
      "itemType": 7,
      "number": 5
    },
    {
      "positionOfset": 5929,
      "itemType": 7,
      "number": 6
    },
    {
      "positionOfset": 4572,
      "itemType": 7,
      "number": 7
    }
  ]
}