{
  "pauseDelayAmount": 20,
  "frames": [
    {
      "itemType": 61,
      "tilePositionOfsets": [
        5643
      ],
      "shouldPause": false
    },
    {
      "itemType": 80,
      "tilePositionOfsets": [
        5737
      ],
      "shouldPause": false
    },
    {
      "itemType": 80,
      "tilePositionOfsets": [
        5337
      ],
      "shouldPause": false
    },
    {
      "itemType": 52,
      "tilePositionOfsets": [
        4950
      ],
      "shouldPause": false
    },
    {
      "itemType": 52,
      "tilePositionOfsets": [
        4450
      ],
      "shouldPause": false
    },
    {
      "itemType": 54,
      "tilePositionOfsets": [
        6258
      ],
      "shouldPause": false
    },
    {
      "itemType": 54,
      "tilePositionOfsets": [
        5763
      ],
      "shouldPause": false
    },
    {
      "itemType": 54,
      "tilePositionOfsets": [
        6263
      ],
      "shouldPause": false
    },
    {
      "itemType": 54,
      "tilePositionOfsets": [
        6268
      ],
      "shouldPause": false
    },
    {
      "itemType": 54,
      "tilePositionOfsets": [
        5768
      ],
      "shouldPause": false
    },
    {
      "itemType": 54,
      "tilePositionOfsets": [
        4263
      ],
      "shouldPause": false
    },
    {
      "itemType": 54,
      "tilePositionOfsets": [
        4030
      ],
      "shouldPause": false
    },
    {
      "itemType": 54,
      "tilePositionOfsets": [
        6130
      ],
      "shouldPause": false
    },
    {
      "itemType": 54,
      "tilePositionOfsets": [
        6125
      ],
      "shouldPause": false
    },
    {
      "itemType": 54,
      "tilePositionOfsets": [
        6120
      ],
      "shouldPause": false
    },
    {
      "itemType": 77,
      "tilePositionOfsets": [
        5884
      ],
      "shouldPause": false
    },
    {
      "itemType": 81,
      "tilePositionOfsets": [
        4837
      ],
      "shouldPause": false
    },
    {
      "itemType": 81,
      "tilePositionOfsets": [
        4437
      ],
      "shouldPause": false
    },
    {
      "itemType": 87,
      "tilePositionOfsets": [
        5620
      ],
      "shouldPause": false
    },
    {
      "itemType": 113,
      "tilePositionOfsets": [
        6643
      ],
      "shouldPause": false
    },
    {
      "itemType": 25,
      "tilePositionOfsets": [
        6045,
        5945,
        5845,
        5745
      ],
      "shouldPause": false
    },
    {
      "itemType": 25,
      "tilePositionOfsets": [
        6046,
        5946,
        5846,
        5746
      ],
      "shouldPause": false
    },
    {
      "itemType": 330,
      "tilePositionOfsets": [
        3762
      ],
      "shouldPause": false
    },
    {
      "itemType": 330,
      "tilePositionOfsets": [
        3525
      ],
      "shouldPause": false
    },
    {
      "itemType": 88,
      "tilePositionOfsets": [
        4584
      ],
      "shouldPause": false
    },
    {
      "itemType": 50,
      "tilePositionOfsets": [
        5258
      ],
      "shouldPause": false
    },
    {
      "itemType": 85,
      "tilePositionOfsets": [
        5268
      ],
      "shouldPause": false
    },
    {
      "itemType": 85,
      "tilePositionOfsets": [
        4768
      ],
      "shouldPause": false
    },
    {
      "itemType": 25,
      "tilePositionOfsets": [
        6042,
        6043,
        6044
      ],
      "shouldPause": false
    },
    {
      "itemType": 25,
      "tilePositionOfsets": [
        6742,
        6642,
        6542,
        6442,
        6342,
        6242,
        6142
      ],
      "shouldPause": false
    },
    {
      "itemType": 25,
      "tilePositionOfsets": [
        6743,
        6744,
        6745,
        6746,
        6747,
        6748,
        6749
      ],
      "shouldPause": false
    },
    {
      "itemType": 25,
      "tilePositionOfsets": [
        6649,
        6549,
        6449,
        6349,
        6249,
        6149,
        6049
      ],
      "shouldPause": false
    },
    {
      "itemType": 25,
      "tilePositionOfsets": [
        6047,
        6048
      ],
      "shouldPause": false
    },
    {
      "itemType": 25,
      "tilePositionOfsets": [
        5947,
        5948,
        5949,
        5950
      ],
      "shouldPause": false
    },
    {
      "itemType": 25,
      "tilePositionOfsets": [
        6850,
        6750,
        6650,
        6550,
        6450,
        6350,
        6250,
        6150,
        6050
      ],
      "shouldPause": false
    },
    {
      "itemType": 25,
      "tilePositionOfsets": [
        6841,
        6842,
        6843,
        6844,
        6845,
        6846,
        6847,
        6848,
        6849
      ],
      "shouldPause": false
    },
    {
      "itemType": 25,
      "tilePositionOfsets": [
        6741,
        6641,
        6541,
        6441,
        6341,
        6241,
        6141,
        6041,
        5941
      ],
      "shouldPause": false
    },
    {
      "itemType": 25,
      "tilePositionOfsets": [
        5942,
        5943,
        5944
      ],
      "shouldPause": false
    },
    {
      "itemType": 83,
      "tilePositionOfsets": [
        5530
      ],
      "shouldPause": false
    },
    {
      "itemType": 50,
      "tilePositionOfsets": [
        5758
      ],
      "shouldPause": false
    },
    {
      "itemType": 46,
      "tilePositionOfsets": [
        5935,
        5936,
        5937,
        5938,
        5939
      ],
      "shouldPause": false
    },
    {
      "itemType": 46,
      "tilePositionOfsets": [
        6939,
        6839,
        6739,
        6639,
        6539,
        6439,
        6339,
        6239,
        6139,
        6039
      ],
      "shouldPause": false
    },
    {
      "itemType": 46,
      "tilePositionOfsets": [
        7039,
        7040,
        7041,
        7042,
        7043,
        7044,
        7045,
        7046,
        7047,
        7048,
        7049,
        7050,
        7051,
        7052
      ],
      "shouldPause": false
    },
    {
      "itemType": 46,
      "tilePositionOfsets": [
        6952,
        6852,
        6752,
        6652,
        6552,
        6452,
        6352,
        6252,
        6152,
        6052,
        5952,
        5852,
        5752,
        5652
      ],
      "shouldPause": false
    },
    {
      "itemType": 46,
      "tilePositionOfsets": [
        5653,
        5654,
        5655,
        5656
      ],
      "shouldPause": false
    },
    {
      "itemType": 46,
      "tilePositionOfsets": [
        6456,
        6356,
        6256,
        6156,
        6056,
        5956,
        5856,
        5756
      ],
      "shouldPause": false
    },
    {
      "itemType": 46,
      "tilePositionOfsets": [
        6457,
        6458,
        6459,
        6460,
        6461,
        6462,
        6463,
        6464,
        6465,
        6466,
        6467,
        6468,
        6469,
        6470,
        6471,
        6472,
        6473
      ],
      "shouldPause": false
    },
    {
      "itemType": 46,
      "tilePositionOfsets": [
        6335,
        6235,
        6135,
        6035
      ],
      "shouldPause": false
    },
    {
      "itemType": 46,
      "tilePositionOfsets": [
        6318,
        6319,
        6320,
        6321,
        6322,
        6323,
        6324,
        6325,
        6326,
        6327,
        6328,
        6329,
        6330,
        6331,
        6332,
        6333,
        6334
      ],
      "shouldPause": false
    },
    {
      "itemType": 85,
      "tilePositionOfsets": [
        4268
      ],
      "shouldPause": false
    },
    {
      "itemType": 83,
      "tilePositionOfsets": [
        5030
      ],
      "shouldPause": false
    },
    {
      "itemType": 113,
      "tilePositionOfsets": [
        5875
      ],
      "shouldPause": false
    },
    {
      "itemType": 25,
      "tilePositionOfsets": [
        5275,
        5276,
        5277,
        5278,
        5279,
        5280
      ],
      "shouldPause": false
    },
    {
      "itemType": 25,
      "tilePositionOfsets": [
        5175,
        5176,
        5177,
        5178,
        5179,
        5180
      ],
      "shouldPause": false
    },
    {
      "itemType": 185,
      "tilePositionOfsets": [
        5074
      ],
      "shouldPause": false
    },
    {
      "itemType": 184,
      "tilePositionOfsets": [
        5075
      ],
      "shouldPause": false
    },
    {
      "itemType": 183,
      "tilePositionOfsets": [
        5076
      ],
      "shouldPause": false
    },
    {
      "itemType": 182,
      "tilePositionOfsets": [
        5077
      ],
      "shouldPause": false
    },
    {
      "itemType": 181,
      "tilePositionOfsets": [
        5078
      ],
      "shouldPause": false
    },
    {
      "itemType": 25,
      "tilePositionOfsets": [
        5974,
        5874,
        5774,
        5674,
        5574,
        5474,
        5374,
        5274,
        5174
      ],
      "shouldPause": false
    },
    {
      "itemType": 25,
      "tilePositionOfsets": [
        5975,
        5976,
        5977,
        5978,
        5979,
        5980,
        5981
      ],
      "shouldPause": false
    },
    {
      "itemType": 25,
      "tilePositionOfsets": [
        5881,
        5781,
        5681,
        5581,
        5481,
        5381,
        5281,
        5181
      ],
      "shouldPause": false
    },
    {
      "itemType": 25,
      "tilePositionOfsets": [
        6082,
        5982,
        5882,
        5782,
        5682,
        5582,
        5482,
        5382,
        5282,
        5182
      ],
      "shouldPause": false
    },
    {
      "itemType": 25,
      "tilePositionOfsets": [
        6073,
        6074,
        6075,
        6076,
        6077,
        6078,
        6079,
        6080,
        6081
      ],
      "shouldPause": false
    },
    {
      "itemType": 25,
      "tilePositionOfsets": [
        5973,
        5873,
        5773,
        5673,
        5573,
        5473,
        5373,
        5273,
        5173
      ],
      "shouldPause": false
    },
    {
      "itemType": 50,
      "tilePositionOfsets": [
        4758
      ],
      "shouldPause": false
    },
    {
      "itemType": 85,
      "tilePositionOfsets": [
        4520
      ],
      "shouldPause": false
    },
    {
      "itemType": 85,
      "tilePositionOfsets": [
        4020
      ],
      "shouldPause": false
    },
    {
      "itemType": 46,
      "tilePositionOfsets": [
        6373,
        6273
      ],
      "shouldPause": false
    },
    {
      "itemType": 46,
      "tilePositionOfsets": [
        6274,
        6275,
        6276,
        6277,
        6278,
        6279,
        6280,
        6281,
        6282,
        6283,
        6284
      ],
      "shouldPause": false
    },
    {
      "itemType": 46,
      "tilePositionOfsets": [
        6184,
        6084
      ],
      "shouldPause": false
    },
    {
      "itemType": 46,
      "tilePositionOfsets": [
        6085,
        6086,
        6087,
        6088,
        6089,
        6090
      ],
      "shouldPause": false
    },
    {
      "itemType": 46,
      "tilePositionOfsets": [
        5990,
        5890,
        5790,
        5690,
        5590,
        5490,
        5390,
        5290
      ],
      "shouldPause": false
    },
    {
      "itemType": 46,
      "tilePositionOfsets": [
        5284,
        5285,
        5286,
        5287,
        5288,
        5289
      ],
      "shouldPause": false
    },
    {
      "itemType": 46,
      "tilePositionOfsets": [
        5184,
        5084,
        4984
      ],
      "shouldPause": false
    },
    {
      "itemType": 46,
      "tilePositionOfsets": [
        4982,
        4983
      ],
      "shouldPause": false
    },
    {
      "itemType": 46,
      "tilePositionOfsets": [
        4882,
        4782
      ],
      "shouldPause": false
    },
    {
      "itemType": 46,
      "tilePositionOfsets": [
        4783,
        4784,
        4785,
        4786,
        4787,
        4788,
        4789,
        4790
      ],
      "shouldPause": false
    },
    {
      "itemType": 46,
      "tilePositionOfsets": [
        4690,
        4590,
        4490,
        4390,
        4290,
        4190,
        4090,
        3990,
        3890,
        3790,
        3690,
        3590,
        3490
      ],
      "shouldPause": false
    },
    {
      "itemType": 46,
      "tilePositionOfsets": [
        3471,
        3472,
        3473,
        3474,
        3475,
        3476,
        3477,
        3478,
        3479,
        3480,
        3481,
        3482,
        3483,
        3484,
        3485,
        3486,
        3487,
        3488,
        3489
      ],
      "shouldPause": false
    },
    {
      "itemType": 113,
      "tilePositionOfsets": [
        5811
      ],
      "shouldPause": false
    },
    {
      "itemType": 25,
      "tilePositionOfsets": [
        5211,
        5212,
        5213,
        5214,
        5215,
        5216
      ],
      "shouldPause": false
    },
    {
      "itemType": 25,
      "tilePositionOfsets": [
        5111,
        5112,
        5113,
        5114,
        5115,
        5116
      ],
      "shouldPause": false
    },
    {
      "itemType": 185,
      "tilePositionOfsets": [
        5017
      ],
      "shouldPause": false
    },
    {
      "itemType": 184,
      "tilePositionOfsets": [
        5016
      ],
      "shouldPause": false
    },
    {
      "itemType": 183,
      "tilePositionOfsets": [
        5015
      ],
      "shouldPause": false
    },
    {
      "itemType": 182,
      "tilePositionOfsets": [
        5014
      ],
      "shouldPause": false
    },
    {
      "itemType": 181,
      "tilePositionOfsets": [
        5013
      ],
      "shouldPause": false
    },
    {
      "itemType": 25,
      "tilePositionOfsets": [
        5817,
        5717,
        5617,
        5517,
        5417,
        5317,
        5217,
        5117
      ],
      "shouldPause": false
    },
    {
      "itemType": 25,
      "tilePositionOfsets": [
        5910,
        5911,
        5912,
        5913,
        5914,
        5915,
        5916,
        5917
      ],
      "shouldPause": false
    },
    {
      "itemType": 25,
      "tilePositionOfsets": [
        5810,
        5710,
        5610,
        5510,
        5410,
        5310,
        5210,
        5110
      ],
      "shouldPause": false
    },
    {
      "itemType": 25,
      "tilePositionOfsets": [
        6009,
        5909,
        5809,
        5709,
        5609,
        5509,
        5409,
        5309,
        5209,
        5109
      ],
      "shouldPause": false
    },
    {
      "itemType": 25,
      "tilePositionOfsets": [
        6010,
        6011,
        6012,
        6013,
        6014,
        6015,
        6016,
        6017,
        6018
      ],
      "shouldPause": false
    },
    {
      "itemType": 25,
      "tilePositionOfsets": [
        5918,
        5818,
        5718,
        5618,
        5518,
        5418,
        5318,
        5218,
        5118
      ],
      "shouldPause": false
    },
    {
      "itemType": 50,
      "tilePositionOfsets": [
        4258
      ],
      "shouldPause": false
    },
    {
      "itemType": 83,
      "tilePositionOfsets": [
        4530
      ],
      "shouldPause": false
    },
    {
      "itemType": 83,
      "tilePositionOfsets": [
        5263
      ],
      "shouldPause": false
    },
    {
      "itemType": 46,
      "tilePositionOfsets": [
        6207,
        6208,
        6209,
        6210,
        6211,
        6212,
        6213,
        6214,
        6215,
        6216,
        6217,
        6218
      ],
      "shouldPause": false
    },
    {
      "itemType": 46,
      "tilePositionOfsets": [
        6107,
        6007,
        5907,
        5807,
        5707,
        5607,
        5507,
        5407,
        5307,
        5207,
        5107,
        5007,
        4907
      ],
      "shouldPause": false
    },
    {
      "itemType": 46,
      "tilePositionOfsets": [
        4908,
        4909
      ],
      "shouldPause": false
    },
    {
      "itemType": 46,
      "tilePositionOfsets": [
        4809,
        4709
      ],
      "shouldPause": false
    },
    {
      "itemType": 46,
      "tilePositionOfsets": [
        4707,
        4708
      ],
      "shouldPause": false
    },
    {
      "itemType": 46,
      "tilePositionOfsets": [
        4607,
        4507,
        4407,
        4307,
        4207,
        4107,
        4007,
        3907,
        3807,
        3707,
        3607,
        3507,
        3407
      ],
      "shouldPause": false
    },
    {
      "itemType": 46,
      "tilePositionOfsets": [
        3408,
        3409,
        3410,
        3411,
        3412,
        3413,
        3414,
        3415,
        3416,
        3417,
        3418,
        3419,
        3420
      ],
      "shouldPause": false
    },
    {
      "itemType": 83,
      "tilePositionOfsets": [
        4763
      ],
      "shouldPause": false
    },
    {
      "itemType": 46,
      "tilePositionOfsets": [
        3771,
        3671,
        3571
      ],
      "shouldPause": false
    },
    {
      "itemType": 46,
      "tilePositionOfsets": [
        3766,
        3767,
        3768,
        3769,
        3770
      ],
      "shouldPause": false
    },
    {
      "itemType": 46,
      "tilePositionOfsets": [
        3666,
        3566,
        3466,
        3366
      ],
      "shouldPause": false
    },
    {
      "itemType": 46,
      "tilePositionOfsets": [
        3360,
        3361,
        3362,
        3363,
        3364,
        3365
      ],
      "shouldPause": false
    },
    {
      "itemType": 46,
      "tilePositionOfsets": [
        3760,
        3660,
        3560,
        3460
      ],
      "shouldPause": false
    },
    {
      "itemType": 46,
      "tilePositionOfsets": [
        3756,
        3757,
        3758,
        3759
      ],
      "shouldPause": false
    },
    {
      "itemType": 46,
      "tilePositionOfsets": [
        3849,
        3850,
        3851,
        3852,
        3853,
        3854,
        3855,
        3856
      ],
      "shouldPause": false
    },
    {
      "itemType": 46,
      "tilePositionOfsets": [
        3520,
        3521,
        3522,
        3523
      ],
      "shouldPause": false
    },
    {
      "itemType": 46,
      "tilePositionOfsets": [
        3423,
        3323,
        3223,
        3123
      ],
      "shouldPause": false
    },
    {
      "itemType": 46,
      "tilePositionOfsets": [
        3124,
        3125,
        3126,
        3127,
        3128,
        3129
      ],
      "shouldPause": false
    },
    {
      "itemType": 46,
      "tilePositionOfsets": [
        3529,
        3429,
        3329,
        3229
      ],
      "shouldPause": false
    },
    {
      "itemType": 46,
      "tilePositionOfsets": [
        3530,
        3531,
        3532,
        3533,
        3534,
        3535
      ],
      "shouldPause": false
    },
    {
      "itemType": 46,
      "tilePositionOfsets": [
        3935,
        3835,
        3735,
        3635
      ],
      "shouldPause": false
    },
    {
      "itemType": 46,
      "tilePositionOfsets": [
        3936,
        3937,
        3938,
        3939,
        3940,
        3941,
        3942,
        3943
      ],
      "shouldPause": false
    },
    {
      "itemType": 144,
      "tilePositionOfsets": [
        3944
      ],
      "shouldPause": false
    },
    {
      "itemType": 85,
      "tilePositionOfsets": [
        4025
      ],
      "shouldPause": false
    },
    {
      "itemType": 85,
      "tilePositionOfsets": [
        4525
      ],
      "shouldPause": false
    },
    {
      "itemType": 113,
      "tilePositionOfsets": [
        4375
      ],
      "shouldPause": false
    },
    {
      "itemType": 25,
      "tilePositionOfsets": [
        5079,
        4979,
        4879,
        4779,
        4679,
        4579,
        4479
      ],
      "shouldPause": false
    },
    {
      "itemType": 25,
      "tilePositionOfsets": [
        5080,
        4980,
        4880,
        4780,
        4680,
        4580,
        4480
      ],
      "shouldPause": false
    },
    {
      "itemType": 25,
      "tilePositionOfsets": [
        4581,
        4481,
        4381,
        4281,
        4181,
        4081,
        3981,
        3881,
        3781
      ],
      "shouldPause": false
    },
    {
      "itemType": 25,
      "tilePositionOfsets": [
        3774,
        3775,
        3776,
        3777,
        3778,
        3779,
        3780
      ],
      "shouldPause": false
    },
    {
      "itemType": 25,
      "tilePositionOfsets": [
        4474,
        4374,
        4274,
        4174,
        4074,
        3974,
        3874
      ],
      "shouldPause": false
    },
    {
      "itemType": 25,
      "tilePositionOfsets": [
        4475,
        4476,
        4477,
        4478
      ],
      "shouldPause": false
    },
    {
      "itemType": 25,
      "tilePositionOfsets": [
        4573,
        4574,
        4575,
        4576,
        4577,
        4578
      ],
      "shouldPause": false
    },
    {
      "itemType": 25,
      "tilePositionOfsets": [
        4473,
        4373,
        4273,
        4173,
        4073,
        3973,
        3873,
        3773,
        3673
      ],
      "shouldPause": false
    },
    {
      "itemType": 25,
      "tilePositionOfsets": [
        3674,
        3675,
        3676,
        3677,
        3678,
        3679,
        3680,
        3681,
        3682
      ],
      "shouldPause": false
    },
    {
      "itemType": 25,
      "tilePositionOfsets": [
        4582,
        4482,
        4382,
        4282,
        4182,
        4082,
        3982,
        3882,
        3782
      ],
      "shouldPause": false
    },
    {
      "itemType": 185,
      "tilePositionOfsets": [
        4674
      ],
      "shouldPause": false
    },
    {
      "itemType": 184,
      "tilePositionOfsets": [
        4675
      ],
      "shouldPause": false
    },
    {
      "itemType": 183,
      "tilePositionOfsets": [
        4676
      ],
      "shouldPause": false
    },
    {
      "itemType": 182,
      "tilePositionOfsets": [
        4677
      ],
      "shouldPause": false
    },
    {
      "itemType": 181,
      "tilePositionOfsets": [
        4678
      ],
      "shouldPause": false
    },
    {
      "itemType": 330,
      "tilePositionOfsets": [
        4976
      ],
      "shouldPause": false
    },
    {
      "itemType": 113,
      "tilePositionOfsets": [
        4311
      ],
      "shouldPause": false
    },
    {
      "itemType": 25,
      "tilePositionOfsets": [
        5012,
        4912,
        4812,
        4712,
        4612,
        4512,
        4412
      ],
      "shouldPause": false
    },
    {
      "itemType": 25,
      "tilePositionOfsets": [
        5011,
        4911,
        4811,
        4711,
        4611,
        4511,
        4411
      ],
      "shouldPause": false
    },
    {
      "itemType": 25,
      "tilePositionOfsets": [
        4510,
        4410,
        4310,
        4210,
        4110,
        4010,
        3910,
        3810,
        3710
      ],
      "shouldPause": false
    },
    {
      "itemType": 25,
      "tilePositionOfsets": [
        3711,
        3712,
        3713,
        3714,
        3715,
        3716,
        3717
      ],
      "shouldPause": false
    },
    {
      "itemType": 25,
      "tilePositionOfsets": [
        4417,
        4317,
        4217,
        4117,
        4017,
        3917,
        3817
      ],
      "shouldPause": false
    },
    {
      "itemType": 25,
      "tilePositionOfsets": [
        4413,
        4414,
        4415,
        4416
      ],
      "shouldPause": false
    },
    {
      "itemType": 25,
      "tilePositionOfsets": [
        4513,
        4514,
        4515,
        4516,
        4517,
        4518
      ],
      "shouldPause": false
    },
    {
      "itemType": 25,
      "tilePositionOfsets": [
        4418,
        4318,
        4218,
        4118,
        4018,
        3918,
        3818,
        3718,
        3618
      ],
      "shouldPause": false
    },
    {
      "itemType": 25,
      "tilePositionOfsets": [
        3609,
        3610,
        3611,
        3612,
        3613,
        3614,
        3615,
        3616,
        3617
      ],
      "shouldPause": false
    },
    {
      "itemType": 25,
      "tilePositionOfsets": [
        4509,
        4409,
        4309,
        4209,
        4109,
        4009,
        3909,
        3809,
        3709
      ],
      "shouldPause": false
    },
    {
      "itemType": 185,
      "tilePositionOfsets": [
        4617
      ],
      "shouldPause": false
    },
    {
      "itemType": 184,
      "tilePositionOfsets": [
        4616
      ],
      "shouldPause": false
    },
    {
      "itemType": 183,
      "tilePositionOfsets": [
        4615
      ],
      "shouldPause": false
    },
    {
      "itemType": 182,
      "tilePositionOfsets": [
        4614
      ],
      "shouldPause": false
    },
    {
      "itemType": 181,
      "tilePositionOfsets": [
        4613
      ],
      "shouldPause": false
    },
    {
      "itemType": 330,
      "tilePositionOfsets": [
        4913
      ],
      "shouldPause": false
    },
    {
      "itemType": 176,
      "tilePositionOfsets": [
        3650
      ],
      "shouldPause": false
    },
    {
      "itemType": 176,
      "tilePositionOfsets": [
        3641
      ],
      "shouldPause": false
    },
    {
      "itemType": 98,
      "tilePositionOfsets": [
        3749
      ],
      "shouldPause": false
    },
    {
      "itemType": 98,
      "tilePositionOfsets": [
        3649
      ],
      "shouldPause": false
    },
    {
      "itemType": 98,
      "tilePositionOfsets": [
        3549
      ],
      "shouldPause": false
    },
    {
      "itemType": 98,
      "tilePositionOfsets": [
        3449
      ],
      "shouldPause": false
    },
    {
      "itemType": 98,
      "tilePositionOfsets": [
        3448
      ],
      "shouldPause": false
    },
    {
      "itemType": 98,
      "tilePositionOfsets": [
        3447
      ],
      "shouldPause": false
    },
    {
      "itemType": 98,
      "tilePositionOfsets": [
        3446
      ],
      "shouldPause": false
    },
    {
      "itemType": 98,
      "tilePositionOfsets": [
        3445
      ],
      "shouldPause": false
    },
    {
      "itemType": 98,
      "tilePositionOfsets": [
        3444
      ],
      "shouldPause": false
    },
    {
      "itemType": 98,
      "tilePositionOfsets": [
        3443
      ],
      "shouldPause": false
    },
    {
      "itemType": 98,
      "tilePositionOfsets": [
        3543
      ],
      "shouldPause": false
    },
    {
      "itemType": 98,
      "tilePositionOfsets": [
        3643
      ],
      "shouldPause": false
    },
    {
      "itemType": 98,
      "tilePositionOfsets": [
        3743
      ],
      "shouldPause": false
    },
    {
      "itemType": 98,
      "tilePositionOfsets": [
        3843
      ],
      "shouldPause": false
    },
    {
      "itemType": 98,
      "tilePositionOfsets": [
        4043
      ],
      "shouldPause": false
    },
    {
      "itemType": 98,
      "tilePositionOfsets": [
        4044
      ],
      "shouldPause": false
    },
    {
      "itemType": 98,
      "tilePositionOfsets": [
        4045
      ],
      "shouldPause": false
    },
    {
      "itemType": 98,
      "tilePositionOfsets": [
        4046
      ],
      "shouldPause": false
    },
    {
      "itemType": 98,
      "tilePositionOfsets": [
        4047
      ],
      "shouldPause": false
    },
    {
      "itemType": 98,
      "tilePositionOfsets": [
        4048
      ],
      "shouldPause": false
    },
    {
      "itemType": 98,
      "tilePositionOfsets": [
        4049
      ],
      "shouldPause": false
    },
    {
      "itemType": 98,
      "tilePositionOfsets": [
        3949
      ],
      "shouldPause": false
    },
    {
      "itemType": 98,
      "tilePositionOfsets": [
        4944
      ],
      "shouldPause": false
    },
    {
      "itemType": 98,
      "tilePositionOfsets": [
        4942
      ],
      "shouldPause": false
    },
    {
      "itemType": 98,
      "tilePositionOfsets": [
        4943
      ],
      "shouldPause": false
    },
    {
      "itemType": 98,
      "tilePositionOfsets": [
        4842
      ],
      "shouldPause": false
    },
    {
      "itemType": 98,
      "tilePositionOfsets": [
        4742
      ],
      "shouldPause": false
    },
    {
      "itemType": 98,
      "tilePositionOfsets": [
        4642
      ],
      "shouldPause": false
    },
    {
      "itemType": 98,
      "tilePositionOfsets": [
        4542
      ],
      "shouldPause": false
    },
    {
      "itemType": 98,
      "tilePositionOfsets": [
        4442
      ],
      "shouldPause": false
    },
    {
      "itemType": 98,
      "tilePositionOfsets": [
        4342
      ],
      "shouldPause": false
    },
    {
      "itemType": 98,
      "tilePositionOfsets": [
        4242
      ],
      "shouldPause": false
    },
    {
      "itemType": 98,
      "tilePositionOfsets": [
        4142
      ],
      "shouldPause": false
    },
    {
      "itemType": 98,
      "tilePositionOfsets": [
        4143
      ],
      "shouldPause": false
    },
    {
      "itemType": 98,
      "tilePositionOfsets": [
        4948
      ],
      "shouldPause": false
    },
    {
      "itemType": 98,
      "tilePositionOfsets": [
        4949
      ],
      "shouldPause": false
    },
    {
      "itemType": 98,
      "tilePositionOfsets": [
        5073
      ],
      "shouldPause": false
    },
    {
      "itemType": 98,
      "tilePositionOfsets": [
        4973
      ],
      "shouldPause": false
    },
    {
      "itemType": 98,
      "tilePositionOfsets": [
        4773
      ],
      "shouldPause": false
    },
    {
      "itemType": 98,
      "tilePositionOfsets": [
        4673
      ],
      "shouldPause": false
    },
    {
      "itemType": 98,
      "tilePositionOfsets": [
        4873
      ],
      "shouldPause": false
    },
    {
      "itemType": 98,
      "tilePositionOfsets": [
        4974
      ],
      "shouldPause": false
    },
    {
      "itemType": 98,
      "tilePositionOfsets": [
        4874
      ],
      "shouldPause": false
    },
    {
      "itemType": 98,
      "tilePositionOfsets": [
        4774
      ],
      "shouldPause": false
    },
    {
      "itemType": 98,
      "tilePositionOfsets": [
        4917
      ],
      "shouldPause": false
    },
    {
      "itemType": 98,
      "tilePositionOfsets": [
        4817
      ],
      "shouldPause": false
    },
    {
      "itemType": 98,
      "tilePositionOfsets": [
        4717
      ],
      "shouldPause": false
    },
    {
      "itemType": 98,
      "tilePositionOfsets": [
        4618
      ],
      "shouldPause": false
    },
    {
      "itemType": 98,
      "tilePositionOfsets": [
        4718
      ],
      "shouldPause": false
    },
    {
      "itemType": 98,
      "tilePositionOfsets": [
        4818
      ],
      "shouldPause": false
    },
    {
      "itemType": 98,
      "tilePositionOfsets": [
        4918
      ],
      "shouldPause": false
    },
    {
      "itemType": 98,
      "tilePositionOfsets": [
        5018
      ],
      "shouldPause": false
    }
  ],
  "miscItems": [
    {
      "positionOfset": 6547,
      "itemType": 7,
      "number": 0
    },
    {
      "positionOfset": 6444,
      "itemType": 7,
      "number": 1
    },
    {
      "positionOfset": 6246,
      "itemType": 7,
      "number": 2
    },
    {
      "positionOfset": 5776,
      "itemType": 7,
      "number": 3
    },
    {
      "positionOfset": 5714,
      "itemType": 7,
      "number": 4
    },
    {
      "positionOfset": 5578,
      "itemType": 7,
      "number": 5
    },
    {
      "positionOfset": 5512,
      "itemType": 7,
      "number": 6
    },
    {
      "positionOfset": 4113,
      "itemType": 7,
      "number": 7
    },
    {
      "positionOfset": 4078,
      "itemType": 7,
      "number": 8
    }
  ]
}