{
  "pauseDelayAmount": 100,
  "frames": [
    {
      "itemType": 61,
      "tilePositionOfsets": [
        5643
      ],
      "shouldPause": false
    },
    {
      "itemType": 80,
      "tilePositionOfsets": [
        4043
      ],
      "shouldPause": false
    },
    {
      "itemType": 25,
      "tilePositionOfsets": [
        4557,
        4558,
        4559,
        4560,
        4561,
        4562,
        4563
      ],
      "shouldPause": false
    },
    {
      "itemType": 25,
      "tilePositionOfsets": [
        4457,
        4458,
        4459
      ],
      "shouldPause": false
    },
    {
      "itemType": 77,
      "tilePositionOfsets": [
        4950
      ],
      "shouldPause": false
    },
    {
      "itemType": 25,
      "tilePositionOfsets": [
        4659,
        4660
      ],
      "shouldPause": false
    },
    {
      "itemType": 25,
      "tilePositionOfsets": [
        5756,
        5757,
        5758,
        5759,
        5760
      ],
      "shouldPause": false
    },
    {
      "itemType": 81,
      "tilePositionOfsets": [
        3948
      ],
      "shouldPause": false
    },
    {
      "itemType": 54,
      "tilePositionOfsets": [
        6146
      ],
      "shouldPause": false
    },
    {
      "itemType": 54,
      "tilePositionOfsets": [
        5664
      ],
      "shouldPause": false
    },
    {
      "itemType": 25,
      "tilePositionOfsets": [
        5658,
        5659,
        5660,
        5661,
        5662
      ],
      "shouldPause": false
    },
    {
      "itemType": 82,
      "tilePositionOfsets": [
        4435
      ],
      "shouldPause": false
    },
    {
      "itemType": 82,
      "tilePositionOfsets": [
        6142
      ],
      "shouldPause": false
    },
    {
      "itemType": 50,
      "tilePositionOfsets": [
        6138
      ],
      "shouldPause": false
    },
    {
      "itemType": 25,
      "tilePositionOfsets": [
        5559,
        5560
      ],
      "shouldPause": false
    },
    {
      "itemType": 87,
      "tilePositionOfsets": [
        5731
      ],
      "shouldPause": false
    },
    {
      "itemType": 54,
      "tilePositionOfsets": [
        5368
      ],
      "shouldPause": false
    },
    {
      "itemType": 82,
      "tilePositionOfsets": [
        6158
      ],
      "shouldPause": false
    },
    {
      "itemType": 25,
      "tilePositionOfsets": [
        5458,
        5459,
        5460
      ],
      "shouldPause": false
    },
    {
      "itemType": 25,
      "tilePositionOfsets": [
        5360,
        5361,
        5362,
        5363
      ],
      "shouldPause": false
    },
    {
      "itemType": 25,
      "tilePositionOfsets": [
        5262,
        5263,
        5264,
        5265
      ],
      "shouldPause": false
    },
    {
      "itemType": 25,
      "tilePositionOfsets": [
        5163,
        5164
      ],
      "shouldPause": false
    },
    {
      "itemType": 25,
      "tilePositionOfsets": [
        5059,
        5060,
        5062,
        5063
      ],
      "shouldPause": false
    },
    {
      "itemType": 25,
      "tilePositionOfsets": [
        4962,
        4963,
        4964
      ],
      "shouldPause": false
    },
    {
      "itemType": 25,
      "tilePositionOfsets": [
        4860,
        4862,
        4863
      ],
      "shouldPause": false
    },
    {
      "itemType": 25,
      "tilePositionOfsets": [
        4762,
        4763,
        4764,
        4765
      ],
      "shouldPause": false
    },
    {
      "itemType": 25,
      "tilePositionOfsets": [
        5261,
        5161,
        5061,
        4961,
        4861,
        4761,
        4661
      ],
      "shouldPause": false
    },
    {
      "itemType": 25,
      "tilePositionOfsets": [
        5558
      ],
      "shouldPause": false
    },
    {
      "itemType": 25,
      "tilePositionOfsets": [
        5260,
        5160
      ],
      "shouldPause": false
    },
    {
      "itemType": 25,
      "tilePositionOfsets": [
        5041,
        4941,
        4841,
        4741
      ],
      "shouldPause": false
    },
    {
      "itemType": 25,
      "tilePositionOfsets": [
        5541
      ],
      "shouldPause": false
    },
    {
      "itemType": 25,
      "tilePositionOfsets": [
        5741
      ],
      "shouldPause": false
    },
    {
      "itemType": 25,
      "tilePositionOfsets": [
        5856,
        5857
      ],
      "shouldPause": false
    },
    {
      "itemType": 25,
      "tilePositionOfsets": [
        5749,
        5750
      ],
      "shouldPause": false
    },
    {
      "itemType": 25,
      "tilePositionOfsets": [
        5850
      ],
      "shouldPause": false
    },
    {
      "itemType": 25,
      "tilePositionOfsets": [
        4357,
        4358,
        4359,
        4360,
        4361
      ],
      "shouldPause": false
    },
    {
      "itemType": 25,
      "tilePositionOfsets": [
        4260,
        4261,
        4262
      ],
      "shouldPause": false
    },
    {
      "itemType": 25,
      "tilePositionOfsets": [
        4159,
        4160,
        4161,
        4162,
        4163,
        4164
      ],
      "shouldPause": false
    },
    {
      "itemType": 25,
      "tilePositionOfsets": [
        4057,
        4058,
        4059,
        4060,
        4061,
        4062
      ],
      "shouldPause": false
    },
    {
      "itemType": 25,
      "tilePositionOfsets": [
        3959,
        3960,
        3961,
        3962,
        3963
      ],
      "shouldPause": false
    },
    {
      "itemType": 25,
      "tilePositionOfsets": [
        4050,
        4051,
        4052,
        4053
      ],
      "shouldPause": false
    },
    {
      "itemType": 25,
      "tilePositionOfsets": [
        3953,
        3853
      ],
      "shouldPause": false
    },
    {
      "itemType": 25,
      "tilePositionOfsets": [
        3754,
        3755,
        3756
      ],
      "shouldPause": false
    },
    {
      "itemType": 25,
      "tilePositionOfsets": [
        5441
      ],
      "shouldPause": false
    },
    {
      "itemType": 25,
      "tilePositionOfsets": [
        5641
      ],
      "shouldPause": false
    },
    {
      "itemType": 25,
      "tilePositionOfsets": [
        3854,
        3855,
        3856,
        3857
      ],
      "shouldPause": false
    },
    {
      "itemType": 25,
      "tilePositionOfsets": [
        3758,
        3759
      ],
      "shouldPause": false
    },
    {
      "itemType": 25,
      "tilePositionOfsets": [
        3859
      ],
      "shouldPause": false
    },
    {
      "itemType": 144,
      "tilePositionOfsets": [
        6151
      ],
      "shouldPause": false
    },
    {
      "itemType": 25,
      "tilePositionOfsets": [
        5742,
        5743,
        5744,
        5745,
        5746,
        5747,
        5748
      ],
      "shouldPause": false
    },
    {
      "itemType": 25,
      "tilePositionOfsets": [
        4048,
        4049
      ],
      "shouldPause": false
    },
    {
      "itemType": 25,
      "tilePositionOfsets": [
        4641,
        4541,
        4441,
        4341
      ],
      "shouldPause": false
    },
    {
      "itemType": 25,
      "tilePositionOfsets": [
        3757
      ],
      "shouldPause": false
    },
    {
      "itemType": 25,
      "tilePositionOfsets": [
        3655,
        3656,
        3657,
        3658
      ],
      "shouldPause": false
    },
    {
      "itemType": 25,
      "tilePositionOfsets": [
        3556,
        3557,
        3558,
        3559
      ],
      "shouldPause": false
    },
    {
      "itemType": 111,
      "tilePositionOfsets": [
        3860
      ],
      "shouldPause": false
    },
    {
      "itemType": 25,
      "tilePositionOfsets": [
        4540,
        4440,
        4340,
        4240,
        4140,
        4040
      ],
      "shouldPause": false
    },
    {
      "itemType": 25,
      "tilePositionOfsets": [
        4239,
        4139,
        4039,
        3939
      ],
      "shouldPause": false
    },
    {
      "itemType": 25,
      "tilePositionOfsets": [
        3440,
        3441,
        3442
      ],
      "shouldPause": false
    },
    {
      "itemType": 25,
      "tilePositionOfsets": [
        3341,
        3342,
        3343,
        3344
      ],
      "shouldPause": false
    },
    {
      "itemType": 25,
      "tilePositionOfsets": [
        3242,
        3243,
        3244,
        3245,
        3246,
        3247,
        3248
      ],
      "shouldPause": false
    },
    {
      "itemType": 25,
      "tilePositionOfsets": [
        3147,
        3148,
        3149,
        3150,
        3151,
        3152
      ],
      "shouldPause": false
    },
    {
      "itemType": 25,
      "tilePositionOfsets": [
        3045,
        3046,
        3047,
        3048,
        3049
      ],
      "shouldPause": false
    },
    {
      "itemType": 25,
      "tilePositionOfsets": [
        2948,
        2949,
        2950,
        2951,
        2952,
        2953
      ],
      "shouldPause": false
    },
    {
      "itemType": 25,
      "tilePositionOfsets": [
        3157,
        3158,
        3159,
        3160,
        3161,
        3162,
        3163
      ],
      "shouldPause": false
    },
    {
      "itemType": 25,
      "tilePositionOfsets": [
        3056,
        3057,
        3058,
        3059,
        3060,
        3061
      ],
      "shouldPause": false
    },
    {
      "itemType": 25,
      "tilePositionOfsets": [
        2960,
        2961,
        2962,
        2963
      ],
      "shouldPause": false
    },
    {
      "itemType": 25,
      "tilePositionOfsets": [
        3064,
        3065,
        3066,
        3067,
        3068,
        3069,
        3070
      ],
      "shouldPause": false
    },
    {
      "itemType": 25,
      "tilePositionOfsets": [
        2956
      ],
      "shouldPause": false
    },
    {
      "itemType": 25,
      "tilePositionOfsets": [
        2856
      ],
      "shouldPause": false
    },
    {
      "itemType": 25,
      "tilePositionOfsets": [
        3054
      ],
      "shouldPause": false
    },
    {
      "itemType": 25,
      "tilePositionOfsets": [
        3055
      ],
      "shouldPause": false
    },
    {
      "itemType": 25,
      "tilePositionOfsets": [
        2863
      ],
      "shouldPause": false
    },
    {
      "itemType": 25,
      "tilePositionOfsets": [
        2862
      ],
      "shouldPause": false
    },
    {
      "itemType": 25,
      "tilePositionOfsets": [
        2944
      ],
      "shouldPause": false
    },
    {
      "itemType": 25,
      "tilePositionOfsets": [
        2945
      ],
      "shouldPause": false
    },
    {
      "itemType": 25,
      "tilePositionOfsets": [
        2946
      ],
      "shouldPause": false
    },
    {
      "itemType": 25,
      "tilePositionOfsets": [
        3164,
        3165,
        3166,
        3167,
        3168
      ],
      "shouldPause": false
    },
    {
      "itemType": 25,
      "tilePositionOfsets": [
        2967,
        2968,
        2969,
        2970,
        2971,
        2972
      ],
      "shouldPause": false
    },
    {
      "itemType": 25,
      "tilePositionOfsets": [
        2955
      ],
      "shouldPause": false
    },
    {
      "itemType": 25,
      "tilePositionOfsets": [
        2957
      ],
      "shouldPause": false
    },
    {
      "itemType": 25,
      "tilePositionOfsets": [
        2958
      ],
      "shouldPause": false
    },
    {
      "itemType": 25,
      "tilePositionOfsets": [
        3042,
        2942
      ],
      "shouldPause": false
    },
    {
      "itemType": 25,
      "tilePositionOfsets": [
        2943
      ],
      "shouldPause": false
    },
    {
      "itemType": 25,
      "tilePositionOfsets": [
        2844
      ],
      "shouldPause": false
    },
    {
      "itemType": 25,
      "tilePositionOfsets": [
        2845
      ],
      "shouldPause": false
    },
    {
      "itemType": 25,
      "tilePositionOfsets": [
        2842
      ],
      "shouldPause": false
    },
    {
      "itemType": 25,
      "tilePositionOfsets": [
        2843
      ],
      "shouldPause": false
    },
    {
      "itemType": 25,
      "tilePositionOfsets": [
        3140,
        3041
      ],
      "shouldPause": false
    },
    {
      "itemType": 25,
      "tilePositionOfsets": [
        3040
      ],
      "shouldPause": false
    },
    {
      "itemType": 25,
      "tilePositionOfsets": [
        3352,
        3353,
        3354,
        3355,
        3356,
        3357,
        3358
      ],
      "shouldPause": false
    },
    {
      "itemType": 25,
      "tilePositionOfsets": [
        2853,
        2854,
        2855
      ],
      "shouldPause": false
    },
    {
      "itemType": 185,
      "tilePositionOfsets": [
        2848
      ],
      "shouldPause": false
    },
    {
      "itemType": 184,
      "tilePositionOfsets": [
        2849
      ],
      "shouldPause": false
    },
    {
      "itemType": 183,
      "tilePositionOfsets": [
        2850
      ],
      "shouldPause": false
    },
    {
      "itemType": 182,
      "tilePositionOfsets": [
        2851
      ],
      "shouldPause": false
    },
    {
      "itemType": 181,
      "tilePositionOfsets": [
        2852
      ],
      "shouldPause": false
    },
    {
      "itemType": 25,
      "tilePositionOfsets": [
        4047,
        3947,
        3847,
        3747,
        3647
      ],
      "shouldPause": false
    },
    {
      "itemType": 25,
      "tilePositionOfsets": [
        3641,
        3642,
        3643,
        3644,
        3645,
        3646
      ],
      "shouldPause": false
    },
    {
      "itemType": 25,
      "tilePositionOfsets": [
        4241,
        4141,
        4041,
        3941,
        3841,
        3741
      ],
      "shouldPause": false
    },
    {
      "itemType": 25,
      "tilePositionOfsets": [
        5341,
        5241,
        5141
      ],
      "shouldPause": false
    },
    {
      "itemType": 25,
      "tilePositionOfsets": [
        4364,
        4365,
        4366,
        4367,
        4368
      ],
      "shouldPause": false
    },
    {
      "itemType": 25,
      "tilePositionOfsets": [
        4466,
        4467
      ],
      "shouldPause": false
    },
    {
      "itemType": 25,
      "tilePositionOfsets": [
        4966,
        4967,
        4968,
        4969
      ],
      "shouldPause": false
    },
    {
      "itemType": 25,
      "tilePositionOfsets": [
        4868,
        4869,
        4870
      ],
      "shouldPause": false
    },
    {
      "itemType": 25,
      "tilePositionOfsets": [
        4769,
        4770
      ],
      "shouldPause": false
    },
    {
      "itemType": 25,
      "tilePositionOfsets": [
        4669,
        4670
      ],
      "shouldPause": false
    },
    {
      "itemType": 25,
      "tilePositionOfsets": [
        4570,
        4470,
        4370,
        4270,
        4170,
        4070
      ],
      "shouldPause": false
    },
    {
      "itemType": 25,
      "tilePositionOfsets": [
        4169
      ],
      "shouldPause": false
    },
    {
      "itemType": 25,
      "tilePositionOfsets": [
        4469,
        4369,
        4269
      ],
      "shouldPause": false
    },
    {
      "itemType": 25,
      "tilePositionOfsets": [
        4067,
        3967,
        3867,
        3767,
        3667,
        3567
      ],
      "shouldPause": false
    },
    {
      "itemType": 25,
      "tilePositionOfsets": [
        3668,
        3568,
        3468,
        3368
      ],
      "shouldPause": false
    },
    {
      "itemType": 25,
      "tilePositionOfsets": [
        3768,
        3769,
        3770
      ],
      "shouldPause": false
    },
    {
      "itemType": 25,
      "tilePositionOfsets": [
        3670,
        3570
      ],
      "shouldPause": false
    },
    {
      "itemType": 25,
      "tilePositionOfsets": [
        3569
      ],
      "shouldPause": false
    },
    {
      "itemType": 25,
      "tilePositionOfsets": [
        3669
      ],
      "shouldPause": false
    },
    {
      "itemType": 181,
      "tilePositionOfsets": [
        3771
      ],
      "shouldPause": false
    },
    {
      "itemType": 182,
      "tilePositionOfsets": [
        3671
      ],
      "shouldPause": false
    },
    {
      "itemType": 183,
      "tilePositionOfsets": [
        3571
      ],
      "shouldPause": false
    },
    {
      "itemType": 184,
      "tilePositionOfsets": [
        3471
      ],
      "shouldPause": false
    },
    {
      "itemType": 185,
      "tilePositionOfsets": [
        3371
      ],
      "shouldPause": false
    },
    {
      "itemType": 181,
      "tilePositionOfsets": [
        4071
      ],
      "shouldPause": false
    },
    {
      "itemType": 182,
      "tilePositionOfsets": [
        4171
      ],
      "shouldPause": false
    },
    {
      "itemType": 183,
      "tilePositionOfsets": [
        4271
      ],
      "shouldPause": false
    },
    {
      "itemType": 184,
      "tilePositionOfsets": [
        4371
      ],
      "shouldPause": false
    },
    {
      "itemType": 185,
      "tilePositionOfsets": [
        4471
      ],
      "shouldPause": false
    },
    {
      "itemType": 181,
      "tilePositionOfsets": [
        3252
      ],
      "shouldPause": false
    },
    {
      "itemType": 182,
      "tilePositionOfsets": [
        3253
      ],
      "shouldPause": false
    },
    {
      "itemType": 183,
      "tilePositionOfsets": [
        3254
      ],
      "shouldPause": false
    },
    {
      "itemType": 184,
      "tilePositionOfsets": [
        3255
      ],
      "shouldPause": false
    },
    {
      "itemType": 185,
      "tilePositionOfsets": [
        3256
      ],
      "shouldPause": false
    }
  ],
  "miscItems": [
    {
      "positionOfset": 3761,
      "itemType": 6,
      "number": 0
    },
    {
      "positionOfset": 3641,
      "itemType": 6,
      "number": 1
    },
    {
      "positionOfset": 5741,
      "itemType": 6,
      "number": 2
    },
    {
      "positionOfset": 3040,
      "itemType": 6,
      "number": 3
    },
    {
      "positionOfset": 2972,
      "itemType": 6,
      "number": 4
    },
    {
      "positionOfset": 5656,
      "itemType": 8,
      "number": 0
    },
    {
      "positionOfset": 5159,
      "itemType": 8,
      "number": 1
    }
  ]
}