{
  "pauseDelayAmount": 100,
  "frames": [
    {
      "itemType": 61,
      "tilePositionOfsets": [
        5643
      ],
      "shouldPause": false
    },
    {
      "itemType": 77,
      "tilePositionOfsets": [
        3959
      ],
      "shouldPause": false
    },
    {
      "itemType": 25,
      "tilePositionOfsets": [
        5742,
        5743,
        5744,
        5745,
        5746,
        5747,
        5748,
        5749
      ],
      "shouldPause": false
    },
    {
      "itemType": 25,
      "tilePositionOfsets": [
        5736,
        5737,
        5738,
        5739,
        5740,
        5741
      ],
      "shouldPause": false
    },
    {
      "itemType": 54,
      "tilePositionOfsets": [
        4653
      ],
      "shouldPause": false
    },
    {
      "itemType": 87,
      "tilePositionOfsets": [
        3837
      ],
      "shouldPause": false
    },
    {
      "itemType": 81,
      "tilePositionOfsets": [
        5237
      ],
      "shouldPause": false
    },
    {
      "itemType": 80,
      "tilePositionOfsets": [
        5637
      ],
      "shouldPause": false
    },
    {
      "itemType": 25,
      "tilePositionOfsets": [
        5758,
        5658,
        5558,
        5458
      ],
      "shouldPause": false
    },
    {
      "itemType": 54,
      "tilePositionOfsets": [
        6150
      ],
      "shouldPause": false
    },
    {
      "itemType": 82,
      "tilePositionOfsets": [
        4837
      ],
      "shouldPause": false
    },
    {
      "itemType": 25,
      "tilePositionOfsets": [
        5759,
        5659,
        5559,
        5459
      ],
      "shouldPause": false
    },
    {
      "itemType": 54,
      "tilePositionOfsets": [
        6138
      ],
      "shouldPause": false
    },
    {
      "itemType": 25,
      "tilePositionOfsets": [
        5760,
        5660,
        5560,
        5460,
        5360,
        5260,
        5160,
        5060,
        4960,
        4860
      ],
      "shouldPause": false
    },
    {
      "itemType": 82,
      "tilePositionOfsets": [
        4436
      ],
      "shouldPause": false
    },
    {
      "itemType": 25,
      "tilePositionOfsets": [
        5359,
        5259,
        5159,
        5059,
        4959,
        4859
      ],
      "shouldPause": false
    },
    {
      "itemType": 25,
      "tilePositionOfsets": [
        5358,
        5258,
        5158,
        5058,
        4958,
        4858
      ],
      "shouldPause": false
    },
    {
      "itemType": 25,
      "tilePositionOfsets": [
        4759,
        4760
      ],
      "shouldPause": false
    },
    {
      "itemType": 50,
      "tilePositionOfsets": [
        5232
      ],
      "shouldPause": false
    },
    {
      "itemType": 50,
      "tilePositionOfsets": [
        5632
      ],
      "shouldPause": false
    },
    {
      "itemType": 25,
      "tilePositionOfsets": [
        4660,
        4560,
        4460,
        4360,
        4260,
        4160
      ],
      "shouldPause": false
    },
    {
      "itemType": 25,
      "tilePositionOfsets": [
        4658,
        4558,
        4458,
        4358,
        4258,
        4158
      ],
      "shouldPause": false
    },
    {
      "itemType": 25,
      "tilePositionOfsets": [
        4659,
        4559,
        4459,
        4359,
        4259,
        4159
      ],
      "shouldPause": false
    },
    {
      "itemType": 25,
      "tilePositionOfsets": [
        5756,
        5757
      ],
      "shouldPause": false
    },
    {
      "itemType": 25,
      "tilePositionOfsets": [
        5750,
        5751,
        5752,
        5753,
        5754,
        5755
      ],
      "shouldPause": false
    },
    {
      "itemType": 25,
      "tilePositionOfsets": [
        4058,
        4059,
        4060
      ],
      "shouldPause": false
    },
    {
      "itemType": 25,
      "tilePositionOfsets": [
        4861,
        4761,
        4661,
        4561,
        4461,
        4361,
        4261,
        4161,
        4061
      ],
      "shouldPause": false
    },
    {
      "itemType": 25,
      "tilePositionOfsets": [
        5761,
        5661,
        5561,
        5461,
        5361,
        5261,
        5161,
        5061,
        4961
      ],
      "shouldPause": false
    },
    {
      "itemType": 25,
      "tilePositionOfsets": [
        5762,
        5662,
        5562,
        5462,
        5362,
        5262,
        5162,
        5062,
        4962,
        4862,
        4762,
        4662
      ],
      "shouldPause": false
    },
    {
      "itemType": 25,
      "tilePositionOfsets": [
        4562,
        4462,
        4362,
        4262,
        4162,
        4062
      ],
      "shouldPause": false
    },
    {
      "itemType": 25,
      "tilePositionOfsets": [
        5263,
        5163,
        5063,
        4963,
        4863,
        4763,
        4663,
        4563,
        4463,
        4363,
        4263,
        4163,
        4063
      ],
      "shouldPause": false
    },
    {
      "itemType": 25,
      "tilePositionOfsets": [
        5763,
        5663,
        5563,
        5463,
        5363
      ],
      "shouldPause": false
    },
    {
      "itemType": 25,
      "tilePositionOfsets": [
        5636,
        5536,
        5436,
        5336,
        5236,
        5136,
        5036,
        4936,
        4836
      ],
      "shouldPause": false
    },
    {
      "itemType": 25,
      "tilePositionOfsets": [
        4835,
        4735,
        4635,
        4535,
        4435,
        4335
      ],
      "shouldPause": false
    },
    {
      "itemType": 25,
      "tilePositionOfsets": [
        4235
      ],
      "shouldPause": false
    },
    {
      "itemType": 25,
      "tilePositionOfsets": [
        3958
      ],
      "shouldPause": false
    },
    {
      "itemType": 25,
      "tilePositionOfsets": [
        3956,
        3957
      ],
      "shouldPause": false
    },
    {
      "itemType": 25,
      "tilePositionOfsets": [
        4135,
        4035
      ],
      "shouldPause": false
    },
    {
      "itemType": 25,
      "tilePositionOfsets": [
        3935
      ],
      "shouldPause": false
    },
    {
      "itemType": 25,
      "tilePositionOfsets": [
        3955
      ],
      "shouldPause": false
    },
    {
      "itemType": 25,
      "tilePositionOfsets": [
        3942,
        3943
      ],
      "shouldPause": false
    },
    {
      "itemType": 25,
      "tilePositionOfsets": [
        3936,
        3937,
        3938,
        3939,
        3940,
        3941
      ],
      "shouldPause": false
    },
    {
      "itemType": 144,
      "tilePositionOfsets": [
        3950
      ],
      "shouldPause": false
    },
    {
      "itemType": 25,
      "tilePositionOfsets": [
        3944,
        3945,
        3946,
        3947,
        3948,
        3949
      ],
      "shouldPause": false
    },
    {
      "itemType": 25,
      "tilePositionOfsets": [
        5764,
        5664,
        5564,
        5464,
        5364,
        5264,
        5164,
        5064,
        4964,
        4864,
        4764,
        4664,
        4564,
        4464,
        4364
      ],
      "shouldPause": false
    },
    {
      "itemType": 25,
      "tilePositionOfsets": [
        4264,
        4164,
        4064
      ],
      "shouldPause": false
    },
    {
      "itemType": 25,
      "tilePositionOfsets": [
        4565,
        4466,
        4367,
        4268,
        4169
      ],
      "shouldPause": false
    },
    {
      "itemType": 25,
      "tilePositionOfsets": [
        4065,
        4066,
        4067,
        4068,
        4069
      ],
      "shouldPause": false
    },
    {
      "itemType": 25,
      "tilePositionOfsets": [
        4465,
        4366,
        4267,
        4168
      ],
      "shouldPause": false
    },
    {
      "itemType": 25,
      "tilePositionOfsets": [
        4365,
        4265,
        4165
      ],
      "shouldPause": false
    },
    {
      "itemType": 25,
      "tilePositionOfsets": [
        4266,
        4166
      ],
      "shouldPause": false
    },
    {
      "itemType": 25,
      "tilePositionOfsets": [
        4167
      ],
      "shouldPause": false
    },
    {
      "itemType": 25,
      "tilePositionOfsets": [
        4070
      ],
      "shouldPause": false
    },
    {
      "itemType": 25,
      "tilePositionOfsets": [
        5765,
        5766,
        5767,
        5768,
        5769,
        5770
      ],
      "shouldPause": false
    },
    {
      "itemType": 25,
      "tilePositionOfsets": [
        5665,
        5666,
        5667
      ],
      "shouldPause": false
    },
    {
      "itemType": 25,
      "tilePositionOfsets": [
        5668,
        5669,
        5567,
        5466,
        5365
      ],
      "shouldPause": false
    },
    {
      "itemType": 25,
      "tilePositionOfsets": [
        5565
      ],
      "shouldPause": false
    },
    {
      "itemType": 25,
      "tilePositionOfsets": [
        5566
      ],
      "shouldPause": false
    },
    {
      "itemType": 25,
      "tilePositionOfsets": [
        5568,
        5468,
        5368,
        5168
      ],
      "shouldPause": false
    },
    {
      "itemType": 25,
      "tilePositionOfsets": [
        5066,
        5067,
        5068,
        5069,
        5070,
        5071
      ],
      "shouldPause": false
    },
    {
      "itemType": 25,
      "tilePositionOfsets": [
        5268,
        5269,
        5270
      ],
      "shouldPause": false
    },
    {
      "itemType": 25,
      "tilePositionOfsets": [
        4969,
        4869,
        4769,
        4669
      ],
      "shouldPause": false
    },
    {
      "itemType": 25,
      "tilePositionOfsets": [
        4670,
        4570,
        4470,
        4370
      ],
      "shouldPause": false
    },
    {
      "itemType": 25,
      "tilePositionOfsets": [
        4471,
        4371,
        4271
      ],
      "shouldPause": false
    },
    {
      "itemType": 25,
      "tilePositionOfsets": [
        4866,
        4867,
        4868
      ],
      "shouldPause": false
    },
    {
      "itemType": 25,
      "tilePositionOfsets": [
        4767,
        4768
      ],
      "shouldPause": false
    },
    {
      "itemType": 25,
      "tilePositionOfsets": [
        4668
      ],
      "shouldPause": false
    },
    {
      "itemType": 25,
      "tilePositionOfsets": [
        4569
      ],
      "shouldPause": false
    },
    {
      "itemType": 25,
      "tilePositionOfsets": [
        4357,
        4256,
        4155
      ],
      "shouldPause": false
    },
    {
      "itemType": 25,
      "tilePositionOfsets": [
        4754,
        4755,
        4756,
        4757,
        4758
      ],
      "shouldPause": false
    },
    {
      "itemType": 25,
      "tilePositionOfsets": [
        5057,
        4957,
        4856
      ],
      "shouldPause": false
    },
    {
      "itemType": 25,
      "tilePositionOfsets": [
        5655,
        5656
      ],
      "shouldPause": false
    },
    {
      "itemType": 25,
      "tilePositionOfsets": [
        5556,
        5456
      ],
      "shouldPause": false
    },
    {
      "itemType": 25,
      "tilePositionOfsets": [
        5457
      ],
      "shouldPause": false
    },
    {
      "itemType": 25,
      "tilePositionOfsets": [
        4042
      ],
      "shouldPause": false
    },
    {
      "itemType": 25,
      "tilePositionOfsets": [
        4049
      ],
      "shouldPause": false
    },
    {
      "itemType": 25,
      "tilePositionOfsets": [
        4048
      ],
      "shouldPause": false
    },
    {
      "itemType": 25,
      "tilePositionOfsets": [
        5642,
        5542,
        5442
      ],
      "shouldPause": false
    },
    {
      "itemType": 25,
      "tilePositionOfsets": [
        3855,
        3755
      ],
      "shouldPause": false
    },
    {
      "itemType": 25,
      "tilePositionOfsets": [
        3150,
        3050,
        2950,
        2850,
        2750
      ],
      "shouldPause": false
    },
    {
      "itemType": 25,
      "tilePositionOfsets": [
        2648,
        2649,
        2650
      ],
      "shouldPause": false
    },
    {
      "itemType": 25,
      "tilePositionOfsets": [
        2644,
        2645,
        2646,
        2647
      ],
      "shouldPause": false
    },
    {
      "itemType": 25,
      "tilePositionOfsets": [
        2545,
        2546,
        2547,
        2548,
        2549,
        2550,
        2551,
        2552
      ],
      "shouldPause": false
    },
    {
      "itemType": 25,
      "tilePositionOfsets": [
        3051,
        2951,
        2851,
        2751,
        2651
      ],
      "shouldPause": false
    },
    {
      "itemType": 25,
      "tilePositionOfsets": [
        2653,
        2654,
        2655,
        2656
      ],
      "shouldPause": false
    },
    {
      "itemType": 25,
      "tilePositionOfsets": [
        2755,
        2756
      ],
      "shouldPause": false
    },
    {
      "itemType": 25,
      "tilePositionOfsets": [
        3358,
        3258,
        3158,
        3058,
        2958
      ],
      "shouldPause": false
    },
    {
      "itemType": 25,
      "tilePositionOfsets": [
        3450,
        3350,
        3250
      ],
      "shouldPause": false
    },
    {
      "itemType": 25,
      "tilePositionOfsets": [
        2758,
        2658,
        2558,
        2458
      ],
      "shouldPause": false
    },
    {
      "itemType": 25,
      "tilePositionOfsets": [
        2455,
        2456,
        2457
      ],
      "shouldPause": false
    },
    {
      "itemType": 181,
      "tilePositionOfsets": [
        2452
      ],
      "shouldPause": false
    },
    {
      "itemType": 182,
      "tilePositionOfsets": [
        2451
      ],
      "shouldPause": false
    },
    {
      "itemType": 183,
      "tilePositionOfsets": [
        2450
      ],
      "shouldPause": false
    },
    {
      "itemType": 184,
      "tilePositionOfsets": [
        2449
      ],
      "shouldPause": false
    },
    {
      "itemType": 185,
      "tilePositionOfsets": [
        2448
      ],
      "shouldPause": false
    },
    {
      "itemType": 25,
      "tilePositionOfsets": [
        3836,
        3736,
        3636,
        3536
      ],
      "shouldPause": false
    },
    {
      "itemType": 25,
      "tilePositionOfsets": [
        3336,
        3236,
        3136,
        3036,
        2936
      ],
      "shouldPause": false
    },
    {
      "itemType": 25,
      "tilePositionOfsets": [
        3436
      ],
      "shouldPause": false
    },
    {
      "itemType": 25,
      "tilePositionOfsets": [
        2836,
        2736,
        2636,
        2536
      ],
      "shouldPause": false
    },
    {
      "itemType": 25,
      "tilePositionOfsets": [
        2537,
        2538,
        2539,
        2540,
        2541
      ],
      "shouldPause": false
    },
    {
      "itemType": 25,
      "tilePositionOfsets": [
        2441,
        2341,
        2241
      ],
      "shouldPause": false
    },
    {
      "itemType": 25,
      "tilePositionOfsets": [
        2438,
        2339,
        2240
      ],
      "shouldPause": false
    },
    {
      "itemType": 25,
      "tilePositionOfsets": [
        2436,
        2336,
        2236
      ],
      "shouldPause": false
    },
    {
      "itemType": 25,
      "tilePositionOfsets": [
        2437,
        2337,
        2237
      ],
      "shouldPause": false
    }
  ],
  "miscItems": [
    {
      "positionOfset": 4063,
      "itemType": 6,
      "number": 0
    },
    {
      "positionOfset": 2550,
      "itemType": 6,
      "number": 1
    },
    {
      "positionOfset": 5736,
      "itemType": 6,
      "number": 2
    },
    {
      "positionOfset": 5767,
      "itemType": 6,
      "number": 3
    },
    {
      "positionOfset": 4763,
      "itemType": 6,
      "number": 4
    },
    {
      "positionOfset": 5657,
      "itemType": 8,
      "number": 0
    },
    {
      "positionOfset": 4057,
      "itemType": 8,
      "number": 1
    }
  ]
}