{
  "pauseDelayAmount": 30,
  "frames": [
    {
      "itemType": 61,
      "tilePositionOfsets": [
        5643
      ],
      "shouldPause": false
    },
    {
      "itemType": 52,
      "tilePositionOfsets": [
        4950
      ],
      "shouldPause": false
    },
    {
      "itemType": 52,
      "tilePositionOfsets": [
        4450
      ],
      "shouldPause": false
    },
    {
      "itemType": 80,
      "tilePositionOfsets": [
        5638
      ],
      "shouldPause": false
    },
    {
      "itemType": 81,
      "tilePositionOfsets": [
        5238
      ],
      "shouldPause": false
    },
    {
      "itemType": 81,
      "tilePositionOfsets": [
        4838
      ],
      "shouldPause": false
    },
    {
      "itemType": 54,
      "tilePositionOfsets": [
        6025
      ],
      "shouldPause": false
    },
    {
      "itemType": 54,
      "tilePositionOfsets": [
        6020
      ],
      "shouldPause": false
    },
    {
      "itemType": 54,
      "tilePositionOfsets": [
        6065
      ],
      "shouldPause": false
    },
    {
      "itemType": 54,
      "tilePositionOfsets": [
        6070
      ],
      "shouldPause": false
    },
    {
      "itemType": 54,
      "tilePositionOfsets": [
        6565
      ],
      "shouldPause": false
    },
    {
      "itemType": 54,
      "tilePositionOfsets": [
        6570
      ],
      "shouldPause": false
    },
    {
      "itemType": 54,
      "tilePositionOfsets": [
        6015
      ],
      "shouldPause": false
    },
    {
      "itemType": 54,
      "tilePositionOfsets": [
        5519
      ],
      "shouldPause": false
    },
    {
      "itemType": 54,
      "tilePositionOfsets": [
        3824
      ],
      "shouldPause": false
    },
    {
      "itemType": 87,
      "tilePositionOfsets": [
        5565
      ],
      "shouldPause": false
    },
    {
      "itemType": 77,
      "tilePositionOfsets": [
        5524
      ],
      "shouldPause": false
    },
    {
      "itemType": 84,
      "tilePositionOfsets": [
        3955
      ],
      "shouldPause": false
    },
    {
      "itemType": 88,
      "tilePositionOfsets": [
        4924
      ],
      "shouldPause": false
    },
    {
      "itemType": 84,
      "tilePositionOfsets": [
        3951
      ],
      "shouldPause": false
    },
    {
      "itemType": 146,
      "tilePositionOfsets": [
        6843
      ],
      "shouldPause": false
    },
    {
      "itemType": 25,
      "tilePositionOfsets": [
        6550,
        6551,
        6552,
        6553,
        6554,
        6555,
        6556,
        6557,
        6558
      ],
      "shouldPause": false
    },
    {
      "itemType": 113,
      "tilePositionOfsets": [
        6759
      ],
      "shouldPause": false
    },
    {
      "itemType": 50,
      "tilePositionOfsets": [
        3947
      ],
      "shouldPause": false
    },
    {
      "itemType": 83,
      "tilePositionOfsets": [
        3943
      ],
      "shouldPause": false
    },
    {
      "itemType": 342,
      "tilePositionOfsets": [
        6038
      ],
      "shouldPause": false
    },
    {
      "itemType": 330,
      "tilePositionOfsets": [
        6454
      ],
      "shouldPause": false
    },
    {
      "itemType": 330,
      "tilePositionOfsets": [
        4339
      ],
      "shouldPause": false
    },
    {
      "itemType": 82,
      "tilePositionOfsets": [
        3939
      ],
      "shouldPause": false
    },
    {
      "itemType": 95,
      "tilePositionOfsets": [
        5017
      ],
      "shouldPause": false
    },
    {
      "itemType": 95,
      "tilePositionOfsets": [
        6275
      ],
      "shouldPause": false
    },
    {
      "itemType": 25,
      "tilePositionOfsets": [
        6162,
        6062,
        5962,
        5862,
        5762,
        5662,
        5562,
        5462,
        5362,
        5262,
        5162,
        5062,
        4962,
        4862,
        4762,
        4662,
        4562,
        4462,
        4362,
        4262,
        4162,
        4062,
        3962
      ],
      "shouldPause": true
    },
    {
      "itemType": 113,
      "tilePositionOfsets": [
        3859
      ],
      "shouldPause": false
    },
    {
      "itemType": 25,
      "tilePositionOfsets": [
        3535,
        3536,
        3537,
        3538,
        3539,
        3540,
        3541,
        3542,
        3543,
        3544,
        3545,
        3546,
        3547,
        3548,
        3549,
        3550,
        3551,
        3552,
        3553,
        3554,
        3555,
        3556,
        3557,
        3558
      ],
      "shouldPause": false
    },
    {
      "itemType": 113,
      "tilePositionOfsets": [
        3829
      ],
      "shouldPause": false
    },
    {
      "itemType": 25,
      "tilePositionOfsets": [
        6131,
        6031,
        5931,
        5831,
        5731,
        5631,
        5531,
        5431,
        5331,
        5231,
        5131,
        5031,
        4931,
        4831,
        4731,
        4631,
        4531,
        4431,
        4331,
        4231,
        4131,
        4031,
        3931
      ],
      "shouldPause": false
    },
    {
      "itemType": 113,
      "tilePositionOfsets": [
        6729
      ],
      "shouldPause": false
    },
    {
      "itemType": 25,
      "tilePositionOfsets": [
        6535,
        6536,
        6537,
        6538,
        6539,
        6540,
        6541,
        6542
      ],
      "shouldPause": false
    },
    {
      "itemType": 84,
      "tilePositionOfsets": [
        5232
      ],
      "shouldPause": false
    },
    {
      "itemType": 83,
      "tilePositionOfsets": [
        5632
      ],
      "shouldPause": false
    },
    {
      "itemType": 50,
      "tilePositionOfsets": [
        6032
      ],
      "shouldPause": false
    },
    {
      "itemType": 89,
      "tilePositionOfsets": [
        4366
      ],
      "shouldPause": false
    },
    {
      "itemType": 324,
      "tilePositionOfsets": [
        5576
      ],
      "shouldPause": false
    },
    {
      "itemType": 324,
      "tilePositionOfsets": [
        6623
      ],
      "shouldPause": false
    },
    {
      "itemType": 169,
      "tilePositionOfsets": [
        4977
      ],
      "shouldPause": false
    },
    {
      "itemType": 169,
      "tilePositionOfsets": [
        6518
      ],
      "shouldPause": false
    },
    {
      "itemType": 169,
      "tilePositionOfsets": [
        4477
      ],
      "shouldPause": false
    },
    {
      "itemType": 169,
      "tilePositionOfsets": [
        3977
      ],
      "shouldPause": false
    },
    {
      "itemType": 169,
      "tilePositionOfsets": [
        3619
      ],
      "shouldPause": false
    },
    {
      "itemType": 169,
      "tilePositionOfsets": [
        3614
      ],
      "shouldPause": false
    },
    {
      "itemType": 169,
      "tilePositionOfsets": [
        6513
      ],
      "shouldPause": false
    },
    {
      "itemType": 169,
      "tilePositionOfsets": [
        7013
      ],
      "shouldPause": false
    },
    {
      "itemType": 26,
      "tilePositionOfsets": [
        6650,
        6651,
        6652,
        6653,
        6654,
        6655,
        6656,
        6657,
        6658
      ],
      "shouldPause": false
    },
    {
      "itemType": 26,
      "tilePositionOfsets": [
        6163,
        6063,
        5963,
        5863,
        5763,
        5663,
        5563,
        5463,
        5363,
        5263,
        5163,
        5063,
        4963,
        4863,
        4763,
        4663,
        4563,
        4463,
        4363,
        4263,
        4163,
        4063,
        3963
      ],
      "shouldPause": false
    },
    {
      "itemType": 26,
      "tilePositionOfsets": [
        3435,
        3436,
        3437,
        3438,
        3439,
        3440,
        3441,
        3442,
        3443,
        3444,
        3445,
        3446,
        3447,
        3448,
        3449,
        3450,
        3451,
        3452,
        3453,
        3454,
        3455,
        3456,
        3457,
        3458
      ],
      "shouldPause": false
    },
    {
      "itemType": 26,
      "tilePositionOfsets": [
        6130,
        6030,
        5930,
        5830,
        5730,
        5630,
        5530,
        5430,
        5330,
        5230,
        5130,
        5030,
        4930,
        4830,
        4730,
        4630,
        4530,
        4430,
        4330,
        4230,
        4130,
        4030,
        3930
      ],
      "shouldPause": false
    },
    {
      "itemType": 26,
      "tilePositionOfsets": [
        6635,
        6636,
        6637,
        6638,
        6639,
        6640,
        6641,
        6642
      ],
      "shouldPause": false
    },
    {
      "itemType": 180,
      "tilePositionOfsets": [
        4372
      ],
      "shouldPause": false
    },
    {
      "itemType": 84,
      "tilePositionOfsets": [
        3935
      ],
      "shouldPause": true
    },
    {
      "itemType": 50,
      "tilePositionOfsets": [
        4458
      ],
      "shouldPause": false
    },
    {
      "itemType": 50,
      "tilePositionOfsets": [
        4858
      ],
      "shouldPause": false
    },
    {
      "itemType": 146,
      "tilePositionOfsets": [
        7943
      ],
      "shouldPause": false
    },
    {
      "itemType": 46,
      "tilePositionOfsets": [
        7650,
        7651,
        7652,
        7653,
        7654,
        7655,
        7656,
        7657,
        7658,
        7659,
        7660,
        7661,
        7662,
        7663,
        7664,
        7665,
        7666,
        7667,
        7668,
        7669,
        7670,
        7671,
        7672,
        7673,
        7674,
        7675,
        7676,
        7677,
        7678,
        7679,
        7680
      ],
      "shouldPause": false
    },
    {
      "itemType": 111,
      "tilePositionOfsets": [
        7881
      ],
      "shouldPause": false
    },
    {
      "itemType": 46,
      "tilePositionOfsets": [
        7482,
        7382,
        7282,
        7182,
        7082,
        6982,
        6882,
        6782,
        6682,
        6582,
        6482,
        6382,
        6282,
        6182,
        6082,
        5982,
        5882,
        5782,
        5682,
        5582,
        5482,
        5382,
        5282,
        5182,
        5082,
        4982,
        4882,
        4782,
        4682,
        4582,
        4482,
        4382,
        4282,
        4182,
        4082,
        3982,
        3882,
        3782,
        3682,
        3582,
        3482,
        3382
      ],
      "shouldPause": false
    },
    {
      "itemType": 111,
      "tilePositionOfsets": [
        3281
      ],
      "shouldPause": false
    },
    {
      "itemType": 46,
      "tilePositionOfsets": [
        3114,
        3115,
        3116,
        3117,
        3118,
        3119,
        3120,
        3121,
        3122,
        3123,
        3124,
        3125,
        3126,
        3127,
        3128,
        3129,
        3130,
        3131,
        3132,
        3133,
        3134,
        3135,
        3136,
        3137,
        3138,
        3139,
        3140,
        3141,
        3142,
        3143,
        3144,
        3145,
        3146,
        3147,
        3148,
        3149,
        3150,
        3151,
        3152,
        3153,
        3154,
        3155,
        3156,
        3157,
        3158,
        3159,
        3160,
        3161,
        3162,
        3163,
        3164,
        3165,
        3166,
        3167,
        3168,
        3169,
        3170,
        3171,
        3172,
        3173,
        3174,
        3175,
        3176,
        3177,
        3178,
        3179,
        3180
      ],
      "shouldPause": false
    },
    {
      "itemType": 111,
      "tilePositionOfsets": [
        3210
      ],
      "shouldPause": false
    },
    {
      "itemType": 46,
      "tilePositionOfsets": [
        7412,
        7312,
        7212,
        7112,
        7012,
        6912,
        6812,
        6712,
        6612,
        6512,
        6412,
        6312,
        6212,
        6112,
        6012,
        5912,
        5812,
        5712,
        5612,
        5512,
        5412,
        5312,
        5212,
        5112,
        5012,
        4912,
        4812,
        4712,
        4612,
        4512,
        4412,
        4312,
        4212,
        4112,
        4012,
        3912,
        3812,
        3712,
        3612,
        3512,
        3412,
        3312
      ],
      "shouldPause": false
    },
    {
      "itemType": 111,
      "tilePositionOfsets": [
        7810
      ],
      "shouldPause": false
    },
    {
      "itemType": 46,
      "tilePositionOfsets": [
        7614,
        7615,
        7616,
        7617,
        7618,
        7619,
        7620,
        7621,
        7622,
        7623,
        7624,
        7625,
        7626,
        7627,
        7628,
        7629,
        7630,
        7631,
        7632,
        7633,
        7634,
        7635,
        7636,
        7637,
        7638,
        7639,
        7640,
        7641,
        7642
      ],
      "shouldPause": false
    },
    {
      "itemType": 83,
      "tilePositionOfsets": [
        5258
      ],
      "shouldPause": false
    },
    {
      "itemType": 83,
      "tilePositionOfsets": [
        5658
      ],
      "shouldPause": false
    },
    {
      "itemType": 82,
      "tilePositionOfsets": [
        6058
      ],
      "shouldPause": false
    },
    {
      "itemType": 175,
      "tilePositionOfsets": [
        7451
      ],
      "shouldPause": false
    },
    {
      "itemType": 175,
      "tilePositionOfsets": [
        7439
      ],
      "shouldPause": false
    },
    {
      "itemType": 313,
      "tilePositionOfsets": [
        7052
      ],
      "shouldPause": false
    },
    {
      "itemType": 313,
      "tilePositionOfsets": [
        7056
      ],
      "shouldPause": false
    },
    {
      "itemType": 313,
      "tilePositionOfsets": [
        7564
      ],
      "shouldPause": false
    },
    {
      "itemType": 313,
      "tilePositionOfsets": [
        7371
      ],
      "shouldPause": false
    },
    {
      "itemType": 313,
      "tilePositionOfsets": [
        7377
      ],
      "shouldPause": false
    },
    {
      "itemType": 313,
      "tilePositionOfsets": [
        7075
      ],
      "shouldPause": false
    },
    {
      "itemType": 313,
      "tilePositionOfsets": [
        7068
      ],
      "shouldPause": false
    },
    {
      "itemType": 313,
      "tilePositionOfsets": [
        7332
      ],
      "shouldPause": false
    },
    {
      "itemType": 313,
      "tilePositionOfsets": [
        7126
      ],
      "shouldPause": false
    },
    {
      "itemType": 313,
      "tilePositionOfsets": [
        7222
      ],
      "shouldPause": false
    },
    {
      "itemType": 313,
      "tilePositionOfsets": [
        7219
      ],
      "shouldPause": false
    },
    {
      "itemType": 313,
      "tilePositionOfsets": [
        7019
      ],
      "shouldPause": false
    },
    {
      "itemType": 84,
      "tilePositionOfsets": [
        4432
      ],
      "shouldPause": false
    },
    {
      "itemType": 84,
      "tilePositionOfsets": [
        4832
      ],
      "shouldPause": false
    },
    {
      "itemType": 84,
      "tilePositionOfsets": [
        6053
      ],
      "shouldPause": false
    },
    {
      "itemType": 95,
      "tilePositionOfsets": [
        4317
      ],
      "shouldPause": false
    },
    {
      "itemType": 35,
      "tilePositionOfsets": [
        7750,
        7751,
        7752,
        7753,
        7754,
        7755,
        7756,
        7757,
        7758,
        7759,
        7760,
        7761,
        7762,
        7763,
        7764,
        7765,
        7766,
        7767,
        7768,
        7769,
        7770,
        7771,
        7772,
        7773,
        7774,
        7775,
        7776,
        7777,
        7778,
        7779,
        7780
      ],
      "shouldPause": false
    },
    {
      "itemType": 35,
      "tilePositionOfsets": [
        7483,
        7383,
        7283,
        7183,
        7083,
        6983,
        6883,
        6783,
        6683,
        6583,
        6483,
        6383,
        6283,
        6183,
        6083,
        5983,
        5883,
        5783,
        5683,
        5583,
        5483,
        5383,
        5283,
        5183,
        5083,
        4983,
        4883,
        4783,
        4683,
        4583,
        4483,
        4383,
        4283,
        4183,
        4083,
        3983,
        3883,
        3783,
        3683,
        3583,
        3483,
        3383
      ],
      "shouldPause": false
    },
    {
      "itemType": 35,
      "tilePositionOfsets": [
        3014,
        3015,
        3016,
        3017,
        3018,
        3019,
        3020,
        3021,
        3022,
        3023,
        3024,
        3025,
        3026,
        3027,
        3028,
        3029,
        3030,
        3031,
        3032,
        3033,
        3034,
        3035,
        3036,
        3037,
        3038,
        3039,
        3040,
        3041,
        3042,
        3043,
        3044,
        3045,
        3046,
        3047,
        3048,
        3049,
        3050,
        3051,
        3052,
        3053,
        3054,
        3055,
        3056,
        3057,
        3058,
        3059,
        3060,
        3061,
        3062,
        3063,
        3064,
        3065,
        3066,
        3067,
        3068,
        3069,
        3070,
        3071,
        3072,
        3073,
        3074,
        3075,
        3076,
        3077,
        3078,
        3079,
        3080
      ],
      "shouldPause": false
    },
    {
      "itemType": 35,
      "tilePositionOfsets": [
        7411,
        7311,
        7211,
        7111,
        7011,
        6911,
        6811,
        6711,
        6611,
        6511,
        6411,
        6311,
        6211,
        6111,
        6011,
        5911,
        5811,
        5711,
        5611,
        5511,
        5411,
        5311,
        5211,
        5111,
        5011,
        4911,
        4811,
        4711,
        4611,
        4511,
        4411,
        4311,
        4211,
        4111,
        4011,
        3911,
        3811,
        3711,
        3611,
        3511,
        3411,
        3311
      ],
      "shouldPause": false
    },
    {
      "itemType": 35,
      "tilePositionOfsets": [
        7714,
        7715,
        7716,
        7717,
        7718,
        7719,
        7720,
        7721,
        7722,
        7723,
        7724,
        7725,
        7726,
        7727,
        7728,
        7729,
        7730,
        7731,
        7732,
        7733,
        7734,
        7735,
        7736,
        7737,
        7738,
        7739,
        7740,
        7741,
        7742
      ],
      "shouldPause": false
    },
    {
      "itemType": 50,
      "tilePositionOfsets": [
        6048
      ],
      "shouldPause": false
    },
    {
      "itemType": 83,
      "tilePositionOfsets": [
        6043
      ],
      "shouldPause": false
    },
    {
      "itemType": 318,
      "tilePositionOfsets": [
        7280
      ],
      "shouldPause": false
    },
    {
      "itemType": 318,
      "tilePositionOfsets": [
        6979
      ],
      "shouldPause": false
    },
    {
      "itemType": 318,
      "tilePositionOfsets": [
        6679
      ],
      "shouldPause": false
    },
    {
      "itemType": 318,
      "tilePositionOfsets": [
        6872
      ],
      "shouldPause": false
    },
    {
      "itemType": 318,
      "tilePositionOfsets": [
        7361
      ],
      "shouldPause": false
    },
    {
      "itemType": 318,
      "tilePositionOfsets": [
        7059
      ],
      "shouldPause": false
    },
    {
      "itemType": 318,
      "tilePositionOfsets": [
        7257
      ],
      "shouldPause": false
    },
    {
      "itemType": 318,
      "tilePositionOfsets": [
        7136
      ],
      "shouldPause": false
    },
    {
      "itemType": 318,
      "tilePositionOfsets": [
        6929
      ],
      "shouldPause": false
    },
    {
      "itemType": 318,
      "tilePositionOfsets": [
        7328
      ],
      "shouldPause": false
    },
    {
      "itemType": 318,
      "tilePositionOfsets": [
        7416
      ],
      "shouldPause": false
    },
    {
      "itemType": 318,
      "tilePositionOfsets": [
        7216
      ],
      "shouldPause": false
    }
  ],
  "miscItems": [
    {
      "positionOfset": 5546,
      "itemType": 1,
      "number": 0
    },
    {
      "positionOfset": 3546,
      "itemType": 1,
      "number": 1
    },
    {
      "positionOfset": 5146,
      "itemType": 1,
      "number": 2
    },
    {
      "positionOfset": 6748,
      "itemType": 1,
      "number": 3
    },
    {
      "positionOfset": 6744,
      "itemType": 1,
      "number": 4
    },
    {
      "positionOfset": 7848,
      "itemType": 1,
      "number": 5
    },
    {
      "positionOfset": 7744,
      "itemType": 1,
      "number": 6
    },
    {
      "positionOfset": 5062,
      "itemType": 1,
      "number": 7
    },
    {
      "positionOfset": 4931,
      "itemType": 1,
      "number": 8
    },
    {
      "positionOfset": 6562,
      "itemType": 2,
      "number": 0
    },
    {
      "positionOfset": 6432,
      "itemType": 2,
      "number": 1
    },
    {
      "positionOfset": 3631,
      "itemType": 3,
      "number": 0
    },
    {
      "positionOfset": 3661,
      "itemType": 3,
      "number": 1
    },
    {
      "positionOfset": 7646,
      "itemType": 6,
      "number": 0
    },
    {
      "positionOfset": 6546,
      "itemType": 6,
      "number": 1
    },
    {
      "positionOfset": 6630,
      "itemType": 6,
      "number": 2
    },
    {
      "positionOfset": 6663,
      "itemType": 6,
      "number": 3
    },
    {
      "positionOfset": 3563,
      "itemType": 6,
      "number": 4
    },
    {
      "positionOfset": 3430,
      "itemType": 6,
      "number": 5
    },
    {
      "positionOfset": 7711,
      "itemType": 6,
      "number": 6
    },
    {
      "positionOfset": 7783,
      "itemType": 6,
      "number": 7
    },
    {
      "positionOfset": 3183,
      "itemType": 6,
      "number": 8
    },
    {
      "positionOfset": 3112,
      "itemType": 6,
      "number": 9
    },
    {
      "positionOfset": 5346,
      "itemType": 13,
      "number": 0
    }
  ]
}