{
  "pauseDelayAmount": 100,
  "frames": [
    {
      "itemType": 61,
      "tilePositionOfsets": [
        5643
      ],
      "shouldPause": false
    },
    {
      "itemType": 80,
      "tilePositionOfsets": [
        6632
      ],
      "shouldPause": false
    },
    {
      "itemType": 52,
      "tilePositionOfsets": [
        5950
      ],
      "shouldPause": false
    },
    {
      "itemType": 52,
      "tilePositionOfsets": [
        5455
      ],
      "shouldPause": false
    },
    {
      "itemType": 52,
      "tilePositionOfsets": [
        4950
      ],
      "shouldPause": false
    },
    {
      "itemType": 77,
      "tilePositionOfsets": [
        4424
      ],
      "shouldPause": false
    },
    {
      "itemType": 86,
      "tilePositionOfsets": [
        4864
      ],
      "shouldPause": false
    },
    {
      "itemType": 54,
      "tilePositionOfsets": [
        4825
      ],
      "shouldPause": false
    },
    {
      "itemType": 54,
      "tilePositionOfsets": [
        4320
      ],
      "shouldPause": false
    },
    {
      "itemType": 54,
      "tilePositionOfsets": [
        4720
      ],
      "shouldPause": false
    },
    {
      "itemType": 51,
      "tilePositionOfsets": [
        5267
      ],
      "shouldPause": false
    },
    {
      "itemType": 51,
      "tilePositionOfsets": [
        5223
      ],
      "shouldPause": false
    },
    {
      "itemType": 76,
      "tilePositionOfsets": [
        5956
      ],
      "shouldPause": false
    },
    {
      "itemType": 74,
      "tilePositionOfsets": [
        5946
      ],
      "shouldPause": false
    },
    {
      "itemType": 54,
      "tilePositionOfsets": [
        3871
      ],
      "shouldPause": false
    },
    {
      "itemType": 54,
      "tilePositionOfsets": [
        3471
      ],
      "shouldPause": false
    },
    {
      "itemType": 25,
      "tilePositionOfsets": [
        6731,
        6732,
        6733,
        6734,
        6735,
        6736,
        6737,
        6738,
        6739,
        6740,
        6741,
        6742,
        6743,
        6744,
        6745,
        6746,
        6747,
        6748,
        6749,
        6750,
        6751,
        6752,
        6753,
        6754,
        6755,
        6756,
        6757,
        6758,
        6759,
        6760,
        6761
      ],
      "shouldPause": false
    },
    {
      "itemType": 25,
      "tilePositionOfsets": [
        6631
      ],
      "shouldPause": false
    },
    {
      "itemType": 25,
      "tilePositionOfsets": [
        6661
      ],
      "shouldPause": false
    },
    {
      "itemType": 25,
      "tilePositionOfsets": [
        7046,
        6946,
        6846
      ],
      "shouldPause": false
    },
    {
      "itemType": 25,
      "tilePositionOfsets": [
        7047,
        6947,
        6847
      ],
      "shouldPause": false
    },
    {
      "itemType": 25,
      "tilePositionOfsets": [
        6531,
        6431,
        6331,
        6231,
        6131,
        6031,
        5931,
        5831,
        5731,
        5631
      ],
      "shouldPause": false
    },
    {
      "itemType": 25,
      "tilePositionOfsets": [
        6461,
        6361,
        6261,
        6161,
        6061,
        5961,
        5861,
        5761,
        5661
      ],
      "shouldPause": false
    },
    {
      "itemType": 25,
      "tilePositionOfsets": [
        6561
      ],
      "shouldPause": false
    },
    {
      "itemType": 114,
      "tilePositionOfsets": [
        7644
      ],
      "shouldPause": false
    },
    {
      "itemType": 106,
      "tilePositionOfsets": [
        6765,
        6766,
        6767,
        6768,
        6664,
        6665,
        6666,
        6667,
        6668,
        6669,
        6564,
        6565,
        6566,
        6567,
        6568,
        6569,
        6464,
        6465,
        6466,
        6467,
        6468,
        6364,
        6365,
        6366,
        6367,
        6368,
        6264,
        6265,
        6266,
        6267,
        6268,
        6164,
        6165,
        6166,
        6167,
        6168,
        6064,
        6065,
        6066,
        6067,
        6068,
        5964,
        5965,
        5966,
        5967,
        5968,
        5864,
        5865,
        5866,
        5867,
        5868,
        5764,
        5765,
        5766,
        5767,
        5768,
        5769,
        5664,
        5665,
        5666,
        5667,
        5668,
        5669,
        5565,
        5566
      ],
      "shouldPause": false
    },
    {
      "itemType": 145,
      "tilePositionOfsets": [
        5461
      ],
      "shouldPause": false
    },
    {
      "itemType": 145,
      "tilePositionOfsets": [
        5427
      ],
      "shouldPause": false
    },
    {
      "itemType": 25,
      "tilePositionOfsets": [
        5562
      ],
      "shouldPause": false
    },
    {
      "itemType": 25,
      "tilePositionOfsets": [
        5530
      ],
      "shouldPause": false
    },
    {
      "itemType": 25,
      "tilePositionOfsets": [
        4930,
        4831
      ],
      "shouldPause": false
    },
    {
      "itemType": 25,
      "tilePositionOfsets": [
        4962,
        4861
      ],
      "shouldPause": false
    },
    {
      "itemType": 146,
      "tilePositionOfsets": [
        3852
      ],
      "shouldPause": false
    },
    {
      "itemType": 25,
      "tilePositionOfsets": [
        4561,
        4461,
        4361,
        4261,
        4161,
        4061,
        3961,
        3861,
        3761
      ],
      "shouldPause": false
    },
    {
      "itemType": 25,
      "tilePositionOfsets": [
        4761,
        4661
      ],
      "shouldPause": false
    },
    {
      "itemType": 25,
      "tilePositionOfsets": [
        3660,
        3661,
        3559
      ],
      "shouldPause": false
    },
    {
      "itemType": 25,
      "tilePositionOfsets": [
        3551
      ],
      "shouldPause": false
    },
    {
      "itemType": 25,
      "tilePositionOfsets": [
        3632,
        3633,
        3634,
        3635,
        3636,
        3637,
        3638,
        3639,
        3640,
        3641,
        3642,
        3643,
        3644,
        3645,
        3646,
        3647,
        3648,
        3649
      ],
      "shouldPause": false
    },
    {
      "itemType": 25,
      "tilePositionOfsets": [
        3650
      ],
      "shouldPause": false
    },
    {
      "itemType": 25,
      "tilePositionOfsets": [
        4631,
        4531,
        4431,
        4331,
        4231,
        4131,
        4031,
        3931,
        3831,
        3731,
        3631
      ],
      "shouldPause": false
    },
    {
      "itemType": 25,
      "tilePositionOfsets": [
        4731
      ],
      "shouldPause": false
    },
    {
      "itemType": 54,
      "tilePositionOfsets": [
        4374
      ],
      "shouldPause": false
    },
    {
      "itemType": 54,
      "tilePositionOfsets": [
        4774
      ],
      "shouldPause": false
    },
    {
      "itemType": 54,
      "tilePositionOfsets": [
        3918
      ],
      "shouldPause": false
    },
    {
      "itemType": 75,
      "tilePositionOfsets": [
        6637
      ],
      "shouldPause": false
    },
    {
      "itemType": 75,
      "tilePositionOfsets": [
        6641
      ],
      "shouldPause": false
    },
    {
      "itemType": 75,
      "tilePositionOfsets": [
        6645
      ],
      "shouldPause": false
    },
    {
      "itemType": 92,
      "tilePositionOfsets": [
        6556
      ],
      "shouldPause": false
    },
    {
      "itemType": 76,
      "tilePositionOfsets": [
        4856
      ],
      "shouldPause": false
    },
    {
      "itemType": 54,
      "tilePositionOfsets": [
        5219
      ],
      "shouldPause": false
    },
    {
      "itemType": 54,
      "tilePositionOfsets": [
        5370
      ],
      "shouldPause": false
    },
    {
      "itemType": 88,
      "tilePositionOfsets": [
        6219
      ],
      "shouldPause": false
    },
    {
      "itemType": 330,
      "tilePositionOfsets": [
        5175
      ],
      "shouldPause": false
    },
    {
      "itemType": 25,
      "tilePositionOfsets": [
        6848,
        6849,
        6850,
        6851,
        6852,
        6853,
        6854,
        6855,
        6856,
        6857,
        6858,
        6859,
        6860,
        6861
      ],
      "shouldPause": false
    },
    {
      "itemType": 25,
      "tilePositionOfsets": [
        5563
      ],
      "shouldPause": false
    },
    {
      "itemType": 25,
      "tilePositionOfsets": [
        6862,
        6762,
        6662,
        6562,
        6462,
        6362,
        6262,
        6162,
        6062,
        5962,
        5862,
        5762,
        5662
      ],
      "shouldPause": false
    },
    {
      "itemType": 25,
      "tilePositionOfsets": [
        4963,
        4862
      ],
      "shouldPause": false
    },
    {
      "itemType": 25,
      "tilePositionOfsets": [
        4762,
        4662,
        4562,
        4462,
        4362,
        4262,
        4162,
        4062,
        3962,
        3862,
        3762,
        3662
      ],
      "shouldPause": false
    },
    {
      "itemType": 25,
      "tilePositionOfsets": [
        3560,
        3561
      ],
      "shouldPause": false
    },
    {
      "itemType": 25,
      "tilePositionOfsets": [
        3459
      ],
      "shouldPause": false
    },
    {
      "itemType": 25,
      "tilePositionOfsets": [
        3550,
        3451
      ],
      "shouldPause": false
    },
    {
      "itemType": 25,
      "tilePositionOfsets": [
        3531,
        3532,
        3533,
        3534,
        3535,
        3536,
        3537,
        3538,
        3539,
        3540,
        3541,
        3542,
        3543,
        3544,
        3545,
        3546,
        3547
      ],
      "shouldPause": false
    },
    {
      "itemType": 25,
      "tilePositionOfsets": [
        4830,
        4730,
        4630,
        4530,
        4430,
        4330,
        4230,
        4130,
        4030,
        3930,
        3830,
        3730,
        3630,
        3530
      ],
      "shouldPause": false
    },
    {
      "itemType": 25,
      "tilePositionOfsets": [
        4929
      ],
      "shouldPause": false
    },
    {
      "itemType": 25,
      "tilePositionOfsets": [
        5630,
        5529
      ],
      "shouldPause": false
    },
    {
      "itemType": 25,
      "tilePositionOfsets": [
        6730,
        6630,
        6530,
        6430,
        6330,
        6230,
        6130,
        6030,
        5930,
        5830,
        5730
      ],
      "shouldPause": false
    },
    {
      "itemType": 25,
      "tilePositionOfsets": [
        6830,
        6831,
        6832,
        6833,
        6834,
        6835,
        6836,
        6837,
        6838,
        6839,
        6840,
        6841,
        6842,
        6843,
        6844,
        6845
      ],
      "shouldPause": false
    },
    {
      "itemType": 25,
      "tilePositionOfsets": [
        3548,
        3549
      ],
      "shouldPause": false
    },
    {
      "itemType": 26,
      "tilePositionOfsets": [
        7048
      ],
      "shouldPause": false
    },
    {
      "itemType": 26,
      "tilePositionOfsets": [
        6948,
        6949,
        6950,
        6951,
        6952,
        6953,
        6954,
        6955,
        6956,
        6957,
        6958,
        6959,
        6960
      ],
      "shouldPause": false
    },
    {
      "itemType": 26,
      "tilePositionOfsets": [
        6663,
        6563,
        6463,
        6363,
        6263,
        6163,
        6063,
        5963,
        5863,
        5763,
        5663
      ],
      "shouldPause": false
    },
    {
      "itemType": 26,
      "tilePositionOfsets": [
        5564
      ],
      "shouldPause": false
    },
    {
      "itemType": 26,
      "tilePositionOfsets": [
        4964,
        4863
      ],
      "shouldPause": false
    },
    {
      "itemType": 26,
      "tilePositionOfsets": [
        4663,
        4563,
        4463,
        4363,
        4263,
        4163,
        4063,
        3963,
        3863,
        3763
      ],
      "shouldPause": false
    },
    {
      "itemType": 26,
      "tilePositionOfsets": [
        3461
      ],
      "shouldPause": false
    },
    {
      "itemType": 26,
      "tilePositionOfsets": [
        3430,
        3431,
        3432,
        3433,
        3434,
        3435,
        3436,
        3437,
        3438,
        3439,
        3440,
        3441,
        3442,
        3443,
        3444,
        3445,
        3446
      ],
      "shouldPause": false
    },
    {
      "itemType": 26,
      "tilePositionOfsets": [
        3447,
        3448,
        3449
      ],
      "shouldPause": false
    },
    {
      "itemType": 26,
      "tilePositionOfsets": [
        4829,
        4729,
        4629,
        4529,
        4429,
        4329,
        4229,
        4129,
        4029,
        3929,
        3829,
        3529,
        3429
      ],
      "shouldPause": false
    },
    {
      "itemType": 26,
      "tilePositionOfsets": [
        4928
      ],
      "shouldPause": false
    },
    {
      "itemType": 26,
      "tilePositionOfsets": [
        5629,
        5528
      ],
      "shouldPause": false
    },
    {
      "itemType": 26,
      "tilePositionOfsets": [
        6629,
        6529,
        6429,
        6329,
        6229,
        6129,
        6029,
        5929,
        5829,
        5729
      ],
      "shouldPause": false
    },
    {
      "itemType": 26,
      "tilePositionOfsets": [
        6932,
        6933,
        6934,
        6935,
        6936,
        6937,
        6938,
        6939,
        6940,
        6941,
        6942,
        6943,
        6944,
        6945
      ],
      "shouldPause": false
    },
    {
      "itemType": 26,
      "tilePositionOfsets": [
        7045
      ],
      "shouldPause": false
    },
    {
      "itemType": 26,
      "tilePositionOfsets": [
        4763
      ],
      "shouldPause": false
    },
    {
      "itemType": 25,
      "tilePositionOfsets": [
        6963
      ],
      "shouldPause": false
    },
    {
      "itemType": 25,
      "tilePositionOfsets": [
        6964,
        6863
      ],
      "shouldPause": false
    },
    {
      "itemType": 25,
      "tilePositionOfsets": [
        7063,
        6962
      ],
      "shouldPause": false
    },
    {
      "itemType": 25,
      "tilePositionOfsets": [
        6965,
        6864,
        6763
      ],
      "shouldPause": false
    },
    {
      "itemType": 25,
      "tilePositionOfsets": [
        7163,
        7062,
        6961
      ],
      "shouldPause": false
    },
    {
      "itemType": 25,
      "tilePositionOfsets": [
        7263
      ],
      "shouldPause": false
    },
    {
      "itemType": 25,
      "tilePositionOfsets": [
        6966
      ],
      "shouldPause": false
    },
    {
      "itemType": 25,
      "tilePositionOfsets": [
        6967
      ],
      "shouldPause": false
    },
    {
      "itemType": 25,
      "tilePositionOfsets": [
        7363
      ],
      "shouldPause": false
    },
    {
      "itemType": 25,
      "tilePositionOfsets": [
        6929
      ],
      "shouldPause": false
    },
    {
      "itemType": 25,
      "tilePositionOfsets": [
        7029,
        6930
      ],
      "shouldPause": false
    },
    {
      "itemType": 25,
      "tilePositionOfsets": [
        7129,
        7030,
        6931
      ],
      "shouldPause": false
    },
    {
      "itemType": 25,
      "tilePositionOfsets": [
        6928,
        6829
      ],
      "shouldPause": false
    },
    {
      "itemType": 25,
      "tilePositionOfsets": [
        6927,
        6828,
        6729
      ],
      "shouldPause": false
    },
    {
      "itemType": 25,
      "tilePositionOfsets": [
        7329,
        7229
      ],
      "shouldPause": false
    },
    {
      "itemType": 25,
      "tilePositionOfsets": [
        6925,
        6926
      ],
      "shouldPause": false
    },
    {
      "itemType": 25,
      "tilePositionOfsets": [
        3562,
        3563,
        3564
      ],
      "shouldPause": false
    },
    {
      "itemType": 25,
      "tilePositionOfsets": [
        3663,
        3664
      ],
      "shouldPause": false
    },
    {
      "itemType": 25,
      "tilePositionOfsets": [
        3359,
        3259,
        3159
      ],
      "shouldPause": false
    },
    {
      "itemType": 25,
      "tilePositionOfsets": [
        3460,
        3360,
        3260,
        3160
      ],
      "shouldPause": false
    },
    {
      "itemType": 25,
      "tilePositionOfsets": [
        3351,
        3251,
        3151
      ],
      "shouldPause": false
    },
    {
      "itemType": 25,
      "tilePositionOfsets": [
        3450,
        3350,
        3250,
        3150
      ],
      "shouldPause": false
    },
    {
      "itemType": 25,
      "tilePositionOfsets": [
        3628,
        3629
      ],
      "shouldPause": false
    },
    {
      "itemType": 25,
      "tilePositionOfsets": [
        3728,
        3729
      ],
      "shouldPause": false
    },
    {
      "itemType": 26,
      "tilePositionOfsets": [
        7429
      ],
      "shouldPause": false
    },
    {
      "itemType": 26,
      "tilePositionOfsets": [
        7430,
        7330,
        7230,
        7130
      ],
      "shouldPause": false
    },
    {
      "itemType": 26,
      "tilePositionOfsets": [
        7031
      ],
      "shouldPause": false
    },
    {
      "itemType": 26,
      "tilePositionOfsets": [
        6924
      ],
      "shouldPause": false
    },
    {
      "itemType": 26,
      "tilePositionOfsets": [
        6824,
        6825,
        6826,
        6827
      ],
      "shouldPause": false
    },
    {
      "itemType": 26,
      "tilePositionOfsets": [
        6728
      ],
      "shouldPause": false
    },
    {
      "itemType": 26,
      "tilePositionOfsets": [
        7463
      ],
      "shouldPause": false
    },
    {
      "itemType": 26,
      "tilePositionOfsets": [
        7462,
        7362,
        7262,
        7162
      ],
      "shouldPause": false
    },
    {
      "itemType": 26,
      "tilePositionOfsets": [
        7061
      ],
      "shouldPause": false
    },
    {
      "itemType": 26,
      "tilePositionOfsets": [
        6968
      ],
      "shouldPause": false
    },
    {
      "itemType": 26,
      "tilePositionOfsets": [
        6865,
        6866,
        6867
      ],
      "shouldPause": false
    },
    {
      "itemType": 26,
      "tilePositionOfsets": [
        6868
      ],
      "shouldPause": false
    },
    {
      "itemType": 26,
      "tilePositionOfsets": [
        6764
      ],
      "shouldPause": false
    },
    {
      "itemType": 26,
      "tilePositionOfsets": [
        3764
      ],
      "shouldPause": false
    },
    {
      "itemType": 26,
      "tilePositionOfsets": [
        3462,
        3463,
        3464
      ],
      "shouldPause": false
    },
    {
      "itemType": 26,
      "tilePositionOfsets": [
        3361,
        3261,
        3161
      ],
      "shouldPause": false
    },
    {
      "itemType": 26,
      "tilePositionOfsets": [
        3158
      ],
      "shouldPause": false
    },
    {
      "itemType": 26,
      "tilePositionOfsets": [
        3152
      ],
      "shouldPause": false
    },
    {
      "itemType": 26,
      "tilePositionOfsets": [
        3349,
        3249,
        3149
      ],
      "shouldPause": false
    },
    {
      "itemType": 26,
      "tilePositionOfsets": [
        3528
      ],
      "shouldPause": false
    },
    {
      "itemType": 26,
      "tilePositionOfsets": [
        3828
      ],
      "shouldPause": false
    },
    {
      "itemType": 114,
      "tilePositionOfsets": [
        7564
      ],
      "shouldPause": false
    },
    {
      "itemType": 114,
      "tilePositionOfsets": [
        7523
      ],
      "shouldPause": false
    },
    {
      "itemType": 75,
      "tilePositionOfsets": [
        6132
      ],
      "shouldPause": false
    },
    {
      "itemType": 75,
      "tilePositionOfsets": [
        6137
      ],
      "shouldPause": false
    },
    {
      "itemType": 75,
      "tilePositionOfsets": [
        6141
      ],
      "shouldPause": false
    },
    {
      "itemType": 92,
      "tilePositionOfsets": [
        6550
      ],
      "shouldPause": false
    },
    {
      "itemType": 54,
      "tilePositionOfsets": [
        4316
      ],
      "shouldPause": false
    },
    {
      "itemType": 54,
      "tilePositionOfsets": [
        4716
      ],
      "shouldPause": false
    },
    {
      "itemType": 76,
      "tilePositionOfsets": [
        4356
      ],
      "shouldPause": false
    },
    {
      "itemType": 84,
      "tilePositionOfsets": [
        4352
      ],
      "shouldPause": false
    },
    {
      "itemType": 83,
      "tilePositionOfsets": [
        4047
      ],
      "shouldPause": false
    },
    {
      "itemType": 81,
      "tilePositionOfsets": [
        4043
      ],
      "shouldPause": false
    },
    {
      "itemType": 342,
      "tilePositionOfsets": [
        5638
      ],
      "shouldPause": false
    },
    {
      "itemType": 114,
      "tilePositionOfsets": [
        3922
      ],
      "shouldPause": false
    },
    {
      "itemType": 114,
      "tilePositionOfsets": [
        3865
      ],
      "shouldPause": false
    },
    {
      "itemType": 114,
      "tilePositionOfsets": [
        3048
      ],
      "shouldPause": false
    },
    {
      "itemType": 114,
      "tilePositionOfsets": [
        3057
      ],
      "shouldPause": false
    },
    {
      "itemType": 106,
      "tilePositionOfsets": [
        7436,
        7437,
        7441,
        7442,
        7332,
        7333,
        7334,
        7335,
        7336,
        7337,
        7338,
        7339,
        7341,
        7342,
        7343,
        7231,
        7232,
        7233,
        7234,
        7235,
        7236,
        7237,
        7238,
        7239,
        7240,
        7241,
        7242,
        7243,
        7131,
        7132,
        7133,
        7134,
        7135,
        7136,
        7137,
        7138,
        7139,
        7140,
        7141,
        7142,
        7143,
        7032,
        7033,
        7034,
        7035,
        7036,
        7037,
        7038,
        7039,
        7040,
        7041,
        7042,
        7043,
        7044
      ],
      "shouldPause": false
    },
    {
      "itemType": 106,
      "tilePositionOfsets": [
        7451,
        7452,
        7454,
        7455,
        7459,
        7460,
        7350,
        7351,
        7352,
        7353,
        7354,
        7355,
        7356,
        7357,
        7358,
        7359,
        7360,
        7250,
        7251,
        7252,
        7253,
        7254,
        7255,
        7256,
        7257,
        7258,
        7259,
        7260,
        7261,
        7150,
        7151,
        7152,
        7153,
        7154,
        7155,
        7156,
        7157,
        7158,
        7159,
        7160,
        7161,
        7049,
        7050,
        7051,
        7052,
        7053,
        7054,
        7055,
        7056,
        7057,
        7058,
        7059,
        7060
      ],
      "shouldPause": false
    },
    {
      "itemType": 106,
      "tilePositionOfsets": [
        6726,
        6727,
        6624,
        6625,
        6626,
        6627,
        6628,
        6522,
        6523,
        6524,
        6525,
        6526,
        6527,
        6528,
        6422,
        6423,
        6424,
        6425,
        6426,
        6427,
        6428,
        6323,
        6324,
        6325,
        6326,
        6327,
        6328,
        6225,
        6226,
        6227,
        6228,
        6125,
        6126,
        6127,
        6128,
        6024,
        6025,
        6026,
        6027,
        6028,
        5924,
        5925,
        5926,
        5927,
        5928,
        5824,
        5825,
        5826,
        5827,
        5828,
        5724,
        5725,
        5726,
        5727,
        5728,
        5624,
        5625,
        5626,
        5627,
        5628,
        5526,
        5527,
        5426
      ],
      "shouldPause": false
    },
    {
      "itemType": 75,
      "tilePositionOfsets": [
        5633
      ],
      "shouldPause": false
    },
    {
      "itemType": 75,
      "tilePositionOfsets": [
        5138
      ],
      "shouldPause": false
    },
    {
      "itemType": 75,
      "tilePositionOfsets": [
        5133
      ],
      "shouldPause": false
    },
    {
      "itemType": 75,
      "tilePositionOfsets": [
        4633
      ],
      "shouldPause": false
    },
    {
      "itemType": 75,
      "tilePositionOfsets": [
        4638
      ],
      "shouldPause": false
    },
    {
      "itemType": 75,
      "tilePositionOfsets": [
        4133
      ],
      "shouldPause": false
    },
    {
      "itemType": 75,
      "tilePositionOfsets": [
        4138
      ],
      "shouldPause": false
    },
    {
      "itemType": 75,
      "tilePositionOfsets": [
        3344
      ],
      "shouldPause": false
    },
    {
      "itemType": 75,
      "tilePositionOfsets": [
        3340
      ],
      "shouldPause": false
    },
    {
      "itemType": 75,
      "tilePositionOfsets": [
        3336
      ],
      "shouldPause": false
    },
    {
      "itemType": 75,
      "tilePositionOfsets": [
        3332
      ],
      "shouldPause": false
    },
    {
      "itemType": 75,
      "tilePositionOfsets": [
        3328
      ],
      "shouldPause": false
    },
    {
      "itemType": 74,
      "tilePositionOfsets": [
        5771
      ],
      "shouldPause": false
    },
    {
      "itemType": 92,
      "tilePositionOfsets": [
        6369
      ],
      "shouldPause": false
    },
    {
      "itemType": 76,
      "tilePositionOfsets": [
        5675
      ],
      "shouldPause": false
    },
    {
      "itemType": 76,
      "tilePositionOfsets": [
        6175
      ],
      "shouldPause": false
    },
    {
      "itemType": 83,
      "tilePositionOfsets": [
        3263
      ],
      "shouldPause": false
    },
    {
      "itemType": 83,
      "tilePositionOfsets": [
        3267
      ],
      "shouldPause": false
    },
    {
      "itemType": 84,
      "tilePositionOfsets": [
        2764
      ],
      "shouldPause": false
    },
    {
      "itemType": 84,
      "tilePositionOfsets": [
        2843
      ],
      "shouldPause": false
    },
    {
      "itemType": 175,
      "tilePositionOfsets": [
        2348
      ],
      "shouldPause": false
    },
    {
      "itemType": 324,
      "tilePositionOfsets": [
        2357
      ],
      "shouldPause": false
    },
    {
      "itemType": 313,
      "tilePositionOfsets": [
        2351
      ],
      "shouldPause": false
    },
    {
      "itemType": 318,
      "tilePositionOfsets": [
        2151
      ],
      "shouldPause": false
    },
    {
      "itemType": 169,
      "tilePositionOfsets": [
        2047
      ],
      "shouldPause": false
    },
    {
      "itemType": 166,
      "tilePositionOfsets": [
        1857
      ],
      "shouldPause": false
    },
    {
      "itemType": 175,
      "tilePositionOfsets": [
        1860
      ],
      "shouldPause": false
    },
    {
      "itemType": 324,
      "tilePositionOfsets": [
        2142
      ],
      "shouldPause": false
    },
    {
      "itemType": 313,
      "tilePositionOfsets": [
        2346
      ],
      "shouldPause": false
    },
    {
      "itemType": 318,
      "tilePositionOfsets": [
        2262
      ],
      "shouldPause": false
    },
    {
      "itemType": 169,
      "tilePositionOfsets": [
        2063
      ],
      "shouldPause": false
    },
    {
      "itemType": 166,
      "tilePositionOfsets": [
        1867
      ],
      "shouldPause": false
    },
    {
      "itemType": 313,
      "tilePositionOfsets": [
        2264
      ],
      "shouldPause": false
    },
    {
      "itemType": 313,
      "tilePositionOfsets": [
        2266
      ],
      "shouldPause": false
    },
    {
      "itemType": 313,
      "tilePositionOfsets": [
        2067
      ],
      "shouldPause": false
    },
    {
      "itemType": 313,
      "tilePositionOfsets": [
        2268
      ],
      "shouldPause": false
    },
    {
      "itemType": 313,
      "tilePositionOfsets": [
        2344
      ],
      "shouldPause": false
    },
    {
      "itemType": 313,
      "tilePositionOfsets": [
        2342
      ],
      "shouldPause": false
    },
    {
      "itemType": 313,
      "tilePositionOfsets": [
        2069
      ],
      "shouldPause": false
    },
    {
      "itemType": 313,
      "tilePositionOfsets": [
        2270
      ],
      "shouldPause": false
    },
    {
      "itemType": 313,
      "tilePositionOfsets": [
        1870
      ],
      "shouldPause": false
    },
    {
      "itemType": 313,
      "tilePositionOfsets": [
        2071
      ],
      "shouldPause": false
    },
    {
      "itemType": 313,
      "tilePositionOfsets": [
        2272
      ],
      "shouldPause": false
    },
    {
      "itemType": 313,
      "tilePositionOfsets": [
        2073
      ],
      "shouldPause": false
    },
    {
      "itemType": 313,
      "tilePositionOfsets": [
        1872
      ],
      "shouldPause": false
    },
    {
      "itemType": 313,
      "tilePositionOfsets": [
        2340
      ],
      "shouldPause": false
    },
    {
      "itemType": 313,
      "tilePositionOfsets": [
        1951
      ],
      "shouldPause": false
    },
    {
      "itemType": 313,
      "tilePositionOfsets": [
        1751
      ],
      "shouldPause": false
    },
    {
      "itemType": 313,
      "tilePositionOfsets": [
        2140
      ],
      "shouldPause": false
    },
    {
      "itemType": 313,
      "tilePositionOfsets": [
        1940
      ],
      "shouldPause": false
    },
    {
      "itemType": 313,
      "tilePositionOfsets": [
        1740
      ],
      "shouldPause": false
    },
    {
      "itemType": 313,
      "tilePositionOfsets": [
        2338
      ],
      "shouldPause": false
    },
    {
      "itemType": 313,
      "tilePositionOfsets": [
        2138
      ],
      "shouldPause": false
    },
    {
      "itemType": 313,
      "tilePositionOfsets": [
        1938
      ],
      "shouldPause": false
    },
    {
      "itemType": 313,
      "tilePositionOfsets": [
        1738
      ],
      "shouldPause": false
    }
  ],
  "miscItems": [
    {
      "positionOfset": 7325,
      "itemType": 2,
      "number": 0
    },
    {
      "positionOfset": 7447,
      "itemType": 2,
      "number": 1
    },
    {
      "positionOfset": 7366,
      "itemType": 2,
      "number": 2
    },
    {
      "positionOfset": 3725,
      "itemType": 3,
      "number": 0
    },
    {
      "positionOfset": 2851,
      "itemType": 3,
      "number": 1
    },
    {
      "positionOfset": 2860,
      "itemType": 3,
      "number": 2
    },
    {
      "positionOfset": 3668,
      "itemType": 3,
      "number": 3
    },
    {
      "positionOfset": 5229,
      "itemType": 16,
      "number": 0
    },
    {
      "positionOfset": 3556,
      "itemType": 16,
      "number": 1
    },
    {
      "positionOfset": 5263,
      "itemType": 16,
      "number": 2
    },
    {
      "positionOfset": 2750,
      "itemType": 16,
      "number": 3
    },
    {
      "positionOfset": 2761,
      "itemType": 16,
      "number": 4
    },
    {
      "positionOfset": 7546,
      "itemType": 16,
      "number": 5
    },
    {
      "positionOfset": 6724,
      "itemType": 17,
      "number": 0
    },
    {
      "positionOfset": 7340,
      "itemType": 17,
      "number": 1
    },
    {
      "positionOfset": 7461,
      "itemType": 17,
      "number": 2
    },
    {
      "positionOfset": 6469,
      "itemType": 17,
      "number": 3
    },
    {
      "positionOfset": 5869,
      "itemType": 17,
      "number": 4
    },
    {
      "positionOfset": 5230,
      "itemType": 18,
      "number": 0
    },
    {
      "positionOfset": 5263,
      "itemType": 18,
      "number": 1
    },
    {
      "positionOfset": 5364,
      "itemType": 18,
      "number": 2
    },
    {
      "positionOfset": 3554,
      "itemType": 18,
      "number": 3
    },
    {
      "positionOfset": 7424,
      "itemType": 19,
      "number": 0
    },
    {
      "positionOfset": 7568,
      "itemType": 19,
      "number": 1
    },
    {
      "positionOfset": 3822,
      "itemType": 19,
      "number": 2
    },
    {
      "positionOfset": 3770,
      "itemType": 19,
      "number": 3
    },
    {
      "positionOfset": 7648,
      "itemType": 19,
      "number": 4
    },
    {
      "positionOfset": 3355,
      "itemType": 19,
      "number": 5
    }
  ]
}