{
  "pauseDelayAmount": 100,
  "frames": [
    {
      "itemType": 61,
      "tilePositionOfsets": [
        5643
      ],
      "shouldPause": false
    },
    {
      "itemType": 80,
      "tilePositionOfsets": [
        4839
      ],
      "shouldPause": false
    },
    {
      "itemType": 52,
      "tilePositionOfsets": [
        5455
      ],
      "shouldPause": false
    },
    {
      "itemType": 52,
      "tilePositionOfsets": [
        4950
      ],
      "shouldPause": false
    },
    {
      "itemType": 52,
      "tilePositionOfsets": [
        4955
      ],
      "shouldPause": false
    },
    {
      "itemType": 77,
      "tilePositionOfsets": [
        6431
      ],
      "shouldPause": false
    },
    {
      "itemType": 86,
      "tilePositionOfsets": [
        5323
      ],
      "shouldPause": false
    },
    {
      "itemType": 54,
      "tilePositionOfsets": [
        5463
      ],
      "shouldPause": false
    },
    {
      "itemType": 54,
      "tilePositionOfsets": [
        5567
      ],
      "shouldPause": false
    },
    {
      "itemType": 54,
      "tilePositionOfsets": [
        5063
      ],
      "shouldPause": false
    },
    {
      "itemType": 51,
      "tilePositionOfsets": [
        2744
      ],
      "shouldPause": false
    },
    {
      "itemType": 51,
      "tilePositionOfsets": [
        2754
      ],
      "shouldPause": false
    },
    {
      "itemType": 76,
      "tilePositionOfsets": [
        4356
      ],
      "shouldPause": false
    },
    {
      "itemType": 74,
      "tilePositionOfsets": [
        5240
      ],
      "shouldPause": false
    },
    {
      "itemType": 54,
      "tilePositionOfsets": [
        5167
      ],
      "shouldPause": false
    },
    {
      "itemType": 54,
      "tilePositionOfsets": [
        4871
      ],
      "shouldPause": false
    },
    {
      "itemType": 25,
      "tilePositionOfsets": [
        6438,
        6439,
        6440,
        6441,
        6442,
        6443,
        6444,
        6445,
        6446,
        6447,
        6448,
        6449,
        6450,
        6451,
        6452,
        6453,
        6454,
        6455,
        6456,
        6457,
        6458,
        6459,
        6460
      ],
      "shouldPause": false
    },
    {
      "itemType": 25,
      "tilePositionOfsets": [
        6360,
        6260,
        6160,
        6060,
        5960,
        5860,
        5760,
        5660,
        5560,
        5460,
        5360
      ],
      "shouldPause": false
    },
    {
      "itemType": 25,
      "tilePositionOfsets": [
        6338,
        6238,
        6138,
        6038,
        5938,
        5838,
        5738,
        5638,
        5538,
        5438
      ],
      "shouldPause": false
    },
    {
      "itemType": 25,
      "tilePositionOfsets": [
        6849,
        6749,
        6649
      ],
      "shouldPause": false
    },
    {
      "itemType": 25,
      "tilePositionOfsets": [
        6549,
        6550
      ],
      "shouldPause": false
    },
    {
      "itemType": 114,
      "tilePositionOfsets": [
        7447
      ],
      "shouldPause": false
    },
    {
      "itemType": 25,
      "tilePositionOfsets": [
        6850,
        6750,
        6650
      ],
      "shouldPause": false
    },
    {
      "itemType": 106,
      "tilePositionOfsets": [
        5828,
        5829,
        5830,
        5723,
        5724,
        5725,
        5726,
        5727,
        5728,
        5729,
        5730,
        5731,
        5732,
        5623,
        5624,
        5625,
        5626,
        5627,
        5628,
        5630,
        5631,
        5632,
        5633,
        5634,
        5635,
        5520,
        5521,
        5522,
        5523,
        5532,
        5533,
        5534,
        5535,
        5419,
        5420,
        5421,
        5422,
        5423,
        5434,
        5435,
        5319,
        5320,
        5321,
        5322,
        5219,
        5220,
        5221,
        5222,
        5119,
        5120,
        5121,
        5122,
        5018,
        5019,
        5020,
        4917,
        4918,
        4919,
        4920,
        4817,
        4818,
        4819,
        4820,
        4718,
        4719,
        4720,
        4721,
        4618,
        4619,
        4620,
        4621,
        4519,
        4520,
        4521,
        4419,
        4420,
        4421,
        4422
      ],
      "shouldPause": false
    },
    {
      "itemType": 106,
      "tilePositionOfsets": [
        5866,
        5867,
        5765,
        5766,
        5767,
        5768,
        5769,
        5770,
        5771,
        5772,
        5773,
        5663,
        5664,
        5665,
        5666,
        5667,
        5668,
        5669,
        5670,
        5671,
        5672,
        5673,
        5674,
        5563,
        5564,
        5565,
        5572,
        5573,
        5574,
        5473,
        5474,
        5374,
        5375,
        5274,
        5275,
        5174,
        5175,
        5074,
        5075,
        5076,
        4974,
        4975,
        4976,
        4977,
        4875,
        4876,
        4877,
        4776,
        4777,
        4676,
        4677,
        4575,
        4576,
        4577,
        4476,
        4376,
        4377,
        4276,
        4277,
        4176,
        4177,
        4076,
        4077
      ],
      "shouldPause": false
    },
    {
      "itemType": 25,
      "tilePositionOfsets": [
        6834,
        6735,
        6636,
        6537
      ],
      "shouldPause": false
    },
    {
      "itemType": 25,
      "tilePositionOfsets": [
        6734,
        6635,
        6536,
        6437
      ],
      "shouldPause": false
    },
    {
      "itemType": 25,
      "tilePositionOfsets": [
        6864,
        6763,
        6662,
        6561
      ],
      "shouldPause": false
    },
    {
      "itemType": 25,
      "tilePositionOfsets": [
        6764,
        6663,
        6562,
        6461
      ],
      "shouldPause": false
    },
    {
      "itemType": 114,
      "tilePositionOfsets": [
        7028
      ],
      "shouldPause": false
    },
    {
      "itemType": 114,
      "tilePositionOfsets": [
        7065
      ],
      "shouldPause": false
    },
    {
      "itemType": 145,
      "tilePositionOfsets": [
        5334
      ],
      "shouldPause": false
    },
    {
      "itemType": 146,
      "tilePositionOfsets": [
        3147
      ],
      "shouldPause": false
    },
    {
      "itemType": 25,
      "tilePositionOfsets": [
        4838,
        4738,
        4638,
        4538,
        4438,
        4338,
        4238,
        4138,
        4038,
        3938,
        3838,
        3738,
        3638,
        3538,
        3438,
        3338,
        3238,
        3138,
        3038
      ],
      "shouldPause": false
    },
    {
      "itemType": 25,
      "tilePositionOfsets": [
        5260,
        5160,
        5060,
        4960,
        4860,
        4760,
        4160,
        4060,
        3960,
        3860,
        3760,
        3660,
        3560,
        3460,
        3360,
        3260,
        3160,
        3060
      ],
      "shouldPause": false
    },
    {
      "itemType": 106,
      "tilePositionOfsets": [
        4319,
        4320,
        4321,
        4322,
        4323
      ],
      "shouldPause": false
    },
    {
      "itemType": 25,
      "tilePositionOfsets": [
        3039,
        3040,
        3041,
        3042,
        3043,
        3044,
        3045,
        3046
      ],
      "shouldPause": false
    },
    {
      "itemType": 25,
      "tilePositionOfsets": [
        3054,
        3055,
        3056,
        3057,
        3058,
        3059
      ],
      "shouldPause": false
    },
    {
      "itemType": 145,
      "tilePositionOfsets": [
        4660
      ],
      "shouldPause": false
    },
    {
      "itemType": 54,
      "tilePositionOfsets": [
        6466
      ],
      "shouldPause": false
    },
    {
      "itemType": 54,
      "tilePositionOfsets": [
        6427
      ],
      "shouldPause": false
    },
    {
      "itemType": 54,
      "tilePositionOfsets": [
        3732
      ],
      "shouldPause": false
    },
    {
      "itemType": 75,
      "tilePositionOfsets": [
        4339
      ],
      "shouldPause": true
    },
    {
      "itemType": 75,
      "tilePositionOfsets": [
        3939
      ],
      "shouldPause": false
    },
    {
      "itemType": 75,
      "tilePositionOfsets": [
        3439
      ],
      "shouldPause": false
    },
    {
      "itemType": 92,
      "tilePositionOfsets": [
        4350
      ],
      "shouldPause": false
    },
    {
      "itemType": 76,
      "tilePositionOfsets": [
        3956
      ],
      "shouldPause": false
    },
    {
      "itemType": 54,
      "tilePositionOfsets": [
        6171
      ],
      "shouldPause": false
    },
    {
      "itemType": 54,
      "tilePositionOfsets": [
        3332
      ],
      "shouldPause": false
    },
    {
      "itemType": 88,
      "tilePositionOfsets": [
        4666
      ],
      "shouldPause": false
    },
    {
      "itemType": 330,
      "tilePositionOfsets": [
        3547
      ],
      "shouldPause": false
    },
    {
      "itemType": 25,
      "tilePositionOfsets": [
        3926,
        3932,
        3933,
        3934,
        3935,
        3936
      ],
      "shouldPause": false
    },
    {
      "itemType": 144,
      "tilePositionOfsets": [
        4227
      ],
      "shouldPause": false
    },
    {
      "itemType": 25,
      "tilePositionOfsets": [
        4037,
        3937
      ],
      "shouldPause": false
    },
    {
      "itemType": 25,
      "tilePositionOfsets": [
        4026,
        4032,
        4033,
        4034,
        4035,
        4036
      ],
      "shouldPause": false
    },
    {
      "itemType": 114,
      "tilePositionOfsets": [
        4220
      ],
      "shouldPause": false
    },
    {
      "itemType": 144,
      "tilePositionOfsets": [
        3565
      ],
      "shouldPause": false
    },
    {
      "itemType": 25,
      "tilePositionOfsets": [
        3370
      ],
      "shouldPause": false
    },
    {
      "itemType": 25,
      "tilePositionOfsets": [
        3470
      ],
      "shouldPause": false
    },
    {
      "itemType": 25,
      "tilePositionOfsets": [
        3362,
        3363,
        3364
      ],
      "shouldPause": false
    },
    {
      "itemType": 25,
      "tilePositionOfsets": [
        3461,
        3361
      ],
      "shouldPause": false
    },
    {
      "itemType": 25,
      "tilePositionOfsets": [
        3462,
        3463,
        3464
      ],
      "shouldPause": false
    },
    {
      "itemType": 114,
      "tilePositionOfsets": [
        3671
      ],
      "shouldPause": false
    },
    {
      "itemType": 25,
      "tilePositionOfsets": [
        6538,
        6539,
        6540,
        6541,
        6542,
        6543,
        6544,
        6545,
        6546,
        6547,
        6548,
        6551,
        6552,
        6553,
        6554,
        6555,
        6556,
        6557,
        6558,
        6559,
        6560
      ],
      "shouldPause": false
    },
    {
      "itemType": 25,
      "tilePositionOfsets": [
        6361,
        6261,
        6161,
        6061,
        5961,
        5861,
        5761,
        5661,
        5561,
        5461,
        5361,
        5261,
        5161,
        5061,
        4961,
        4861,
        4761,
        4161,
        4061,
        3961,
        3861,
        3761,
        3661,
        3561,
        3261,
        3161,
        3061
      ],
      "shouldPause": false
    },
    {
      "itemType": 25,
      "tilePositionOfsets": [
        2954,
        2955,
        2956,
        2957,
        2958,
        2959,
        2960,
        2961
      ],
      "shouldPause": false
    },
    {
      "itemType": 25,
      "tilePositionOfsets": [
        2938,
        2939,
        2940,
        2941,
        2942,
        2943,
        2944,
        2945,
        2946
      ],
      "shouldPause": false
    },
    {
      "itemType": 25,
      "tilePositionOfsets": [
        4837,
        4737,
        4637,
        4537,
        4437,
        4337,
        4237,
        4137,
        3837,
        3737,
        3637,
        3537,
        3437,
        3337,
        3237,
        3137,
        3037,
        2937
      ],
      "shouldPause": false
    },
    {
      "itemType": 25,
      "tilePositionOfsets": [
        6337,
        6237,
        6137,
        6037,
        5937,
        5837,
        5737,
        5637,
        5537,
        5437
      ],
      "shouldPause": false
    },
    {
      "itemType": 75,
      "tilePositionOfsets": [
        3443
      ],
      "shouldPause": false
    },
    {
      "itemType": 75,
      "tilePositionOfsets": [
        3455
      ],
      "shouldPause": false
    },
    {
      "itemType": 75,
      "tilePositionOfsets": [
        3751
      ],
      "shouldPause": false
    },
    {
      "itemType": 92,
      "tilePositionOfsets": [
        4144
      ],
      "shouldPause": true
    },
    {
      "itemType": 54,
      "tilePositionOfsets": [
        6571
      ],
      "shouldPause": false
    },
    {
      "itemType": 54,
      "tilePositionOfsets": [
        3624
      ],
      "shouldPause": false
    },
    {
      "itemType": 54,
      "tilePositionOfsets": [
        6623
      ],
      "shouldPause": false
    },
    {
      "itemType": 76,
      "tilePositionOfsets": [
        2757
      ],
      "shouldPause": false
    },
    {
      "itemType": 83,
      "tilePositionOfsets": [
        5956
      ],
      "shouldPause": false
    },
    {
      "itemType": 84,
      "tilePositionOfsets": [
        6356
      ],
      "shouldPause": false
    },
    {
      "itemType": 81,
      "tilePositionOfsets": [
        5851
      ],
      "shouldPause": false
    },
    {
      "itemType": 342,
      "tilePositionOfsets": [
        6351
      ],
      "shouldPause": false
    },
    {
      "itemType": 26,
      "tilePositionOfsets": [
        6851,
        6751,
        6651
      ],
      "shouldPause": false
    },
    {
      "itemType": 26,
      "tilePositionOfsets": [
        6652,
        6653,
        6654,
        6655,
        6656,
        6657,
        6658,
        6659,
        6660
      ],
      "shouldPause": false
    },
    {
      "itemType": 26,
      "tilePositionOfsets": [
        6964,
        6863,
        6762,
        6661
      ],
      "shouldPause": false
    },
    {
      "itemType": 26,
      "tilePositionOfsets": [
        6664,
        6563
      ],
      "shouldPause": false
    },
    {
      "itemType": 26,
      "tilePositionOfsets": [
        6462,
        6362,
        6262,
        6162,
        6062,
        5962,
        5862,
        5762,
        5662,
        5562,
        5462,
        5362,
        5262,
        5162,
        5062,
        4962,
        4862,
        4762,
        4162,
        4062,
        3962,
        3862,
        3762,
        3662
      ],
      "shouldPause": false
    },
    {
      "itemType": 26,
      "tilePositionOfsets": [
        3562,
        3563,
        3564
      ],
      "shouldPause": false
    },
    {
      "itemType": 26,
      "tilePositionOfsets": [
        6848,
        6748
      ],
      "shouldPause": false
    },
    {
      "itemType": 26,
      "tilePositionOfsets": [
        6638,
        6639,
        6640,
        6641,
        6642,
        6643,
        6644,
        6645,
        6646,
        6647,
        6648
      ],
      "shouldPause": false
    },
    {
      "itemType": 26,
      "tilePositionOfsets": [
        6934,
        6835,
        6736,
        6637
      ],
      "shouldPause": false
    },
    {
      "itemType": 26,
      "tilePositionOfsets": [
        6634,
        6535
      ],
      "shouldPause": false
    },
    {
      "itemType": 26,
      "tilePositionOfsets": [
        6436,
        6336,
        6236,
        6136,
        6036,
        5936,
        5836,
        5736,
        5636,
        5536,
        5436
      ],
      "shouldPause": false
    },
    {
      "itemType": 26,
      "tilePositionOfsets": [
        4836,
        4736,
        4636,
        4536,
        4436,
        4336,
        4236,
        4136
      ],
      "shouldPause": false
    },
    {
      "itemType": 26,
      "tilePositionOfsets": [
        4126,
        4132,
        4133,
        4134,
        4135
      ],
      "shouldPause": false
    },
    {
      "itemType": 26,
      "tilePositionOfsets": [
        3826,
        3832,
        3833,
        3834,
        3835
      ],
      "shouldPause": false
    },
    {
      "itemType": 26,
      "tilePositionOfsets": [
        3836,
        3736,
        3636,
        3536,
        3436,
        3336,
        3236,
        3136,
        3036,
        2936
      ],
      "shouldPause": false
    },
    {
      "itemType": 26,
      "tilePositionOfsets": [
        2836,
        2837,
        2838,
        2839,
        2840,
        2841,
        2842,
        2843,
        2844,
        2845,
        2846
      ],
      "shouldPause": false
    },
    {
      "itemType": 26,
      "tilePositionOfsets": [
        3570
      ],
      "shouldPause": false
    },
    {
      "itemType": 26,
      "tilePositionOfsets": [
        3270
      ],
      "shouldPause": false
    },
    {
      "itemType": 26,
      "tilePositionOfsets": [
        3263,
        3264
      ],
      "shouldPause": false
    },
    {
      "itemType": 26,
      "tilePositionOfsets": [
        3262,
        3162,
        3062,
        2962
      ],
      "shouldPause": false
    },
    {
      "itemType": 26,
      "tilePositionOfsets": [
        2854,
        2855,
        2856,
        2857,
        2858,
        2859,
        2860,
        2861,
        2862
      ],
      "shouldPause": false
    },
    {
      "itemType": 106,
      "tilePositionOfsets": [
        7037,
        7038,
        7039,
        7040,
        6936,
        6937,
        6938,
        6939,
        6940,
        6941,
        6836,
        6837,
        6838,
        6839,
        6840,
        6841,
        6842,
        6843,
        6844,
        6845,
        6846,
        6847,
        6737,
        6738,
        6739,
        6740,
        6741,
        6742,
        6743,
        6744,
        6745,
        6746,
        6747
      ],
      "shouldPause": false
    },
    {
      "itemType": 106,
      "tilePositionOfsets": [
        7259,
        7260,
        7159,
        7160,
        7161,
        7162,
        7059,
        7060,
        7061,
        7062,
        7063,
        6959,
        6960,
        6961,
        6962,
        6963,
        6852,
        6853,
        6854,
        6855,
        6856,
        6857,
        6858,
        6859,
        6860,
        6861,
        6862,
        6752,
        6753,
        6754,
        6755,
        6756,
        6757,
        6758,
        6759,
        6760,
        6761
      ],
      "shouldPause": false
    },
    {
      "itemType": 106,
      "tilePositionOfsets": [
        6463,
        6464,
        6363,
        6364,
        6365,
        6263,
        6264,
        6265,
        6163,
        6164,
        6165,
        6063,
        6064,
        6065,
        6066,
        5963,
        5964,
        5965,
        5966,
        5967,
        5863,
        5864,
        5865,
        5763,
        5764
      ],
      "shouldPause": false
    },
    {
      "itemType": 106,
      "tilePositionOfsets": [
        5932,
        5933,
        5934,
        5935,
        5831,
        5832,
        5833,
        5834,
        5835,
        5733,
        5734,
        5735
      ],
      "shouldPause": false
    },
    {
      "itemType": 106,
      "tilePositionOfsets": [
        5524,
        5525,
        5526,
        5424
      ],
      "shouldPause": false
    },
    {
      "itemType": 106,
      "tilePositionOfsets": [
        3976,
        3876
      ],
      "shouldPause": false
    },
    {
      "itemType": 106,
      "tilePositionOfsets": [
        3875,
        3775
      ],
      "shouldPause": false
    },
    {
      "itemType": 106,
      "tilePositionOfsets": [
        3975
      ],
      "shouldPause": false
    },
    {
      "itemType": 75,
      "tilePositionOfsets": [
        2740
      ],
      "shouldPause": true
    },
    {
      "itemType": 75,
      "tilePositionOfsets": [
        2736
      ],
      "shouldPause": false
    },
    {
      "itemType": 75,
      "tilePositionOfsets": [
        2761
      ],
      "shouldPause": false
    },
    {
      "itemType": 75,
      "tilePositionOfsets": [
        2932
      ],
      "shouldPause": false
    },
    {
      "itemType": 75,
      "tilePositionOfsets": [
        2928
      ],
      "shouldPause": false
    },
    {
      "itemType": 75,
      "tilePositionOfsets": [
        2965
      ],
      "shouldPause": false
    },
    {
      "itemType": 75,
      "tilePositionOfsets": [
        2970
      ],
      "shouldPause": false
    },
    {
      "itemType": 75,
      "tilePositionOfsets": [
        2974
      ],
      "shouldPause": false
    },
    {
      "itemType": 75,
      "tilePositionOfsets": [
        2824
      ],
      "shouldPause": false
    },
    {
      "itemType": 75,
      "tilePositionOfsets": [
        3620
      ],
      "shouldPause": false
    },
    {
      "itemType": 75,
      "tilePositionOfsets": [
        3119
      ],
      "shouldPause": false
    },
    {
      "itemType": 75,
      "tilePositionOfsets": [
        2619
      ],
      "shouldPause": false
    },
    {
      "itemType": 74,
      "tilePositionOfsets": [
        5540
      ],
      "shouldPause": false
    },
    {
      "itemType": 92,
      "tilePositionOfsets": [
        4471
      ],
      "shouldPause": false
    },
    {
      "itemType": 76,
      "tilePositionOfsets": [
        3877
      ],
      "shouldPause": false
    },
    {
      "itemType": 83,
      "tilePositionOfsets": [
        6347
      ],
      "shouldPause": false
    },
    {
      "itemType": 83,
      "tilePositionOfsets": [
        6343
      ],
      "shouldPause": false
    },
    {
      "itemType": 84,
      "tilePositionOfsets": [
        6339
      ],
      "shouldPause": false
    },
    {
      "itemType": 84,
      "tilePositionOfsets": [
        5939
      ],
      "shouldPause": false
    },
    {
      "itemType": 313,
      "tilePositionOfsets": [
        5844
      ],
      "shouldPause": false
    },
    {
      "itemType": 313,
      "tilePositionOfsets": [
        5846
      ],
      "shouldPause": false
    },
    {
      "itemType": 313,
      "tilePositionOfsets": [
        5848
      ],
      "shouldPause": false
    },
    {
      "itemType": 175,
      "tilePositionOfsets": [
        6068
      ],
      "shouldPause": false
    },
    {
      "itemType": 324,
      "tilePositionOfsets": [
        7353
      ],
      "shouldPause": false
    },
    {
      "itemType": 318,
      "tilePositionOfsets": [
        5527
      ],
      "shouldPause": false
    },
    {
      "itemType": 169,
      "tilePositionOfsets": [
        7243
      ],
      "shouldPause": false
    },
    {
      "itemType": 166,
      "tilePositionOfsets": [
        5371
      ],
      "shouldPause": false
    },
    {
      "itemType": 175,
      "tilePositionOfsets": [
        4833
      ],
      "shouldPause": false
    },
    {
      "itemType": 324,
      "tilePositionOfsets": [
        6222
      ],
      "shouldPause": false
    },
    {
      "itemType": 318,
      "tilePositionOfsets": [
        5021
      ],
      "shouldPause": false
    },
    {
      "itemType": 169,
      "tilePositionOfsets": [
        7439
      ],
      "shouldPause": false
    },
    {
      "itemType": 166,
      "tilePositionOfsets": [
        4433
      ],
      "shouldPause": false
    },
    {
      "itemType": 313,
      "tilePositionOfsets": [
        5529
      ],
      "shouldPause": false
    },
    {
      "itemType": 313,
      "tilePositionOfsets": [
        5071
      ],
      "shouldPause": false
    },
    {
      "itemType": 313,
      "tilePositionOfsets": [
        3163
      ],
      "shouldPause": false
    },
    {
      "itemType": 313,
      "tilePositionOfsets": [
        2963
      ],
      "shouldPause": false
    },
    {
      "itemType": 313,
      "tilePositionOfsets": [
        7443
      ],
      "shouldPause": false
    },
    {
      "itemType": 313,
      "tilePositionOfsets": [
        7445
      ],
      "shouldPause": false
    },
    {
      "itemType": 313,
      "tilePositionOfsets": [
        6029
      ],
      "shouldPause": false
    },
    {
      "itemType": 313,
      "tilePositionOfsets": [
        6027
      ],
      "shouldPause": false
    },
    {
      "itemType": 313,
      "tilePositionOfsets": [
        7237
      ],
      "shouldPause": false
    },
    {
      "itemType": 313,
      "tilePositionOfsets": [
        7135
      ],
      "shouldPause": false
    },
    {
      "itemType": 313,
      "tilePositionOfsets": [
        7263
      ],
      "shouldPause": false
    },
    {
      "itemType": 313,
      "tilePositionOfsets": [
        7265
      ],
      "shouldPause": false
    },
    {
      "itemType": 313,
      "tilePositionOfsets": [
        7267
      ],
      "shouldPause": false
    },
    {
      "itemType": 313,
      "tilePositionOfsets": [
        7269
      ],
      "shouldPause": false
    },
    {
      "itemType": 313,
      "tilePositionOfsets": [
        7233
      ],
      "shouldPause": false
    },
    {
      "itemType": 313,
      "tilePositionOfsets": [
        7231
      ],
      "shouldPause": false
    },
    {
      "itemType": 313,
      "tilePositionOfsets": [
        7229
      ],
      "shouldPause": false
    },
    {
      "itemType": 106,
      "tilePositionOfsets": [
        3977,
        3776
      ],
      "shouldPause": false
    },
    {
      "itemType": 318,
      "tilePositionOfsets": [
        3629
      ],
      "shouldPause": false
    },
    {
      "itemType": 318,
      "tilePositionOfsets": [
        3429
      ],
      "shouldPause": false
    },
    {
      "itemType": 318,
      "tilePositionOfsets": [
        3229
      ],
      "shouldPause": false
    },
    {
      "itemType": 318,
      "tilePositionOfsets": [
        3125
      ],
      "shouldPause": false
    },
    {
      "itemType": 318,
      "tilePositionOfsets": [
        4163
      ],
      "shouldPause": false
    },
    {
      "itemType": 318,
      "tilePositionOfsets": [
        3963
      ],
      "shouldPause": false
    },
    {
      "itemType": 318,
      "tilePositionOfsets": [
        3763
      ],
      "shouldPause": false
    }
  ],
  "miscItems": [
    {
      "positionOfset": 6730,
      "itemType": 2,
      "number": 0
    },
    {
      "positionOfset": 7250,
      "itemType": 2,
      "number": 1
    },
    {
      "positionOfset": 6867,
      "itemType": 2,
      "number": 2
    },
    {
      "positionOfset": 4023,
      "itemType": 3,
      "number": 0
    },
    {
      "positionOfset": 3473,
      "itemType": 3,
      "number": 1
    },
    {
      "positionOfset": 5135,
      "itemType": 16,
      "number": 0
    },
    {
      "positionOfset": 3367,
      "itemType": 16,
      "number": 1
    },
    {
      "positionOfset": 2750,
      "itemType": 16,
      "number": 2
    },
    {
      "positionOfset": 4030,
      "itemType": 16,
      "number": 3
    },
    {
      "positionOfset": 6735,
      "itemType": 16,
      "number": 4
    },
    {
      "positionOfset": 6763,
      "itemType": 16,
      "number": 5
    },
    {
      "positionOfset": 6849,
      "itemType": 18,
      "number": 0
    },
    {
      "positionOfset": 5136,
      "itemType": 18,
      "number": 1
    },
    {
      "positionOfset": 3367,
      "itemType": 18,
      "number": 2
    },
    {
      "positionOfset": 2950,
      "itemType": 18,
      "number": 3
    },
    {
      "positionOfset": 3466,
      "itemType": 18,
      "number": 4
    },
    {
      "positionOfset": 4846,
      "itemType": 18,
      "number": 5
    },
    {
      "positionOfset": 6831,
      "itemType": 19,
      "number": 0
    },
    {
      "positionOfset": 6768,
      "itemType": 19,
      "number": 1
    },
    {
      "positionOfset": 3923,
      "itemType": 19,
      "number": 2
    },
    {
      "positionOfset": 3374,
      "itemType": 19,
      "number": 3
    },
    {
      "positionOfset": 7449,
      "itemType": 19,
      "number": 4
    },
    {
      "positionOfset": 2550,
      "itemType": 19,
      "number": 5
    }
  ]
}