{
  "pauseDelayAmount": 10,
  "frames": [
    {
      "itemType": 61,
      "tilePositionOfsets": [
        5643
      ],
      "shouldPause": false
    },
    {
      "itemType": 52,
      "tilePositionOfsets": [
        4950
      ],
      "shouldPause": false
    },
    {
      "itemType": 52,
      "tilePositionOfsets": [
        4450
      ],
      "shouldPause": false
    },
    {
      "itemType": 80,
      "tilePositionOfsets": [
        5639
      ],
      "shouldPause": false
    },
    {
      "itemType": 80,
      "tilePositionOfsets": [
        5239
      ],
      "shouldPause": false
    },
    {
      "itemType": 54,
      "tilePositionOfsets": [
        7864
      ],
      "shouldPause": false
    },
    {
      "itemType": 54,
      "tilePositionOfsets": [
        7844
      ],
      "shouldPause": false
    },
    {
      "itemType": 54,
      "tilePositionOfsets": [
        6421
      ],
      "shouldPause": false
    },
    {
      "itemType": 54,
      "tilePositionOfsets": [
        6426
      ],
      "shouldPause": false
    },
    {
      "itemType": 54,
      "tilePositionOfsets": [
        6982
      ],
      "shouldPause": false
    },
    {
      "itemType": 54,
      "tilePositionOfsets": [
        6483
      ],
      "shouldPause": false
    },
    {
      "itemType": 54,
      "tilePositionOfsets": [
        5986
      ],
      "shouldPause": false
    },
    {
      "itemType": 54,
      "tilePositionOfsets": [
        5486
      ],
      "shouldPause": false
    },
    {
      "itemType": 54,
      "tilePositionOfsets": [
        7576
      ],
      "shouldPause": false
    },
    {
      "itemType": 77,
      "tilePositionOfsets": [
        4143
      ],
      "shouldPause": false
    },
    {
      "itemType": 86,
      "tilePositionOfsets": [
        5360
      ],
      "shouldPause": false
    },
    {
      "itemType": 81,
      "tilePositionOfsets": [
        5234
      ],
      "shouldPause": false
    },
    {
      "itemType": 330,
      "tilePositionOfsets": [
        5852
      ],
      "shouldPause": false
    },
    {
      "itemType": 81,
      "tilePositionOfsets": [
        5634
      ],
      "shouldPause": false
    },
    {
      "itemType": 87,
      "tilePositionOfsets": [
        6460
      ],
      "shouldPause": false
    },
    {
      "itemType": 76,
      "tilePositionOfsets": [
        6451
      ],
      "shouldPause": false
    },
    {
      "itemType": 76,
      "tilePositionOfsets": [
        6439
      ],
      "shouldPause": false
    },
    {
      "itemType": 85,
      "tilePositionOfsets": [
        6455
      ],
      "shouldPause": false
    },
    {
      "itemType": 85,
      "tilePositionOfsets": [
        6944
      ],
      "shouldPause": false
    },
    {
      "itemType": 83,
      "tilePositionOfsets": [
        6949
      ],
      "shouldPause": false
    },
    {
      "itemType": 146,
      "tilePositionOfsets": [
        6443
      ],
      "shouldPause": false
    },
    {
      "itemType": 25,
      "tilePositionOfsets": [
        5950,
        5951,
        5952,
        5953,
        5954,
        5955
      ],
      "shouldPause": false
    },
    {
      "itemType": 25,
      "tilePositionOfsets": [
        5855,
        5755,
        5655,
        5555,
        5455,
        5355,
        5255,
        5155,
        5055,
        4955,
        4855,
        4755,
        4655,
        4555,
        4455,
        4355,
        4255,
        4155,
        4055,
        3955,
        3855,
        3755,
        3655
      ],
      "shouldPause": false
    },
    {
      "itemType": 25,
      "tilePositionOfsets": [
        3643,
        3644,
        3645,
        3646,
        3647,
        3648,
        3649,
        3650,
        3651,
        3652,
        3653,
        3654
      ],
      "shouldPause": false
    },
    {
      "itemType": 25,
      "tilePositionOfsets": [
        4542,
        4442,
        4342,
        4242,
        4142,
        4042,
        3942,
        3842,
        3742,
        3642
      ],
      "shouldPause": false
    },
    {
      "itemType": 25,
      "tilePositionOfsets": [
        4538,
        4539,
        4540,
        4541
      ],
      "shouldPause": false
    },
    {
      "itemType": 25,
      "tilePositionOfsets": [
        4838,
        4738,
        4638
      ],
      "shouldPause": false
    },
    {
      "itemType": 25,
      "tilePositionOfsets": [
        4833,
        4834,
        4835,
        4836,
        4837
      ],
      "shouldPause": false
    },
    {
      "itemType": 25,
      "tilePositionOfsets": [
        5933,
        5833,
        5733,
        5633,
        5533,
        5433,
        5333,
        5233,
        5133,
        5033,
        4933
      ],
      "shouldPause": false
    },
    {
      "itemType": 25,
      "tilePositionOfsets": [
        5934,
        5935,
        5936,
        5937,
        5938,
        5939,
        5940,
        5941,
        5942
      ],
      "shouldPause": false
    },
    {
      "itemType": 25,
      "tilePositionOfsets": [
        5956,
        5856,
        5756,
        5656,
        5556,
        5456,
        5356,
        5256,
        5156,
        5056,
        4956,
        4856,
        4756,
        4656,
        4556,
        4456,
        4356,
        4256,
        4156,
        4056,
        3956,
        3856,
        3756,
        3656
      ],
      "shouldPause": false
    },
    {
      "itemType": 25,
      "tilePositionOfsets": [
        3542,
        3543,
        3544,
        3545,
        3546,
        3547,
        3548,
        3549,
        3550,
        3551,
        3552,
        3553,
        3554,
        3555,
        3556
      ],
      "shouldPause": false
    },
    {
      "itemType": 25,
      "tilePositionOfsets": [
        4441,
        4341,
        4241,
        4141,
        4041,
        3941,
        3841,
        3741,
        3641,
        3541
      ],
      "shouldPause": false
    },
    {
      "itemType": 25,
      "tilePositionOfsets": [
        4438,
        4439,
        4440
      ],
      "shouldPause": false
    },
    {
      "itemType": 25,
      "tilePositionOfsets": [
        4737,
        4637,
        4537,
        4437
      ],
      "shouldPause": false
    },
    {
      "itemType": 25,
      "tilePositionOfsets": [
        4733,
        4734,
        4735,
        4736
      ],
      "shouldPause": false
    },
    {
      "itemType": 25,
      "tilePositionOfsets": [
        5932,
        5832,
        5732,
        5632,
        5532,
        5432,
        5332,
        5232,
        5132,
        5032,
        4932,
        4832,
        4732
      ],
      "shouldPause": false
    },
    {
      "itemType": 25,
      "tilePositionOfsets": [
        5957,
        5857,
        5757,
        5657,
        5557,
        5457,
        5357,
        5257,
        5157,
        5057,
        4957,
        4857,
        4757,
        4657,
        4557,
        4457,
        4357,
        4257,
        4157,
        4057,
        3957,
        3857,
        3757,
        3657,
        3557
      ],
      "shouldPause": false
    },
    {
      "itemType": 25,
      "tilePositionOfsets": [
        3441,
        3442,
        3443,
        3444,
        3445,
        3446,
        3447,
        3448,
        3449,
        3450,
        3451,
        3452,
        3453,
        3454,
        3455,
        3456,
        3457
      ],
      "shouldPause": false
    },
    {
      "itemType": 25,
      "tilePositionOfsets": [
        4340,
        4240,
        4140,
        4040,
        3940,
        3840,
        3740,
        3640,
        3540,
        3440
      ],
      "shouldPause": false
    },
    {
      "itemType": 25,
      "tilePositionOfsets": [
        4336,
        4337,
        4338,
        4339
      ],
      "shouldPause": false
    },
    {
      "itemType": 25,
      "tilePositionOfsets": [
        4636,
        4536,
        4436
      ],
      "shouldPause": false
    },
    {
      "itemType": 25,
      "tilePositionOfsets": [
        4635,
        4535,
        4435,
        4335
      ],
      "shouldPause": false
    },
    {
      "itemType": 25,
      "tilePositionOfsets": [
        5931,
        5831,
        5731,
        5631,
        5531,
        5431,
        5331,
        5231,
        5131,
        5031,
        4931,
        4831,
        4731
      ],
      "shouldPause": false
    },
    {
      "itemType": 26,
      "tilePositionOfsets": [
        6050,
        6051,
        6052,
        6053,
        6054,
        6055,
        6056,
        6057
      ],
      "shouldPause": false
    },
    {
      "itemType": 26,
      "tilePositionOfsets": [
        6058,
        5958,
        5858,
        5758,
        5658,
        5558,
        5458,
        5358,
        5258,
        5158,
        5058,
        4958,
        4858,
        4758,
        4658,
        4558,
        4458,
        4358,
        4258,
        4158,
        4058,
        3958,
        3858
      ],
      "shouldPause": false
    },
    {
      "itemType": 26,
      "tilePositionOfsets": [
        3348,
        3349,
        3350,
        3351,
        3352,
        3353,
        3354,
        3355,
        3356,
        3357
      ],
      "shouldPause": false
    },
    {
      "itemType": 26,
      "tilePositionOfsets": [
        3340,
        3341,
        3342
      ],
      "shouldPause": false
    },
    {
      "itemType": 26,
      "tilePositionOfsets": [
        4239,
        4139,
        4039,
        3939,
        3839,
        3739,
        3639,
        3539,
        3439,
        3339
      ],
      "shouldPause": false
    },
    {
      "itemType": 26,
      "tilePositionOfsets": [
        4235,
        4236,
        4237,
        4238
      ],
      "shouldPause": false
    },
    {
      "itemType": 26,
      "tilePositionOfsets": [
        5930,
        5830,
        5730,
        5630,
        5530,
        5430,
        5330,
        5230,
        5130,
        5030,
        4930,
        4830,
        4730
      ],
      "shouldPause": false
    },
    {
      "itemType": 26,
      "tilePositionOfsets": [
        6030,
        6031,
        6032,
        6033,
        6034,
        6035,
        6036,
        6037,
        6038,
        6039,
        6040,
        6041,
        6042
      ],
      "shouldPause": false
    },
    {
      "itemType": 88,
      "tilePositionOfsets": [
        5571
      ],
      "shouldPause": false
    },
    {
      "itemType": 96,
      "tilePositionOfsets": [
        5777
      ],
      "shouldPause": false
    },
    {
      "itemType": 76,
      "tilePositionOfsets": [
        6435
      ],
      "shouldPause": false
    },
    {
      "itemType": 76,
      "tilePositionOfsets": [
        6431
      ],
      "shouldPause": false
    },
    {
      "itemType": 85,
      "tilePositionOfsets": [
        6939
      ],
      "shouldPause": false
    },
    {
      "itemType": 85,
      "tilePositionOfsets": [
        6934
      ],
      "shouldPause": false
    },
    {
      "itemType": 342,
      "tilePositionOfsets": [
        6788
      ],
      "shouldPause": false
    },
    {
      "itemType": 92,
      "tilePositionOfsets": [
        7069
      ],
      "shouldPause": false
    },
    {
      "itemType": 95,
      "tilePositionOfsets": [
        8050
      ],
      "shouldPause": false
    },
    {
      "itemType": 50,
      "tilePositionOfsets": [
        6929
      ],
      "shouldPause": false
    },
    {
      "itemType": 95,
      "tilePositionOfsets": [
        6270
      ],
      "shouldPause": false
    },
    {
      "itemType": 50,
      "tilePositionOfsets": [
        6954
      ],
      "shouldPause": false
    },
    {
      "itemType": 92,
      "tilePositionOfsets": [
        7938
      ],
      "shouldPause": false
    },
    {
      "itemType": 46,
      "tilePositionOfsets": [
        4159,
        4160,
        4161,
        4162,
        4163,
        4164,
        4165,
        4166,
        4167,
        4168,
        4169,
        4170,
        4171,
        4172,
        4173,
        4174,
        4175,
        4176,
        4177
      ],
      "shouldPause": false
    },
    {
      "itemType": 46,
      "tilePositionOfsets": [
        5092,
        4991,
        4890,
        4789,
        4688,
        4586,
        4587,
        4484,
        4485,
        4382,
        4383,
        4280,
        4281,
        4178,
        4179
      ],
      "shouldPause": false
    },
    {
      "itemType": 46,
      "tilePositionOfsets": [
        5894,
        5794,
        5694,
        5594,
        5494,
        5394,
        5293,
        5193
      ],
      "shouldPause": false
    },
    {
      "itemType": 46,
      "tilePositionOfsets": [
        7486,
        7387,
        7288,
        7189,
        7090,
        6991,
        6892,
        6793,
        6693,
        6594,
        6494
      ],
      "shouldPause": false
    },
    {
      "itemType": 111,
      "tilePositionOfsets": [
        7782
      ],
      "shouldPause": false
    },
    {
      "itemType": 46,
      "tilePositionOfsets": [
        8459,
        8460,
        8461,
        8462,
        8463,
        8464,
        8465,
        8466,
        8467,
        8468,
        8369,
        8370,
        8271,
        8272,
        8173,
        8174,
        8075,
        8076,
        7977,
        7978,
        7879,
        7880,
        7781
      ],
      "shouldPause": false
    },
    {
      "itemType": 46,
      "tilePositionOfsets": [
        8449,
        8450,
        8451,
        8452,
        8453,
        8454,
        8455,
        8456,
        8457,
        8458
      ],
      "shouldPause": false
    },
    {
      "itemType": 46,
      "tilePositionOfsets": [
        8436,
        8437,
        8438,
        8439,
        8440,
        8441,
        8442,
        8443
      ],
      "shouldPause": false
    },
    {
      "itemType": 46,
      "tilePositionOfsets": [
        8434,
        8435,
        8332,
        8333,
        8230,
        8231,
        8128,
        8129,
        8026,
        8027,
        7924,
        7925,
        7822,
        7823,
        7720,
        7721,
        7618,
        7619,
        7517,
        7416,
        7315,
        7214
      ],
      "shouldPause": false
    },
    {
      "itemType": 46,
      "tilePositionOfsets": [
        7114,
        7014,
        6914,
        6814,
        6714
      ],
      "shouldPause": false
    },
    {
      "itemType": 111,
      "tilePositionOfsets": [
        6613
      ],
      "shouldPause": false
    },
    {
      "itemType": 46,
      "tilePositionOfsets": [
        6216,
        6116,
        6017,
        5917,
        5818
      ],
      "shouldPause": false
    },
    {
      "itemType": 46,
      "tilePositionOfsets": [
        5719,
        5720,
        5621,
        5622,
        5523,
        5524,
        5525,
        5526,
        5527,
        5528,
        5529
      ],
      "shouldPause": false
    },
    {
      "itemType": 145,
      "tilePositionOfsets": [
        6391
      ],
      "shouldPause": false
    },
    {
      "itemType": 144,
      "tilePositionOfsets": [
        8544
      ],
      "shouldPause": false
    },
    {
      "itemType": 85,
      "tilePositionOfsets": [
        7339
      ],
      "shouldPause": false
    },
    {
      "itemType": 85,
      "tilePositionOfsets": [
        7334
      ],
      "shouldPause": false
    },
    {
      "itemType": 83,
      "tilePositionOfsets": [
        7344
      ],
      "shouldPause": false
    },
    {
      "itemType": 93,
      "tilePositionOfsets": [
        8057
      ],
      "shouldPause": false
    },
    {
      "itemType": 95,
      "tilePositionOfsets": [
        8031
      ],
      "shouldPause": false
    },
    {
      "itemType": 83,
      "tilePositionOfsets": [
        7349
      ],
      "shouldPause": false
    },
    {
      "itemType": 50,
      "tilePositionOfsets": [
        7354
      ],
      "shouldPause": false
    },
    {
      "itemType": 50,
      "tilePositionOfsets": [
        6959
      ],
      "shouldPause": false
    },
    {
      "itemType": 112,
      "tilePositionOfsets": [
        4630
      ],
      "shouldPause": false
    },
    {
      "itemType": 112,
      "tilePositionOfsets": [
        3758
      ],
      "shouldPause": false
    },
    {
      "itemType": 92,
      "tilePositionOfsets": [
        6377
      ],
      "shouldPause": false
    },
    {
      "itemType": 50,
      "tilePositionOfsets": [
        7359
      ],
      "shouldPause": false
    },
    {
      "itemType": 50,
      "tilePositionOfsets": [
        7329
      ],
      "shouldPause": false
    },
    {
      "itemType": 85,
      "tilePositionOfsets": [
        6924
      ],
      "shouldPause": false
    },
    {
      "itemType": 342,
      "tilePositionOfsets": [
        7826
      ],
      "shouldPause": false
    },
    {
      "itemType": 92,
      "tilePositionOfsets": [
        7218
      ],
      "shouldPause": false
    },
    {
      "itemType": 85,
      "tilePositionOfsets": [
        7324
      ],
      "shouldPause": false
    },
    {
      "itemType": 83,
      "tilePositionOfsets": [
        6964
      ],
      "shouldPause": false
    },
    {
      "itemType": 83,
      "tilePositionOfsets": [
        7364
      ],
      "shouldPause": false
    },
    {
      "itemType": 95,
      "tilePositionOfsets": [
        7075
      ],
      "shouldPause": false
    },
    {
      "itemType": 95,
      "tilePositionOfsets": [
        7769
      ],
      "shouldPause": false
    },
    {
      "itemType": 112,
      "tilePositionOfsets": [
        3343
      ],
      "shouldPause": false
    },
    {
      "itemType": 305,
      "tilePositionOfsets": [
        4571
      ],
      "shouldPause": false
    },
    {
      "itemType": 305,
      "tilePositionOfsets": [
        4777
      ],
      "shouldPause": false
    },
    {
      "itemType": 305,
      "tilePositionOfsets": [
        5691
      ],
      "shouldPause": false
    },
    {
      "itemType": 305,
      "tilePositionOfsets": [
        7086
      ],
      "shouldPause": false
    },
    {
      "itemType": 305,
      "tilePositionOfsets": [
        7383
      ],
      "shouldPause": false
    },
    {
      "itemType": 305,
      "tilePositionOfsets": [
        7875
      ],
      "shouldPause": false
    },
    {
      "itemType": 305,
      "tilePositionOfsets": [
        8070
      ],
      "shouldPause": false
    },
    {
      "itemType": 305,
      "tilePositionOfsets": [
        8361
      ],
      "shouldPause": false
    },
    {
      "itemType": 305,
      "tilePositionOfsets": [
        8358
      ],
      "shouldPause": false
    },
    {
      "itemType": 305,
      "tilePositionOfsets": [
        8349
      ],
      "shouldPause": false
    },
    {
      "itemType": 305,
      "tilePositionOfsets": [
        8340
      ],
      "shouldPause": false
    },
    {
      "itemType": 305,
      "tilePositionOfsets": [
        7622
      ],
      "shouldPause": false
    },
    {
      "itemType": 305,
      "tilePositionOfsets": [
        7518
      ],
      "shouldPause": false
    },
    {
      "itemType": 305,
      "tilePositionOfsets": [
        6021
      ],
      "shouldPause": false
    },
    {
      "itemType": 177,
      "tilePositionOfsets": [
        6024
      ],
      "shouldPause": false
    },
    {
      "itemType": 177,
      "tilePositionOfsets": [
        6317
      ],
      "shouldPause": false
    },
    {
      "itemType": 177,
      "tilePositionOfsets": [
        7115
      ],
      "shouldPause": false
    },
    {
      "itemType": 177,
      "tilePositionOfsets": [
        8335
      ],
      "shouldPause": false
    },
    {
      "itemType": 177,
      "tilePositionOfsets": [
        8265
      ],
      "shouldPause": false
    },
    {
      "itemType": 177,
      "tilePositionOfsets": [
        4474
      ],
      "shouldPause": false
    },
    {
      "itemType": 177,
      "tilePositionOfsets": [
        4782
      ],
      "shouldPause": false
    },
    {
      "itemType": 176,
      "tilePositionOfsets": [
        5087
      ],
      "shouldPause": false
    },
    {
      "itemType": 176,
      "tilePositionOfsets": [
        5190
      ],
      "shouldPause": false
    },
    {
      "itemType": 176,
      "tilePositionOfsets": [
        5891
      ],
      "shouldPause": false
    },
    {
      "itemType": 176,
      "tilePositionOfsets": [
        6287
      ],
      "shouldPause": false
    },
    {
      "itemType": 176,
      "tilePositionOfsets": [
        7381
      ],
      "shouldPause": false
    },
    {
      "itemType": 176,
      "tilePositionOfsets": [
        8168
      ],
      "shouldPause": false
    },
    {
      "itemType": 176,
      "tilePositionOfsets": [
        8355
      ],
      "shouldPause": false
    },
    {
      "itemType": 176,
      "tilePositionOfsets": [
        8352
      ],
      "shouldPause": false
    },
    {
      "itemType": 176,
      "tilePositionOfsets": [
        8233
      ],
      "shouldPause": false
    },
    {
      "itemType": 176,
      "tilePositionOfsets": [
        8029
      ],
      "shouldPause": false
    },
    {
      "itemType": 176,
      "tilePositionOfsets": [
        6718
      ],
      "shouldPause": false
    },
    {
      "itemType": 176,
      "tilePositionOfsets": [
        6517
      ],
      "shouldPause": false
    },
    {
      "itemType": 176,
      "tilePositionOfsets": [
        5927
      ],
      "shouldPause": false
    },
    {
      "itemType": 306,
      "tilePositionOfsets": [
        5727
      ],
      "shouldPause": false
    },
    {
      "itemType": 306,
      "tilePositionOfsets": [
        6620
      ],
      "shouldPause": false
    },
    {
      "itemType": 306,
      "tilePositionOfsets": [
        6816
      ],
      "shouldPause": false
    },
    {
      "itemType": 306,
      "tilePositionOfsets": [
        8138
      ],
      "shouldPause": false
    },
    {
      "itemType": 306,
      "tilePositionOfsets": [
        4885
      ],
      "shouldPause": false
    },
    {
      "itemType": 306,
      "tilePositionOfsets": [
        4477
      ],
      "shouldPause": false
    },
    {
      "itemType": 306,
      "tilePositionOfsets": [
        4368
      ],
      "shouldPause": false
    },
    {
      "itemType": 306,
      "tilePositionOfsets": [
        4365
      ],
      "shouldPause": false
    },
    {
      "itemType": 306,
      "tilePositionOfsets": [
        4360
      ],
      "shouldPause": false
    },
    {
      "itemType": 306,
      "tilePositionOfsets": [
        6786
      ],
      "shouldPause": false
    },
    {
      "itemType": 306,
      "tilePositionOfsets": [
        7580
      ],
      "shouldPause": false
    },
    {
      "itemType": 99,
      "tilePositionOfsets": [
        4059,
        4060,
        4061,
        4062,
        4063,
        4064,
        4065,
        4066,
        3959,
        3960,
        3961,
        3962,
        3963,
        3964,
        3965,
        3966,
        3859,
        3860,
        3861,
        3862,
        3863,
        3864,
        3865,
        3866,
        3867,
        3763,
        3764,
        3765,
        3766,
        3767,
        3663,
        3664,
        3665,
        3666,
        3563,
        3564,
        3565,
        3566,
        3463,
        3464,
        3465,
        3363,
        3364,
        3365,
        3366,
        3248,
        3249,
        3250,
        3251,
        3252,
        3253,
        3254,
        3255,
        3256,
        3257,
        3258,
        3259,
        3260,
        3261,
        3262,
        3263,
        3264,
        3265,
        3266,
        3148,
        3149,
        3150,
        3151,
        3152,
        3153,
        3154,
        3155,
        3156,
        3157,
        3158,
        3159,
        3160,
        3161,
        3162,
        3163,
        3164,
        3165,
        3166,
        3048,
        3049,
        3050,
        3051,
        3052,
        3053,
        3054,
        3055,
        3056,
        3057,
        3058,
        3059,
        3060,
        3061,
        3062,
        3063,
        3064,
        3065,
        3066,
        2948,
        2949,
        2950,
        2951,
        2952,
        2953,
        2954,
        2955,
        2956,
        2957,
        2958,
        2959,
        2960,
        2961,
        2962,
        2963,
        2964,
        2965,
        2842,
        2843,
        2844,
        2845,
        2846,
        2847,
        2848,
        2849,
        2850,
        2851,
        2852,
        2853,
        2854,
        2855,
        2856,
        2857,
        2858,
        2859,
        2860,
        2861,
        2743,
        2744,
        2745,
        2746,
        2747,
        2748,
        2749,
        2750,
        2752,
        2758,
        2642,
        2643,
        2644,
        2648,
        2649
      ],
      "shouldPause": false
    },
    {
      "itemType": 99,
      "tilePositionOfsets": [
        5426,
        5427,
        5428,
        5429,
        5325,
        5326,
        5327,
        5328,
        5329,
        5226,
        5227,
        5228,
        5229,
        5126,
        5127,
        5128,
        5129,
        5025,
        5026,
        5027,
        5028,
        5029,
        4925,
        4926,
        4927,
        4928,
        4929,
        4825,
        4826,
        4827,
        4828,
        4829,
        4726,
        4727,
        4728,
        4729,
        4625,
        4626,
        4627,
        4628,
        4629,
        4526,
        4527,
        4528,
        4529,
        4425,
        4426,
        4427,
        4428,
        4429,
        4326,
        4327,
        4328,
        4329,
        4227,
        4228,
        4229,
        4127,
        4128,
        4129,
        4130,
        4131,
        4132,
        4133,
        4134,
        4135,
        4136,
        4137,
        4138,
        4027,
        4028,
        4029,
        4030,
        4031,
        4032,
        4033,
        4034,
        4035,
        4036,
        4037,
        4038,
        3927,
        3928,
        3929,
        3930,
        3931,
        3932,
        3933,
        3934,
        3935,
        3936,
        3937,
        3938,
        3828,
        3829,
        3830,
        3831,
        3832,
        3833,
        3834,
        3835,
        3836,
        3837,
        3838,
        3733,
        3734,
        3735,
        3736,
        3737,
        3738,
        3634,
        3635,
        3636,
        3637,
        3638,
        3534,
        3535,
        3536,
        3537,
        3538,
        3435,
        3436,
        3437,
        3438,
        3335,
        3336,
        3337,
        3338,
        3235,
        3236,
        3237,
        3238,
        3239,
        3240,
        3241,
        3242,
        3135,
        3136,
        3137,
        3138,
        3139,
        3140,
        3141,
        3142,
        3035,
        3036,
        3037,
        3038,
        3039,
        3040,
        3041,
        3042,
        2937,
        2938,
        2939,
        2940,
        2941,
        2942,
        2840,
        2841,
        2741,
        2742,
        2751
      ],
      "shouldPause": false
    }
  ],
  "miscItems": [
    {
      "positionOfset": 6246,
      "itemType": 7,
      "number": 0
    },
    {
      "positionOfset": 3560,
      "itemType": 7,
      "number": 1
    },
    {
      "positionOfset": 3145,
      "itemType": 7,
      "number": 2
    },
    {
      "positionOfset": 4432,
      "itemType": 7,
      "number": 3
    },
    {
      "positionOfset": 6046,
      "itemType": 7,
      "number": 4
    },
    {
      "positionOfset": 6193,
      "itemType": 7,
      "number": 5
    },
    {
      "positionOfset": 7683,
      "itemType": 7,
      "number": 6
    },
    {
      "positionOfset": 8346,
      "itemType": 7,
      "number": 7
    },
    {
      "positionOfset": 6515,
      "itemType": 7,
      "number": 8
    },
    {
      "positionOfset": 5651,
      "itemType": 15,
      "number": 0
    },
    {
      "positionOfset": 5737,
      "itemType": 15,
      "number": 1
    },
    {
      "positionOfset": 4446,
      "itemType": 15,
      "number": 2
    },
    {
      "positionOfset": 3661,
      "itemType": 19,
      "number": 0
    },
    {
      "positionOfset": 3146,
      "itemType": 19,
      "number": 1
    },
    {
      "positionOfset": 4333,
      "itemType": 19,
      "number": 2
    },
    {
      "positionOfset": 6145,
      "itemType": 19,
      "number": 3
    },
    {
      "positionOfset": 7583,
      "itemType": 19,
      "number": 4
    },
    {
      "positionOfset": 6093,
      "itemType": 19,
      "number": 5
    },
    {
      "positionOfset": 8245,
      "itemType": 19,
      "number": 6
    },
    {
      "positionOfset": 6414,
      "itemType": 19,
      "number": 7
    }
  ]
}