{
  "pauseDelayAmount": 10,
  "frames": [
    {
      "itemType": 61,
      "tilePositionOfsets": [
        5643
      ],
      "shouldPause": false
    },
    {
      "itemType": 52,
      "tilePositionOfsets": [
        4950
      ],
      "shouldPause": false
    },
    {
      "itemType": 80,
      "tilePositionOfsets": [
        5138
      ],
      "shouldPause": false
    },
    {
      "itemType": 80,
      "tilePositionOfsets": [
        4738
      ],
      "shouldPause": false
    },
    {
      "itemType": 77,
      "tilePositionOfsets": [
        6250
      ],
      "shouldPause": false
    },
    {
      "itemType": 54,
      "tilePositionOfsets": [
        8635
      ],
      "shouldPause": false
    },
    {
      "itemType": 54,
      "tilePositionOfsets": [
        8235
      ],
      "shouldPause": false
    },
    {
      "itemType": 54,
      "tilePositionOfsets": [
        8130
      ],
      "shouldPause": false
    },
    {
      "itemType": 54,
      "tilePositionOfsets": [
        8630
      ],
      "shouldPause": false
    },
    {
      "itemType": 54,
      "tilePositionOfsets": [
        7019
      ],
      "shouldPause": false
    },
    {
      "itemType": 54,
      "tilePositionOfsets": [
        8251
      ],
      "shouldPause": false
    },
    {
      "itemType": 54,
      "tilePositionOfsets": [
        8651
      ],
      "shouldPause": false
    },
    {
      "itemType": 54,
      "tilePositionOfsets": [
        8646
      ],
      "shouldPause": false
    },
    {
      "itemType": 54,
      "tilePositionOfsets": [
        8763
      ],
      "shouldPause": false
    },
    {
      "itemType": 54,
      "tilePositionOfsets": [
        7355
      ],
      "shouldPause": false
    },
    {
      "itemType": 54,
      "tilePositionOfsets": [
        7755
      ],
      "shouldPause": false
    },
    {
      "itemType": 86,
      "tilePositionOfsets": [
        7624
      ],
      "shouldPause": false
    },
    {
      "itemType": 81,
      "tilePositionOfsets": [
        6038
      ],
      "shouldPause": false
    },
    {
      "itemType": 81,
      "tilePositionOfsets": [
        5638
      ],
      "shouldPause": false
    },
    {
      "itemType": 87,
      "tilePositionOfsets": [
        7559
      ],
      "shouldPause": false
    },
    {
      "itemType": 342,
      "tilePositionOfsets": [
        6144
      ],
      "shouldPause": false
    },
    {
      "itemType": 76,
      "tilePositionOfsets": [
        6843
      ],
      "shouldPause": false
    },
    {
      "itemType": 76,
      "tilePositionOfsets": [
        6848
      ],
      "shouldPause": false
    },
    {
      "itemType": 76,
      "tilePositionOfsets": [
        6853
      ],
      "shouldPause": false
    },
    {
      "itemType": 85,
      "tilePositionOfsets": [
        7340
      ],
      "shouldPause": false
    },
    {
      "itemType": 146,
      "tilePositionOfsets": [
        6835
      ],
      "shouldPause": false
    },
    {
      "itemType": 25,
      "tilePositionOfsets": [
        6136,
        6036,
        5936,
        5836,
        5736,
        5636,
        5536,
        5436,
        5336,
        5236,
        5136,
        5036,
        4936,
        4836,
        4736,
        4636,
        4536,
        4436,
        4336,
        4236,
        4136
      ],
      "shouldPause": false
    },
    {
      "itemType": 25,
      "tilePositionOfsets": [
        4137,
        4138,
        4139,
        4140,
        4141,
        4142,
        4143,
        4144,
        4145,
        4146,
        4147,
        4148,
        4149,
        4150,
        4151,
        4152,
        4153,
        4154,
        4155
      ],
      "shouldPause": false
    },
    {
      "itemType": 25,
      "tilePositionOfsets": [
        6355,
        6255,
        6155,
        6055,
        5955,
        5855,
        5755,
        5655,
        5555,
        5455,
        5355,
        5255,
        5155,
        5055,
        4955,
        4855,
        4755,
        4655,
        4555,
        4455,
        4355,
        4255
      ],
      "shouldPause": false
    },
    {
      "itemType": 25,
      "tilePositionOfsets": [
        6342,
        6343,
        6344,
        6345,
        6346,
        6347,
        6348,
        6349,
        6350,
        6351,
        6352,
        6353,
        6354
      ],
      "shouldPause": false
    },
    {
      "itemType": 25,
      "tilePositionOfsets": [
        6356,
        6256,
        6156,
        6056,
        5956,
        5856,
        5756,
        5656,
        5556,
        5456,
        5356,
        5256,
        5156,
        5056,
        4956,
        4856,
        4756,
        4656,
        4556,
        4456,
        4356,
        4256,
        4156
      ],
      "shouldPause": false
    },
    {
      "itemType": 25,
      "tilePositionOfsets": [
        4036,
        4037,
        4038,
        4039,
        4040,
        4041,
        4042,
        4043,
        4044,
        4045,
        4046,
        4047,
        4048,
        4049,
        4050,
        4051,
        4052,
        4053,
        4054,
        4055,
        4056
      ],
      "shouldPause": false
    },
    {
      "itemType": 25,
      "tilePositionOfsets": [
        6135,
        6035,
        5935,
        5835,
        5735,
        5635,
        5535,
        5435,
        5335,
        5235,
        5135,
        5035,
        4935,
        4835,
        4735,
        4635,
        4535,
        4435,
        4335,
        4235,
        4135,
        4035
      ],
      "shouldPause": false
    },
    {
      "itemType": 25,
      "tilePositionOfsets": [
        6334,
        6234,
        6134,
        6034,
        5934,
        5834,
        5734,
        5634,
        5534,
        5434,
        5334,
        5234,
        5134,
        5034,
        4934,
        4834,
        4734,
        4634,
        4534,
        4434,
        4334,
        4234,
        4134,
        4034,
        3934
      ],
      "shouldPause": false
    },
    {
      "itemType": 25,
      "tilePositionOfsets": [
        3935,
        3936,
        3937,
        3938,
        3939,
        3940,
        3941,
        3942,
        3943,
        3944,
        3945,
        3946,
        3947,
        3948,
        3949,
        3950,
        3951,
        3952,
        3953,
        3954,
        3955,
        3956,
        3957
      ],
      "shouldPause": false
    },
    {
      "itemType": 25,
      "tilePositionOfsets": [
        6357,
        6257,
        6157,
        6057,
        5957,
        5857,
        5757,
        5657,
        5557,
        5457,
        5357,
        5257,
        5157,
        5057,
        4957,
        4857,
        4757,
        4657,
        4557,
        4457,
        4357,
        4257,
        4157,
        4057
      ],
      "shouldPause": false
    },
    {
      "itemType": 26,
      "tilePositionOfsets": [
        6442,
        6443,
        6444,
        6445,
        6446,
        6447,
        6448,
        6449,
        6450,
        6451,
        6452,
        6453,
        6454,
        6455,
        6456,
        6457
      ],
      "shouldPause": false
    },
    {
      "itemType": 26,
      "tilePositionOfsets": [
        6458,
        6358,
        6258,
        6158
      ],
      "shouldPause": false
    },
    {
      "itemType": 26,
      "tilePositionOfsets": [
        5558,
        5458,
        5358,
        5258,
        5158,
        5058,
        4958,
        4858,
        4758
      ],
      "shouldPause": false
    },
    {
      "itemType": 26,
      "tilePositionOfsets": [
        4158,
        4058,
        3958
      ],
      "shouldPause": false
    },
    {
      "itemType": 26,
      "tilePositionOfsets": [
        3849,
        3850,
        3851,
        3852,
        3853,
        3854,
        3855,
        3856,
        3857,
        3858
      ],
      "shouldPause": false
    },
    {
      "itemType": 26,
      "tilePositionOfsets": [
        3834,
        3835,
        3836,
        3837,
        3838,
        3839,
        3840,
        3841,
        3842,
        3843
      ],
      "shouldPause": false
    },
    {
      "itemType": 26,
      "tilePositionOfsets": [
        4733,
        4633,
        4533,
        4433,
        4333,
        4233,
        4133,
        4033,
        3933,
        3833
      ],
      "shouldPause": false
    },
    {
      "itemType": 26,
      "tilePositionOfsets": [
        6333,
        6233,
        6133,
        6033,
        5933,
        5833,
        5733,
        5633,
        5533,
        5433,
        5333
      ],
      "shouldPause": false
    },
    {
      "itemType": 26,
      "tilePositionOfsets": [
        6433,
        6434
      ],
      "shouldPause": false
    },
    {
      "itemType": 96,
      "tilePositionOfsets": [
        6523
      ],
      "shouldPause": false
    },
    {
      "itemType": 92,
      "tilePositionOfsets": [
        8340
      ],
      "shouldPause": false
    },
    {
      "itemType": 85,
      "tilePositionOfsets": [
        7345
      ],
      "shouldPause": false
    },
    {
      "itemType": 50,
      "tilePositionOfsets": [
        7740
      ],
      "shouldPause": false
    },
    {
      "itemType": 95,
      "tilePositionOfsets": [
        8756
      ],
      "shouldPause": false
    },
    {
      "itemType": 112,
      "tilePositionOfsets": [
        6058
      ],
      "shouldPause": false
    },
    {
      "itemType": 112,
      "tilePositionOfsets": [
        5229
      ],
      "shouldPause": false
    },
    {
      "itemType": 46,
      "tilePositionOfsets": [
        6359,
        6360,
        6361,
        6362,
        6363,
        6364,
        6365,
        6366
      ],
      "shouldPause": false
    },
    {
      "itemType": 46,
      "tilePositionOfsets": [
        6672,
        6571,
        6469,
        6470,
        6367,
        6368
      ],
      "shouldPause": false
    },
    {
      "itemType": 111,
      "tilePositionOfsets": [
        7072
      ],
      "shouldPause": false
    },
    {
      "itemType": 46,
      "tilePositionOfsets": [
        7876,
        7776,
        7676,
        7576,
        7476,
        7376,
        7275,
        7175
      ],
      "shouldPause": false
    },
    {
      "itemType": 46,
      "tilePositionOfsets": [
        8672,
        8573,
        8474,
        8374,
        8275,
        8175,
        8076,
        7976
      ],
      "shouldPause": false
    },
    {
      "itemType": 46,
      "tilePositionOfsets": [
        9158,
        9159,
        9160,
        9161,
        9162,
        9163,
        9064,
        9065,
        8966,
        8967,
        8868,
        8869,
        8770,
        8771
      ],
      "shouldPause": false
    },
    {
      "itemType": 111,
      "tilePositionOfsets": [
        9254
      ],
      "shouldPause": false
    },
    {
      "itemType": 46,
      "tilePositionOfsets": [
        8952,
        8953,
        8845,
        8846,
        8847,
        8848,
        8849,
        8850,
        8851
      ],
      "shouldPause": false
    },
    {
      "itemType": 144,
      "tilePositionOfsets": [
        8940
      ],
      "shouldPause": false
    },
    {
      "itemType": 46,
      "tilePositionOfsets": [
        9225,
        9226,
        9227,
        9228,
        9229,
        9230,
        9231,
        9132,
        9133,
        9034,
        9035,
        8936,
        8937,
        8838,
        8839
      ],
      "shouldPause": false
    },
    {
      "itemType": 46,
      "tilePositionOfsets": [
        9223,
        9224,
        9121,
        9122,
        9019,
        9020,
        8918,
        8817,
        8716,
        8615,
        8514,
        8413
      ],
      "shouldPause": false
    },
    {
      "itemType": 111,
      "tilePositionOfsets": [
        8310
      ],
      "shouldPause": false
    },
    {
      "itemType": 46,
      "tilePositionOfsets": [
        7910,
        7810,
        7710,
        7610,
        7510,
        7410,
        7310,
        7210
      ],
      "shouldPause": false
    },
    {
      "itemType": 111,
      "tilePositionOfsets": [
        7110
      ],
      "shouldPause": false
    },
    {
      "itemType": 46,
      "tilePositionOfsets": [
        6712,
        6612,
        6513,
        6413,
        6314,
        6214,
        6115,
        6016,
        5917,
        5818,
        5719,
        5620
      ],
      "shouldPause": false
    },
    {
      "itemType": 46,
      "tilePositionOfsets": [
        5521,
        5522,
        5423,
        5424,
        5425,
        5426,
        5427,
        5428,
        5429,
        5430,
        5431,
        5432
      ],
      "shouldPause": false
    },
    {
      "itemType": 83,
      "tilePositionOfsets": [
        7350
      ],
      "shouldPause": false
    },
    {
      "itemType": 92,
      "tilePositionOfsets": [
        8224
      ],
      "shouldPause": false
    },
    {
      "itemType": 76,
      "tilePositionOfsets": [
        6518
      ],
      "shouldPause": false
    },
    {
      "itemType": 95,
      "tilePositionOfsets": [
        7717
      ],
      "shouldPause": false
    },
    {
      "itemType": 95,
      "tilePositionOfsets": [
        8265
      ],
      "shouldPause": false
    },
    {
      "itemType": 50,
      "tilePositionOfsets": [
        7745
      ],
      "shouldPause": false
    },
    {
      "itemType": 342,
      "tilePositionOfsets": [
        8246
      ],
      "shouldPause": false
    },
    {
      "itemType": 85,
      "tilePositionOfsets": [
        7735
      ],
      "shouldPause": false
    },
    {
      "itemType": 85,
      "tilePositionOfsets": [
        7335
      ],
      "shouldPause": false
    },
    {
      "itemType": 112,
      "tilePositionOfsets": [
        4658
      ],
      "shouldPause": false
    },
    {
      "itemType": 112,
      "tilePositionOfsets": [
        3844
      ],
      "shouldPause": false
    },
    {
      "itemType": 95,
      "tilePositionOfsets": [
        8317
      ],
      "shouldPause": false
    },
    {
      "itemType": 95,
      "tilePositionOfsets": [
        8824
      ],
      "shouldPause": false
    },
    {
      "itemType": 83,
      "tilePositionOfsets": [
        7750
      ],
      "shouldPause": false
    },
    {
      "itemType": 92,
      "tilePositionOfsets": [
        8059
      ],
      "shouldPause": false
    },
    {
      "itemType": 85,
      "tilePositionOfsets": [
        7872
      ],
      "shouldPause": false
    },
    {
      "itemType": 85,
      "tilePositionOfsets": [
        8719
      ],
      "shouldPause": false
    },
    {
      "itemType": 177,
      "tilePositionOfsets": [
        7372
      ],
      "shouldPause": false
    },
    {
      "itemType": 177,
      "tilePositionOfsets": [
        8172
      ],
      "shouldPause": false
    },
    {
      "itemType": 177,
      "tilePositionOfsets": [
        8668
      ],
      "shouldPause": false
    },
    {
      "itemType": 177,
      "tilePositionOfsets": [
        9058
      ],
      "shouldPause": false
    },
    {
      "itemType": 177,
      "tilePositionOfsets": [
        8930
      ],
      "shouldPause": false
    },
    {
      "itemType": 177,
      "tilePositionOfsets": [
        9127
      ],
      "shouldPause": false
    },
    {
      "itemType": 177,
      "tilePositionOfsets": [
        7911
      ],
      "shouldPause": false
    },
    {
      "itemType": 177,
      "tilePositionOfsets": [
        7511
      ],
      "shouldPause": false
    },
    {
      "itemType": 177,
      "tilePositionOfsets": [
        6714
      ],
      "shouldPause": false
    },
    {
      "itemType": 177,
      "tilePositionOfsets": [
        6119
      ],
      "shouldPause": false
    },
    {
      "itemType": 176,
      "tilePositionOfsets": [
        9125
      ],
      "shouldPause": false
    },
    {
      "itemType": 176,
      "tilePositionOfsets": [
        9023
      ],
      "shouldPause": false
    },
    {
      "itemType": 176,
      "tilePositionOfsets": [
        8517
      ],
      "shouldPause": false
    },
    {
      "itemType": 176,
      "tilePositionOfsets": [
        8415
      ],
      "shouldPause": false
    },
    {
      "itemType": 176,
      "tilePositionOfsets": [
        7914
      ],
      "shouldPause": false
    },
    {
      "itemType": 176,
      "tilePositionOfsets": [
        7714
      ],
      "shouldPause": false
    },
    {
      "itemType": 176,
      "tilePositionOfsets": [
        6914
      ],
      "shouldPause": false
    },
    {
      "itemType": 176,
      "tilePositionOfsets": [
        6316
      ],
      "shouldPause": false
    },
    {
      "itemType": 176,
      "tilePositionOfsets": [
        5821
      ],
      "shouldPause": false
    },
    {
      "itemType": 176,
      "tilePositionOfsets": [
        5624
      ],
      "shouldPause": false
    },
    {
      "itemType": 176,
      "tilePositionOfsets": [
        5626
      ],
      "shouldPause": false
    },
    {
      "itemType": 176,
      "tilePositionOfsets": [
        8833
      ],
      "shouldPause": false
    },
    {
      "itemType": 176,
      "tilePositionOfsets": [
        8961
      ],
      "shouldPause": false
    },
    {
      "itemType": 176,
      "tilePositionOfsets": [
        8963
      ],
      "shouldPause": false
    },
    {
      "itemType": 176,
      "tilePositionOfsets": [
        8372
      ],
      "shouldPause": false
    },
    {
      "itemType": 176,
      "tilePositionOfsets": [
        7270
      ],
      "shouldPause": false
    },
    {
      "itemType": 176,
      "tilePositionOfsets": [
        7069
      ],
      "shouldPause": false
    },
    {
      "itemType": 176,
      "tilePositionOfsets": [
        6870
      ],
      "shouldPause": false
    },
    {
      "itemType": 176,
      "tilePositionOfsets": [
        6565
      ],
      "shouldPause": false
    },
    {
      "itemType": 176,
      "tilePositionOfsets": [
        6563
      ],
      "shouldPause": false
    },
    {
      "itemType": 306,
      "tilePositionOfsets": [
        6561
      ],
      "shouldPause": false
    },
    {
      "itemType": 306,
      "tilePositionOfsets": [
        6559
      ],
      "shouldPause": false
    },
    {
      "itemType": 306,
      "tilePositionOfsets": [
        8854
      ],
      "shouldPause": false
    },
    {
      "itemType": 306,
      "tilePositionOfsets": [
        8921
      ],
      "shouldPause": false
    },
    {
      "itemType": 306,
      "tilePositionOfsets": [
        8215
      ],
      "shouldPause": false
    },
    {
      "itemType": 306,
      "tilePositionOfsets": [
        7515
      ],
      "shouldPause": false
    },
    {
      "itemType": 306,
      "tilePositionOfsets": [
        7314
      ],
      "shouldPause": false
    },
    {
      "itemType": 306,
      "tilePositionOfsets": [
        7115
      ],
      "shouldPause": false
    },
    {
      "itemType": 306,
      "tilePositionOfsets": [
        7017
      ],
      "shouldPause": false
    },
    {
      "itemType": 306,
      "tilePositionOfsets": [
        6817
      ],
      "shouldPause": false
    },
    {
      "itemType": 306,
      "tilePositionOfsets": [
        5628
      ],
      "shouldPause": false
    },
    {
      "itemType": 306,
      "tilePositionOfsets": [
        5630
      ],
      "shouldPause": false
    },
    {
      "itemType": 306,
      "tilePositionOfsets": [
        4353
      ],
      "shouldPause": false
    },
    {
      "itemType": 306,
      "tilePositionOfsets": [
        4338
      ],
      "shouldPause": false
    },
    {
      "itemType": 176,
      "tilePositionOfsets": [
        4351
      ],
      "shouldPause": false
    },
    {
      "itemType": 176,
      "tilePositionOfsets": [
        4340
      ],
      "shouldPause": false
    },
    {
      "itemType": 176,
      "tilePositionOfsets": [
        8056
      ],
      "shouldPause": false
    },
    {
      "itemType": 176,
      "tilePositionOfsets": [
        7569
      ],
      "shouldPause": false
    },
    {
      "itemType": 176,
      "tilePositionOfsets": [
        8835
      ],
      "shouldPause": false
    }
  ],
  "miscItems": [
    {
      "positionOfset": 5860,
      "itemType": 7,
      "number": 0
    },
    {
      "positionOfset": 4460,
      "itemType": 7,
      "number": 1
    },
    {
      "positionOfset": 3646,
      "itemType": 7,
      "number": 2
    },
    {
      "positionOfset": 5031,
      "itemType": 7,
      "number": 3
    },
    {
      "positionOfset": 6538,
      "itemType": 7,
      "number": 4
    },
    {
      "positionOfset": 6973,
      "itemType": 7,
      "number": 5
    },
    {
      "positionOfset": 9056,
      "itemType": 7,
      "number": 6
    },
    {
      "positionOfset": 8742,
      "itemType": 7,
      "number": 7
    },
    {
      "positionOfset": 8212,
      "itemType": 7,
      "number": 8
    },
    {
      "positionOfset": 6911,
      "itemType": 7,
      "number": 9
    },
    {
      "positionOfset": 5652,
      "itemType": 15,
      "number": 0
    },
    {
      "positionOfset": 5943,
      "itemType": 15,
      "number": 1
    },
    {
      "positionOfset": 4545,
      "itemType": 15,
      "number": 2
    },
    {
      "positionOfset": 5760,
      "itemType": 19,
      "number": 0
    },
    {
      "positionOfset": 4361,
      "itemType": 19,
      "number": 1
    },
    {
      "positionOfset": 3547,
      "itemType": 19,
      "number": 2
    },
    {
      "positionOfset": 4932,
      "itemType": 19,
      "number": 3
    },
    {
      "positionOfset": 6537,
      "itemType": 19,
      "number": 4
    },
    {
      "positionOfset": 6912,
      "itemType": 19,
      "number": 5
    },
    {
      "positionOfset": 8111,
      "itemType": 19,
      "number": 6
    },
    {
      "positionOfset": 8642,
      "itemType": 19,
      "number": 7
    },
    {
      "positionOfset": 9055,
      "itemType": 19,
      "number": 8
    },
    {
      "positionOfset": 6874,
      "itemType": 19,
      "number": 9
    }
  ]
}