{
  "pauseDelayAmount": 20,
  "frames": [
    {
      "itemType": 61,
      "tilePositionOfsets": [
        5643
      ],
      "shouldPause": false
    },
    {
      "itemType": 52,
      "tilePositionOfsets": [
        4950
      ],
      "shouldPause": false
    },
    {
      "itemType": 52,
      "tilePositionOfsets": [
        4450
      ],
      "shouldPause": false
    },
    {
      "itemType": 80,
      "tilePositionOfsets": [
        4756
      ],
      "shouldPause": false
    },
    {
      "itemType": 80,
      "tilePositionOfsets": [
        4356
      ],
      "shouldPause": false
    },
    {
      "itemType": 54,
      "tilePositionOfsets": [
        7446
      ],
      "shouldPause": false
    },
    {
      "itemType": 54,
      "tilePositionOfsets": [
        7426
      ],
      "shouldPause": false
    },
    {
      "itemType": 54,
      "tilePositionOfsets": [
        7421
      ],
      "shouldPause": false
    },
    {
      "itemType": 54,
      "tilePositionOfsets": [
        5814
      ],
      "shouldPause": false
    },
    {
      "itemType": 54,
      "tilePositionOfsets": [
        5314
      ],
      "shouldPause": false
    },
    {
      "itemType": 54,
      "tilePositionOfsets": [
        3439
      ],
      "shouldPause": false
    },
    {
      "itemType": 54,
      "tilePositionOfsets": [
        3624
      ],
      "shouldPause": false
    },
    {
      "itemType": 54,
      "tilePositionOfsets": [
        3124
      ],
      "shouldPause": false
    },
    {
      "itemType": 77,
      "tilePositionOfsets": [
        2835
      ],
      "shouldPause": false
    },
    {
      "itemType": 86,
      "tilePositionOfsets": [
        4728
      ],
      "shouldPause": false
    },
    {
      "itemType": 81,
      "tilePositionOfsets": [
        5156
      ],
      "shouldPause": false
    },
    {
      "itemType": 81,
      "tilePositionOfsets": [
        5556
      ],
      "shouldPause": false
    },
    {
      "itemType": 87,
      "tilePositionOfsets": [
        5828
      ],
      "shouldPause": false
    },
    {
      "itemType": 76,
      "tilePositionOfsets": [
        6346
      ],
      "shouldPause": false
    },
    {
      "itemType": 76,
      "tilePositionOfsets": [
        6341
      ],
      "shouldPause": false
    },
    {
      "itemType": 88,
      "tilePositionOfsets": [
        4722
      ],
      "shouldPause": false
    },
    {
      "itemType": 146,
      "tilePositionOfsets": [
        6351
      ],
      "shouldPause": false
    },
    {
      "itemType": 25,
      "tilePositionOfsets": [
        5858,
        5859,
        5860
      ],
      "shouldPause": false
    },
    {
      "itemType": 25,
      "tilePositionOfsets": [
        5760,
        5660,
        5560,
        5460,
        5360,
        5260,
        5160,
        5060,
        4960,
        4860,
        4760,
        4660,
        4560,
        4460,
        4360,
        4260,
        4160,
        4060
      ],
      "shouldPause": false
    },
    {
      "itemType": 25,
      "tilePositionOfsets": [
        3943,
        3944,
        3945,
        3946,
        3947,
        3948,
        3949,
        3950,
        3951,
        3952,
        3953,
        3954,
        3955,
        3956,
        3957,
        3958,
        3959,
        3960
      ],
      "shouldPause": false
    },
    {
      "itemType": 25,
      "tilePositionOfsets": [
        5742,
        5642,
        5542,
        5442,
        5342,
        5242,
        5142,
        5042,
        4942,
        4842,
        4742,
        4642,
        4542,
        4442,
        4342,
        4242,
        4142,
        4042,
        3942
      ],
      "shouldPause": false
    },
    {
      "itemType": 25,
      "tilePositionOfsets": [
        5842,
        5843,
        5844,
        5845,
        5846,
        5847,
        5848,
        5849,
        5850
      ],
      "shouldPause": false
    },
    {
      "itemType": 25,
      "tilePositionOfsets": [
        5861,
        5761,
        5661,
        5561,
        5461,
        5361,
        5261,
        5161,
        5061,
        4961,
        4861,
        4761,
        4661,
        4561,
        4461,
        4361,
        4261,
        4161,
        4061,
        3961
      ],
      "shouldPause": false
    },
    {
      "itemType": 25,
      "tilePositionOfsets": [
        3842,
        3843,
        3844,
        3845,
        3846,
        3847,
        3848,
        3849,
        3850,
        3851,
        3852,
        3853,
        3854,
        3855,
        3856,
        3857,
        3858,
        3859,
        3860,
        3861
      ],
      "shouldPause": false
    },
    {
      "itemType": 25,
      "tilePositionOfsets": [
        5841,
        5741,
        5641,
        5541,
        5441,
        5341,
        5241,
        5141,
        5041,
        4941,
        4841,
        4741,
        4641,
        4541,
        4441,
        4341,
        4241,
        4141,
        4041,
        3941,
        3841
      ],
      "shouldPause": false
    },
    {
      "itemType": 25,
      "tilePositionOfsets": [
        5862,
        5762,
        5662,
        5562,
        5462,
        5362,
        5262,
        5162,
        5062,
        4962,
        4862,
        4762,
        4662,
        4562,
        4462,
        4362,
        4262,
        4162,
        4062,
        3962,
        3862
      ],
      "shouldPause": false
    },
    {
      "itemType": 25,
      "tilePositionOfsets": [
        3741,
        3742,
        3743,
        3744,
        3745,
        3746,
        3747,
        3748,
        3749,
        3750,
        3751,
        3752,
        3753,
        3754,
        3755,
        3756,
        3757,
        3758,
        3759,
        3760,
        3761,
        3762
      ],
      "shouldPause": false
    },
    {
      "itemType": 25,
      "tilePositionOfsets": [
        5840,
        5740,
        5640,
        5540,
        5440,
        5340,
        5240,
        5140,
        5040,
        4940,
        4840,
        4740,
        4640,
        4540,
        4440,
        4340,
        4240,
        4140,
        4040,
        3940,
        3840,
        3740
      ],
      "shouldPause": false
    },
    {
      "itemType": 26,
      "tilePositionOfsets": [
        5958,
        5959,
        5960,
        5961,
        5962
      ],
      "shouldPause": false
    },
    {
      "itemType": 26,
      "tilePositionOfsets": [
        5963,
        5863,
        5763,
        5663
      ],
      "shouldPause": false
    },
    {
      "itemType": 26,
      "tilePositionOfsets": [
        5063,
        4963,
        4863,
        4763,
        4663,
        4563,
        4463,
        4363
      ],
      "shouldPause": false
    },
    {
      "itemType": 26,
      "tilePositionOfsets": [
        3763,
        3663
      ],
      "shouldPause": false
    },
    {
      "itemType": 26,
      "tilePositionOfsets": [
        3654,
        3655,
        3656,
        3657,
        3658,
        3659,
        3660,
        3661,
        3662
      ],
      "shouldPause": false
    },
    {
      "itemType": 26,
      "tilePositionOfsets": [
        3640,
        3641,
        3642,
        3643,
        3644,
        3645,
        3646,
        3647,
        3648
      ],
      "shouldPause": false
    },
    {
      "itemType": 26,
      "tilePositionOfsets": [
        5839,
        5739,
        5639,
        5539,
        5439,
        5339,
        5239,
        5139,
        5039,
        4939,
        4839,
        4739,
        4639,
        4539,
        4439,
        4339,
        4239,
        4139,
        4039,
        3939,
        3839,
        3739,
        3639
      ],
      "shouldPause": false
    },
    {
      "itemType": 26,
      "tilePositionOfsets": [
        5939,
        5940,
        5941,
        5942,
        5943,
        5944,
        5945,
        5946,
        5947,
        5948,
        5949,
        5950
      ],
      "shouldPause": false
    },
    {
      "itemType": 96,
      "tilePositionOfsets": [
        3729
      ],
      "shouldPause": false
    },
    {
      "itemType": 85,
      "tilePositionOfsets": [
        6223
      ],
      "shouldPause": false
    },
    {
      "itemType": 85,
      "tilePositionOfsets": [
        5723
      ],
      "shouldPause": false
    },
    {
      "itemType": 342,
      "tilePositionOfsets": [
        6718
      ],
      "shouldPause": false
    },
    {
      "itemType": 76,
      "tilePositionOfsets": [
        6334
      ],
      "shouldPause": false
    },
    {
      "itemType": 76,
      "tilePositionOfsets": [
        6330
      ],
      "shouldPause": false
    },
    {
      "itemType": 92,
      "tilePositionOfsets": [
        6946
      ],
      "shouldPause": false
    },
    {
      "itemType": 83,
      "tilePositionOfsets": [
        6841
      ],
      "shouldPause": false
    },
    {
      "itemType": 46,
      "tilePositionOfsets": [
        6960,
        6860,
        6760,
        6660,
        6560,
        6460,
        6360,
        6260,
        6160,
        6060
      ],
      "shouldPause": false
    },
    {
      "itemType": 46,
      "tilePositionOfsets": [
        7655,
        7556,
        7457,
        7358,
        7259,
        7160,
        7060
      ],
      "shouldPause": false
    },
    {
      "itemType": 46,
      "tilePositionOfsets": [
        8142,
        8143,
        8144,
        8145,
        8146,
        8047,
        8048,
        7949,
        7950,
        7851,
        7852,
        7753,
        7754
      ],
      "shouldPause": false
    },
    {
      "itemType": 46,
      "tilePositionOfsets": [
        8124,
        8125,
        8126,
        8127,
        8128,
        8129,
        8130,
        8131,
        8132,
        8133,
        8134,
        8135,
        8136
      ],
      "shouldPause": false
    },
    {
      "itemType": 46,
      "tilePositionOfsets": [
        8122,
        8123,
        8020,
        8021,
        7918,
        7919,
        7816,
        7817,
        7714,
        7715,
        7613,
        7512,
        7411,
        7310,
        7209,
        7108
      ],
      "shouldPause": false
    },
    {
      "itemType": 46,
      "tilePositionOfsets": [
        7007,
        6907,
        6806,
        6706,
        6605,
        6505,
        6405,
        6305,
        6205,
        6105,
        6005,
        5905,
        5805,
        5705,
        5605,
        5505,
        5405,
        5305,
        5205,
        5105,
        5005,
        4905,
        4805,
        4705,
        4605,
        4505,
        4405,
        4305,
        4205,
        4105,
        4005,
        3905
      ],
      "shouldPause": false
    },
    {
      "itemType": 46,
      "tilePositionOfsets": [
        3805,
        3705,
        3606,
        3506,
        3407,
        3307,
        3208,
        3108,
        3009,
        2910,
        2811,
        2712,
        2613,
        2514,
        2415,
        2316
      ],
      "shouldPause": false
    },
    {
      "itemType": 46,
      "tilePositionOfsets": [
        2217,
        2218,
        2119,
        2120,
        2021,
        2022,
        1923,
        1924,
        1825,
        1826,
        1827
      ],
      "shouldPause": false
    },
    {
      "itemType": 144,
      "tilePositionOfsets": [
        2228
      ],
      "shouldPause": false
    },
    {
      "itemType": 46,
      "tilePositionOfsets": [
        2343,
        2241,
        2242,
        2139,
        2140,
        2037,
        2038,
        1935,
        1936,
        1833,
        1834
      ],
      "shouldPause": false
    },
    {
      "itemType": 46,
      "tilePositionOfsets": [
        3547,
        3447,
        3347,
        3247,
        3147,
        3047,
        2946,
        2846,
        2745,
        2645,
        2544,
        2444
      ],
      "shouldPause": false
    },
    {
      "itemType": 144,
      "tilePositionOfsets": [
        8237
      ],
      "shouldPause": false
    },
    {
      "itemType": 85,
      "tilePositionOfsets": [
        5223
      ],
      "shouldPause": false
    },
    {
      "itemType": 95,
      "tilePositionOfsets": [
        7414
      ],
      "shouldPause": false
    },
    {
      "itemType": 95,
      "tilePositionOfsets": [
        4715
      ],
      "shouldPause": false
    },
    {
      "itemType": 92,
      "tilePositionOfsets": [
        6412
      ],
      "shouldPause": false
    },
    {
      "itemType": 83,
      "tilePositionOfsets": [
        6831
      ],
      "shouldPause": false
    },
    {
      "itemType": 50,
      "tilePositionOfsets": [
        7331
      ],
      "shouldPause": false
    },
    {
      "itemType": 50,
      "tilePositionOfsets": [
        7336
      ],
      "shouldPause": false
    },
    {
      "itemType": 85,
      "tilePositionOfsets": [
        5219
      ],
      "shouldPause": false
    },
    {
      "itemType": 342,
      "tilePositionOfsets": [
        3219
      ],
      "shouldPause": false
    },
    {
      "itemType": 85,
      "tilePositionOfsets": [
        6219
      ],
      "shouldPause": false
    },
    {
      "itemType": 85,
      "tilePositionOfsets": [
        5719
      ],
      "shouldPause": false
    },
    {
      "itemType": 95,
      "tilePositionOfsets": [
        7052
      ],
      "shouldPause": false
    },
    {
      "itemType": 112,
      "tilePositionOfsets": [
        5563
      ],
      "shouldPause": false
    },
    {
      "itemType": 112,
      "tilePositionOfsets": [
        3649
      ],
      "shouldPause": false
    },
    {
      "itemType": 83,
      "tilePositionOfsets": [
        6836
      ],
      "shouldPause": false
    },
    {
      "itemType": 50,
      "tilePositionOfsets": [
        7341
      ],
      "shouldPause": false
    },
    {
      "itemType": 95,
      "tilePositionOfsets": [
        3916
      ],
      "shouldPause": false
    },
    {
      "itemType": 95,
      "tilePositionOfsets": [
        6923
      ],
      "shouldPause": false
    },
    {
      "itemType": 92,
      "tilePositionOfsets": [
        7931
      ],
      "shouldPause": false
    },
    {
      "itemType": 95,
      "tilePositionOfsets": [
        5807
      ],
      "shouldPause": false
    },
    {
      "itemType": 112,
      "tilePositionOfsets": [
        4263
      ],
      "shouldPause": false
    },
    {
      "itemType": 307,
      "tilePositionOfsets": [
        5108
      ],
      "shouldPause": false
    },
    {
      "itemType": 307,
      "tilePositionOfsets": [
        3213
      ],
      "shouldPause": false
    },
    {
      "itemType": 301,
      "tilePositionOfsets": [
        4509
      ],
      "shouldPause": false
    },
    {
      "itemType": 301,
      "tilePositionOfsets": [
        2622
      ],
      "shouldPause": false
    },
    {
      "itemType": 301,
      "tilePositionOfsets": [
        6908
      ],
      "shouldPause": false
    },
    {
      "itemType": 301,
      "tilePositionOfsets": [
        8024
      ],
      "shouldPause": false
    },
    {
      "itemType": 177,
      "tilePositionOfsets": [
        7721
      ],
      "shouldPause": false
    },
    {
      "itemType": 177,
      "tilePositionOfsets": [
        7843
      ],
      "shouldPause": false
    },
    {
      "itemType": 177,
      "tilePositionOfsets": [
        7454
      ],
      "shouldPause": false
    },
    {
      "itemType": 177,
      "tilePositionOfsets": [
        7450
      ],
      "shouldPause": false
    },
    {
      "itemType": 177,
      "tilePositionOfsets": [
        6407
      ],
      "shouldPause": false
    },
    {
      "itemType": 177,
      "tilePositionOfsets": [
        4012
      ],
      "shouldPause": false
    },
    {
      "itemType": 177,
      "tilePositionOfsets": [
        3613
      ],
      "shouldPause": false
    },
    {
      "itemType": 177,
      "tilePositionOfsets": [
        2718
      ],
      "shouldPause": false
    },
    {
      "itemType": 177,
      "tilePositionOfsets": [
        2941
      ],
      "shouldPause": false
    },
    {
      "itemType": 177,
      "tilePositionOfsets": [
        2334
      ],
      "shouldPause": false
    },
    {
      "itemType": 305,
      "tilePositionOfsets": [
        2731
      ],
      "shouldPause": false
    },
    {
      "itemType": 305,
      "tilePositionOfsets": [
        3310
      ],
      "shouldPause": false
    },
    {
      "itemType": 305,
      "tilePositionOfsets": [
        3908
      ],
      "shouldPause": false
    },
    {
      "itemType": 305,
      "tilePositionOfsets": [
        4406
      ],
      "shouldPause": false
    },
    {
      "itemType": 305,
      "tilePositionOfsets": [
        6107
      ],
      "shouldPause": false
    },
    {
      "itemType": 305,
      "tilePositionOfsets": [
        7747
      ],
      "shouldPause": false
    },
    {
      "itemType": 305,
      "tilePositionOfsets": [
        7740
      ],
      "shouldPause": false
    },
    {
      "itemType": 305,
      "tilePositionOfsets": [
        7718
      ],
      "shouldPause": false
    },
    {
      "itemType": 310,
      "tilePositionOfsets": [
        7311
      ],
      "shouldPause": false
    },
    {
      "itemType": 176,
      "tilePositionOfsets": [
        7637
      ],
      "shouldPause": false
    },
    {
      "itemType": 176,
      "tilePositionOfsets": [
        6815
      ],
      "shouldPause": false
    },
    {
      "itemType": 176,
      "tilePositionOfsets": [
        6614
      ],
      "shouldPause": false
    },
    {
      "itemType": 176,
      "tilePositionOfsets": [
        6310
      ],
      "shouldPause": false
    },
    {
      "itemType": 176,
      "tilePositionOfsets": [
        6010
      ],
      "shouldPause": false
    },
    {
      "itemType": 176,
      "tilePositionOfsets": [
        4906
      ],
      "shouldPause": false
    },
    {
      "itemType": 176,
      "tilePositionOfsets": [
        4607
      ],
      "shouldPause": false
    },
    {
      "itemType": 176,
      "tilePositionOfsets": [
        3610
      ],
      "shouldPause": false
    },
    {
      "itemType": 176,
      "tilePositionOfsets": [
        3608
      ],
      "shouldPause": false
    },
    {
      "itemType": 176,
      "tilePositionOfsets": [
        2715
      ],
      "shouldPause": false
    },
    {
      "itemType": 176,
      "tilePositionOfsets": [
        2542
      ],
      "shouldPause": false
    },
    {
      "itemType": 306,
      "tilePositionOfsets": [
        3445
      ],
      "shouldPause": false
    },
    {
      "itemType": 306,
      "tilePositionOfsets": [
        3144
      ],
      "shouldPause": false
    },
    {
      "itemType": 306,
      "tilePositionOfsets": [
        2629
      ],
      "shouldPause": false
    },
    {
      "itemType": 306,
      "tilePositionOfsets": [
        2419
      ],
      "shouldPause": false
    },
    {
      "itemType": 306,
      "tilePositionOfsets": [
        3906
      ],
      "shouldPause": false
    },
    {
      "itemType": 306,
      "tilePositionOfsets": [
        4106
      ],
      "shouldPause": false
    },
    {
      "itemType": 306,
      "tilePositionOfsets": [
        7829
      ],
      "shouldPause": false
    },
    {
      "itemType": 306,
      "tilePositionOfsets": [
        7651
      ],
      "shouldPause": false
    },
    {
      "itemType": 306,
      "tilePositionOfsets": [
        8044
      ],
      "shouldPause": false
    },
    {
      "itemType": 306,
      "tilePositionOfsets": [
        7058
      ],
      "shouldPause": false
    },
    {
      "itemType": 306,
      "tilePositionOfsets": [
        6858
      ],
      "shouldPause": false
    },
    {
      "itemType": 306,
      "tilePositionOfsets": [
        6658
      ],
      "shouldPause": false
    }
  ],
  "miscItems": [
    {
      "positionOfset": 6054,
      "itemType": 7,
      "number": 0
    },
    {
      "positionOfset": 5365,
      "itemType": 7,
      "number": 1
    },
    {
      "positionOfset": 4065,
      "itemType": 7,
      "number": 2
    },
    {
      "positionOfset": 3351,
      "itemType": 7,
      "number": 3
    },
    {
      "positionOfset": 5955,
      "itemType": 7,
      "number": 4
    },
    {
      "positionOfset": 2030,
      "itemType": 7,
      "number": 5
    },
    {
      "positionOfset": 8039,
      "itemType": 7,
      "number": 6
    },
    {
      "positionOfset": 3551,
      "itemType": 7,
      "number": 7
    },
    {
      "positionOfset": 3964,
      "itemType": 7,
      "number": 8
    },
    {
      "positionOfset": 5264,
      "itemType": 7,
      "number": 9
    },
    {
      "positionOfset": 5550,
      "itemType": 15,
      "number": 0
    },
    {
      "positionOfset": 5554,
      "itemType": 15,
      "number": 1
    },
    {
      "positionOfset": 4446,
      "itemType": 15,
      "number": 2
    },
    {
      "positionOfset": 6257,
      "itemType": 19,
      "number": 0
    },
    {
      "positionOfset": 6252,
      "itemType": 19,
      "number": 1
    },
    {
      "positionOfset": 5367,
      "itemType": 19,
      "number": 2
    },
    {
      "positionOfset": 3966,
      "itemType": 19,
      "number": 3
    },
    {
      "positionOfset": 3452,
      "itemType": 19,
      "number": 4
    },
    {
      "positionOfset": 8140,
      "itemType": 19,
      "number": 5
    },
    {
      "positionOfset": 1929,
      "itemType": 19,
      "number": 6
    }
  ]
}