{
  "pauseDelayAmount": 10,
  "frames": [
    {
      "itemType": 61,
      "tilePositionOfsets": [
        5643
      ],
      "shouldPause": false
    },
    {
      "itemType": 52,
      "tilePositionOfsets": [
        4950
      ],
      "shouldPause": false
    },
    {
      "itemType": 52,
      "tilePositionOfsets": [
        4450
      ],
      "shouldPause": false
    },
    {
      "itemType": 80,
      "tilePositionOfsets": [
        4141
      ],
      "shouldPause": false
    },
    {
      "itemType": 80,
      "tilePositionOfsets": [
        4145
      ],
      "shouldPause": false
    },
    {
      "itemType": 77,
      "tilePositionOfsets": [
        4235
      ],
      "shouldPause": false
    },
    {
      "itemType": 54,
      "tilePositionOfsets": [
        1333
      ],
      "shouldPause": false
    },
    {
      "itemType": 54,
      "tilePositionOfsets": [
        1222
      ],
      "shouldPause": false
    },
    {
      "itemType": 54,
      "tilePositionOfsets": [
        1227
      ],
      "shouldPause": false
    },
    {
      "itemType": 54,
      "tilePositionOfsets": [
        2827
      ],
      "shouldPause": false
    },
    {
      "itemType": 54,
      "tilePositionOfsets": [
        4812
      ],
      "shouldPause": false
    },
    {
      "itemType": 54,
      "tilePositionOfsets": [
        3204
      ],
      "shouldPause": false
    },
    {
      "itemType": 54,
      "tilePositionOfsets": [
        1217
      ],
      "shouldPause": false
    },
    {
      "itemType": 86,
      "tilePositionOfsets": [
        3809
      ],
      "shouldPause": false
    },
    {
      "itemType": 81,
      "tilePositionOfsets": [
        5536
      ],
      "shouldPause": false
    },
    {
      "itemType": 81,
      "tilePositionOfsets": [
        5136
      ],
      "shouldPause": false
    },
    {
      "itemType": 330,
      "tilePositionOfsets": [
        4639
      ],
      "shouldPause": false
    },
    {
      "itemType": 87,
      "tilePositionOfsets": [
        2318
      ],
      "shouldPause": false
    },
    {
      "itemType": 76,
      "tilePositionOfsets": [
        4227
      ],
      "shouldPause": false
    },
    {
      "itemType": 76,
      "tilePositionOfsets": [
        3727
      ],
      "shouldPause": false
    },
    {
      "itemType": 147,
      "tilePositionOfsets": [
        5028
      ],
      "shouldPause": false
    },
    {
      "itemType": 25,
      "tilePositionOfsets": [
        5734,
        5634,
        5534,
        5434,
        5334,
        5234,
        5134
      ],
      "shouldPause": false
    },
    {
      "itemType": 25,
      "tilePositionOfsets": [
        5735,
        5736,
        5737,
        5738,
        5739,
        5740,
        5741,
        5742,
        5743,
        5744,
        5745,
        5746,
        5747,
        5748,
        5749,
        5750,
        5751,
        5752,
        5753,
        5754,
        5755
      ],
      "shouldPause": false
    },
    {
      "itemType": 25,
      "tilePositionOfsets": [
        5655,
        5555,
        5455,
        5355,
        5255,
        5155,
        5055,
        4955,
        4855,
        4755,
        4655,
        4555,
        4455,
        4355,
        4255,
        4155,
        4055,
        3955,
        3855
      ],
      "shouldPause": false
    },
    {
      "itemType": 25,
      "tilePositionOfsets": [
        3735,
        3736,
        3737,
        3738,
        3739,
        3740,
        3741,
        3742,
        3743,
        3744,
        3745,
        3746,
        3747,
        3748,
        3749,
        3750,
        3751,
        3752,
        3753,
        3754,
        3755
      ],
      "shouldPause": false
    },
    {
      "itemType": 25,
      "tilePositionOfsets": [
        4334,
        4234,
        4134,
        4034,
        3934,
        3834,
        3734
      ],
      "shouldPause": false
    },
    {
      "itemType": 25,
      "tilePositionOfsets": [
        5733,
        5633,
        5533,
        5433,
        5333,
        5233,
        5133
      ],
      "shouldPause": false
    },
    {
      "itemType": 25,
      "tilePositionOfsets": [
        5833,
        5834,
        5835,
        5836,
        5837,
        5838,
        5839,
        5840,
        5841,
        5842,
        5843,
        5844,
        5845,
        5846,
        5847,
        5848,
        5849,
        5850,
        5851,
        5852,
        5853,
        5854,
        5855
      ],
      "shouldPause": false
    },
    {
      "itemType": 25,
      "tilePositionOfsets": [
        5856,
        5756,
        5656,
        5556,
        5456,
        5356,
        5256,
        5156,
        5056,
        4956,
        4856,
        4756,
        4656,
        4556,
        4456,
        4356,
        4256,
        4156,
        4056,
        3956,
        3856,
        3756
      ],
      "shouldPause": false
    },
    {
      "itemType": 25,
      "tilePositionOfsets": [
        3634,
        3635,
        3636,
        3637,
        3638,
        3639,
        3640,
        3641,
        3642,
        3643,
        3644,
        3645,
        3646,
        3647,
        3648,
        3649,
        3650,
        3651,
        3652,
        3653,
        3654,
        3655,
        3656
      ],
      "shouldPause": false
    },
    {
      "itemType": 25,
      "tilePositionOfsets": [
        4333,
        4233,
        4133,
        4033,
        3933,
        3833,
        3733,
        3633
      ],
      "shouldPause": false
    },
    {
      "itemType": 25,
      "tilePositionOfsets": [
        5832,
        5732,
        5632,
        5532,
        5432,
        5332,
        5232,
        5132
      ],
      "shouldPause": false
    },
    {
      "itemType": 25,
      "tilePositionOfsets": [
        5857,
        5757,
        5657,
        5557,
        5457,
        5357,
        5257,
        5157,
        5057,
        4957,
        4857,
        4757,
        4657,
        4557,
        4457,
        4357,
        4257,
        4157,
        4057,
        3957,
        3857,
        3757,
        3657
      ],
      "shouldPause": false
    },
    {
      "itemType": 25,
      "tilePositionOfsets": [
        3533,
        3534,
        3535,
        3536,
        3537,
        3538,
        3539,
        3540,
        3541,
        3542,
        3543,
        3544,
        3545,
        3546,
        3547,
        3548,
        3549,
        3550,
        3551,
        3552,
        3553,
        3554,
        3555,
        3556,
        3557
      ],
      "shouldPause": false
    },
    {
      "itemType": 25,
      "tilePositionOfsets": [
        4332,
        4232,
        4132,
        4032,
        3932,
        3832,
        3732,
        3632,
        3532
      ],
      "shouldPause": false
    },
    {
      "itemType": 26,
      "tilePositionOfsets": [
        5831,
        5731,
        5631,
        5531,
        5431,
        5331,
        5231,
        5131
      ],
      "shouldPause": false
    },
    {
      "itemType": 26,
      "tilePositionOfsets": [
        5931,
        5932
      ],
      "shouldPause": false
    },
    {
      "itemType": 26,
      "tilePositionOfsets": [
        5938,
        5939,
        5940,
        5941,
        5942,
        5943,
        5944,
        5945,
        5946,
        5947,
        5948,
        5949,
        5950,
        5951,
        5952
      ],
      "shouldPause": false
    },
    {
      "itemType": 26,
      "tilePositionOfsets": [
        5958,
        5858,
        5758,
        5658,
        5558,
        5458,
        5358,
        5258,
        5158
      ],
      "shouldPause": false
    },
    {
      "itemType": 26,
      "tilePositionOfsets": [
        4558,
        4458,
        4358,
        4258,
        4158,
        4058,
        3958,
        3858,
        3758,
        3658,
        3558
      ],
      "shouldPause": false
    },
    {
      "itemType": 26,
      "tilePositionOfsets": [
        3456,
        3457,
        3458
      ],
      "shouldPause": false
    },
    {
      "itemType": 26,
      "tilePositionOfsets": [
        3432,
        3433,
        3434,
        3435,
        3436,
        3437,
        3438,
        3439,
        3440,
        3441,
        3442,
        3443,
        3444,
        3445,
        3446,
        3447,
        3448,
        3449,
        3450
      ],
      "shouldPause": false
    },
    {
      "itemType": 26,
      "tilePositionOfsets": [
        4331,
        4231,
        4131,
        4031,
        3931,
        3831,
        3731,
        3631,
        3531,
        3431
      ],
      "shouldPause": false
    },
    {
      "itemType": 112,
      "tilePositionOfsets": [
        5058
      ],
      "shouldPause": false
    },
    {
      "itemType": 112,
      "tilePositionOfsets": [
        6333
      ],
      "shouldPause": false
    },
    {
      "itemType": 96,
      "tilePositionOfsets": [
        2329
      ],
      "shouldPause": false
    },
    {
      "itemType": 76,
      "tilePositionOfsets": [
        3337
      ],
      "shouldPause": false
    },
    {
      "itemType": 76,
      "tilePositionOfsets": [
        3332
      ],
      "shouldPause": false
    },
    {
      "itemType": 85,
      "tilePositionOfsets": [
        4322
      ],
      "shouldPause": false
    },
    {
      "itemType": 85,
      "tilePositionOfsets": [
        4822
      ],
      "shouldPause": false
    },
    {
      "itemType": 92,
      "tilePositionOfsets": [
        3121
      ],
      "shouldPause": false
    },
    {
      "itemType": 88,
      "tilePositionOfsets": [
        2712
      ],
      "shouldPause": false
    },
    {
      "itemType": 95,
      "tilePositionOfsets": [
        1410
      ],
      "shouldPause": false
    },
    {
      "itemType": 342,
      "tilePositionOfsets": [
        1505
      ],
      "shouldPause": false
    },
    {
      "itemType": 46,
      "tilePositionOfsets": [
        3343,
        3243,
        3143,
        3043,
        2943,
        2843,
        2743,
        2643,
        2543,
        2443,
        2343,
        2243,
        2143,
        2043
      ],
      "shouldPause": false
    },
    {
      "itemType": 145,
      "tilePositionOfsets": [
        1940
      ],
      "shouldPause": false
    },
    {
      "itemType": 46,
      "tilePositionOfsets": [
        1441,
        1340,
        1240,
        1139,
        1039,
        938,
        837,
        736
      ],
      "shouldPause": false
    },
    {
      "itemType": 111,
      "tilePositionOfsets": [
        732
      ],
      "shouldPause": false
    },
    {
      "itemType": 46,
      "tilePositionOfsets": [
        413,
        414,
        415,
        416,
        417,
        418,
        419,
        420,
        421,
        422,
        423,
        424,
        425,
        426,
        427,
        428,
        429,
        430,
        431
      ],
      "shouldPause": false
    },
    {
      "itemType": 46,
      "tilePositionOfsets": [
        1004,
        905,
        806,
        707,
        708,
        609,
        610,
        511,
        512
      ],
      "shouldPause": false
    },
    {
      "itemType": 46,
      "tilePositionOfsets": [
        4401,
        4301,
        4201,
        4101,
        4001,
        3901,
        3801,
        3701,
        3601,
        3501,
        3401,
        3301,
        3201,
        3101,
        3001,
        2901,
        2801,
        2701,
        2601,
        2501,
        2401,
        2301,
        2201,
        2101,
        2001,
        1901,
        1801,
        1701,
        1601,
        1501,
        1402,
        1302,
        1203,
        1103
      ],
      "shouldPause": false
    },
    {
      "itemType": 46,
      "tilePositionOfsets": [
        5207,
        5106,
        5005,
        4904,
        4803,
        4703,
        4602,
        4502
      ],
      "shouldPause": false
    },
    {
      "itemType": 111,
      "tilePositionOfsets": [
        5508
      ],
      "shouldPause": false
    },
    {
      "itemType": 46,
      "tilePositionOfsets": [
        5614,
        5615,
        5616,
        5617,
        5618,
        5619,
        5620,
        5621,
        5512,
        5513
      ],
      "shouldPause": false
    },
    {
      "itemType": 46,
      "tilePositionOfsets": [
        5622,
        5623,
        5524,
        5525,
        5426,
        5427,
        5328,
        5329,
        5230
      ],
      "shouldPause": false
    },
    {
      "itemType": 50,
      "tilePositionOfsets": [
        4317
      ],
      "shouldPause": false
    },
    {
      "itemType": 92,
      "tilePositionOfsets": [
        4411
      ],
      "shouldPause": false
    },
    {
      "itemType": 85,
      "tilePositionOfsets": [
        2832
      ],
      "shouldPause": false
    },
    {
      "itemType": 85,
      "tilePositionOfsets": [
        5322
      ],
      "shouldPause": false
    },
    {
      "itemType": 95,
      "tilePositionOfsets": [
        2205
      ],
      "shouldPause": false
    },
    {
      "itemType": 342,
      "tilePositionOfsets": [
        3227
      ],
      "shouldPause": false
    },
    {
      "itemType": 83,
      "tilePositionOfsets": [
        4817
      ],
      "shouldPause": false
    },
    {
      "itemType": 112,
      "tilePositionOfsets": [
        6353
      ],
      "shouldPause": false
    },
    {
      "itemType": 112,
      "tilePositionOfsets": [
        3451
      ],
      "shouldPause": false
    },
    {
      "itemType": 95,
      "tilePositionOfsets": [
        3820
      ],
      "shouldPause": false
    },
    {
      "itemType": 85,
      "tilePositionOfsets": [
        2837
      ],
      "shouldPause": false
    },
    {
      "itemType": 92,
      "tilePositionOfsets": [
        2706
      ],
      "shouldPause": false
    },
    {
      "itemType": 95,
      "tilePositionOfsets": [
        4504
      ],
      "shouldPause": false
    },
    {
      "itemType": 85,
      "tilePositionOfsets": [
        5317
      ],
      "shouldPause": false
    },
    {
      "itemType": 83,
      "tilePositionOfsets": [
        5007
      ],
      "shouldPause": false
    },
    {
      "itemType": 95,
      "tilePositionOfsets": [
        3802
      ],
      "shouldPause": false
    },
    {
      "itemType": 305,
      "tilePositionOfsets": [
        2240
      ],
      "shouldPause": false
    },
    {
      "itemType": 305,
      "tilePositionOfsets": [
        727
      ],
      "shouldPause": false
    },
    {
      "itemType": 305,
      "tilePositionOfsets": [
        724
      ],
      "shouldPause": false
    },
    {
      "itemType": 305,
      "tilePositionOfsets": [
        713
      ],
      "shouldPause": false
    },
    {
      "itemType": 305,
      "tilePositionOfsets": [
        2402
      ],
      "shouldPause": false
    },
    {
      "itemType": 305,
      "tilePositionOfsets": [
        5412
      ],
      "shouldPause": false
    },
    {
      "itemType": 305,
      "tilePositionOfsets": [
        5113
      ],
      "shouldPause": false
    },
    {
      "itemType": 305,
      "tilePositionOfsets": [
        2702
      ],
      "shouldPause": false
    },
    {
      "itemType": 305,
      "tilePositionOfsets": [
        2002
      ],
      "shouldPause": false
    },
    {
      "itemType": 305,
      "tilePositionOfsets": [
        721
      ],
      "shouldPause": false
    },
    {
      "itemType": 308,
      "tilePositionOfsets": [
        718
      ],
      "shouldPause": false
    },
    {
      "itemType": 176,
      "tilePositionOfsets": [
        2441
      ],
      "shouldPause": false
    },
    {
      "itemType": 176,
      "tilePositionOfsets": [
        2741
      ],
      "shouldPause": false
    },
    {
      "itemType": 176,
      "tilePositionOfsets": [
        2941
      ],
      "shouldPause": false
    },
    {
      "itemType": 176,
      "tilePositionOfsets": [
        616
      ],
      "shouldPause": false
    },
    {
      "itemType": 176,
      "tilePositionOfsets": [
        1702
      ],
      "shouldPause": false
    },
    {
      "itemType": 176,
      "tilePositionOfsets": [
        2902
      ],
      "shouldPause": false
    },
    {
      "itemType": 176,
      "tilePositionOfsets": [
        4102
      ],
      "shouldPause": false
    },
    {
      "itemType": 176,
      "tilePositionOfsets": [
        5515
      ],
      "shouldPause": false
    },
    {
      "itemType": 176,
      "tilePositionOfsets": [
        5517
      ],
      "shouldPause": false
    },
    {
      "itemType": 306,
      "tilePositionOfsets": [
        5519
      ],
      "shouldPause": false
    },
    {
      "itemType": 306,
      "tilePositionOfsets": [
        5521
      ],
      "shouldPause": false
    },
    {
      "itemType": 306,
      "tilePositionOfsets": [
        4302
      ],
      "shouldPause": false
    },
    {
      "itemType": 306,
      "tilePositionOfsets": [
        3102
      ],
      "shouldPause": false
    },
    {
      "itemType": 306,
      "tilePositionOfsets": [
        630
      ],
      "shouldPause": false
    },
    {
      "itemType": 306,
      "tilePositionOfsets": [
        3141
      ],
      "shouldPause": false
    },
    {
      "itemType": 306,
      "tilePositionOfsets": [
        3341
      ],
      "shouldPause": false
    },
    {
      "itemType": 306,
      "tilePositionOfsets": [
        2518
      ],
      "shouldPause": false
    },
    {
      "itemType": 306,
      "tilePositionOfsets": [
        2520
      ],
      "shouldPause": false
    },
    {
      "itemType": 306,
      "tilePositionOfsets": [
        2522
      ],
      "shouldPause": false
    },
    {
      "itemType": 176,
      "tilePositionOfsets": [
        2818
      ],
      "shouldPause": false
    },
    {
      "itemType": 176,
      "tilePositionOfsets": [
        1712
      ],
      "shouldPause": false
    },
    {
      "itemType": 176,
      "tilePositionOfsets": [
        1714
      ],
      "shouldPause": false
    },
    {
      "itemType": 176,
      "tilePositionOfsets": [
        5653
      ],
      "shouldPause": false
    },
    {
      "itemType": 176,
      "tilePositionOfsets": [
        5651
      ],
      "shouldPause": false
    },
    {
      "itemType": 176,
      "tilePositionOfsets": [
        5641
      ],
      "shouldPause": false
    },
    {
      "itemType": 306,
      "tilePositionOfsets": [
        5441
      ],
      "shouldPause": false
    },
    {
      "itemType": 306,
      "tilePositionOfsets": [
        5241
      ],
      "shouldPause": false
    },
    {
      "itemType": 99,
      "tilePositionOfsets": [
        5263,
        5163,
        5164,
        5063,
        5064,
        5065,
        5066,
        4963,
        4964,
        4965,
        4966,
        4863,
        4864,
        4865,
        4866,
        4763,
        4764,
        4765,
        4766,
        4767,
        4663,
        4664,
        4665,
        4559,
        4560,
        4561,
        4562,
        4563,
        4564,
        4565,
        4459,
        4460,
        4461,
        4462,
        4463,
        4464,
        4465,
        4466,
        4359,
        4360,
        4361,
        4362,
        4363,
        4364,
        4365,
        4366,
        4259,
        4260,
        4261,
        4262,
        4263,
        4264,
        4265,
        4266,
        4159,
        4160,
        4161,
        4162,
        4163,
        4164,
        4059,
        4060,
        4061,
        4062,
        4063,
        4064,
        3959,
        3960,
        3961,
        3962,
        3963,
        3964,
        3859,
        3860,
        3861,
        3862,
        3863,
        3864,
        3759,
        3760,
        3761,
        3762,
        3763,
        3764,
        3659,
        3660,
        3661,
        3662,
        3663,
        3664,
        3559,
        3560,
        3561,
        3562,
        3563,
        3564,
        3459,
        3460,
        3461,
        3462,
        3463,
        3344,
        3345,
        3346,
        3347,
        3348,
        3349,
        3350,
        3356,
        3357,
        3358,
        3359,
        3360,
        3361,
        3362,
        3244,
        3245,
        3246,
        3247,
        3248,
        3249,
        3250,
        3256,
        3257,
        3258,
        3259,
        3260,
        3261,
        3262,
        3263,
        3264,
        3144,
        3145,
        3146,
        3147,
        3148,
        3149,
        3150,
        3156,
        3157,
        3158,
        3159,
        3160,
        3161,
        3044,
        3045,
        3046,
        3047,
        3048,
        3049,
        3050,
        3056,
        3057,
        3058,
        3059,
        3060,
        3061,
        3062,
        2944,
        2945,
        2946,
        2947,
        2948,
        2949,
        2950,
        2951,
        2952,
        2953,
        2954,
        2955,
        2956,
        2957,
        2958,
        2959,
        2960,
        2961,
        2847,
        2848,
        2849,
        2850,
        2852,
        2853,
        2854,
        2855,
        2859,
        2860,
        2861
      ],
      "shouldPause": false
    },
    {
      "itemType": 99,
      "tilePositionOfsets": [
        5161
      ],
      "shouldPause": false
    },
    {
      "itemType": 99,
      "tilePositionOfsets": [
        6753,
        6758,
        6759,
        6760,
        6630,
        6633,
        6634,
        6635,
        6636,
        6637,
        6644,
        6645,
        6646,
        6650,
        6651,
        6652,
        6653,
        6654,
        6655,
        6656,
        6657,
        6658,
        6659,
        6660,
        6661,
        6529,
        6530,
        6531,
        6532,
        6533,
        6534,
        6535,
        6536,
        6537,
        6538,
        6539,
        6540,
        6543,
        6544,
        6545,
        6546,
        6547,
        6548,
        6549,
        6550,
        6551,
        6552,
        6553,
        6554,
        6555,
        6556,
        6557,
        6558,
        6559,
        6560,
        6561,
        6562,
        6563,
        6427,
        6428,
        6429,
        6430,
        6431,
        6432,
        6433,
        6434,
        6435,
        6436,
        6437,
        6438,
        6439,
        6440,
        6441,
        6442,
        6443,
        6444,
        6445,
        6446,
        6447,
        6448,
        6449,
        6450,
        6451,
        6452,
        6453,
        6454,
        6455,
        6456,
        6457,
        6458,
        6459,
        6460,
        6461,
        6462,
        6463,
        6327,
        6328,
        6329,
        6330,
        6331,
        6332,
        6338,
        6339,
        6340,
        6341,
        6342,
        6343,
        6344,
        6345,
        6346,
        6347,
        6348,
        6349,
        6350,
        6351,
        6352,
        6358,
        6359,
        6360,
        6361,
        6362,
        6363,
        6364,
        6365,
        6227,
        6228,
        6229,
        6230,
        6231,
        6232,
        6238,
        6239,
        6240,
        6241,
        6242,
        6243,
        6244,
        6245,
        6246,
        6247,
        6248,
        6249,
        6250,
        6251,
        6252,
        6258,
        6259,
        6260,
        6261,
        6262,
        6263,
        6264,
        6127,
        6128,
        6129,
        6130,
        6131,
        6132,
        6138,
        6139,
        6140,
        6141,
        6142,
        6143,
        6144,
        6145,
        6146,
        6147,
        6148,
        6149,
        6150,
        6151,
        6152,
        6158,
        6159,
        6160,
        6161,
        6162,
        6163,
        6164,
        6165,
        6027,
        6028,
        6029,
        6030,
        6031,
        6032,
        6038,
        6039,
        6040,
        6041,
        6042,
        6043,
        6044,
        6045,
        6046,
        6047,
        6048,
        6049,
        6050,
        6051,
        6052,
        6058,
        6059,
        6060,
        6061,
        6062,
        6063,
        6064,
        5925,
        5926,
        5927,
        5928,
        5929,
        5930,
        5959,
        5960,
        5961,
        5962,
        5963,
        5964,
        5825,
        5826,
        5827,
        5828,
        5829,
        5830,
        5859,
        5860,
        5861,
        5862,
        5863,
        5864,
        5725,
        5726,
        5727,
        5728,
        5729,
        5730,
        5759,
        5760,
        5761,
        5762,
        5763,
        5764,
        5765,
        5625,
        5626,
        5627,
        5628,
        5629,
        5630,
        5659,
        5660,
        5661,
        5662,
        5663,
        5664,
        5665,
        5526,
        5527,
        5528,
        5529,
        5530,
        5559,
        5560,
        5561,
        5562,
        5563,
        5564,
        5565,
        5428,
        5429,
        5430,
        5459,
        5460,
        5461,
        5462,
        5463,
        5464,
        5465,
        5330,
        5359,
        5360,
        5361,
        5362,
        5363,
        5364,
        5259,
        5260,
        5261,
        5262,
        5264,
        5159,
        5160,
        5162
      ],
      "shouldPause": false
    }
  ],
  "miscItems": [
    {
      "positionOfset": 6135,
      "itemType": 7,
      "number": 0
    },
    {
      "positionOfset": 6155,
      "itemType": 7,
      "number": 1
    },
    {
      "positionOfset": 4860,
      "itemType": 7,
      "number": 2
    },
    {
      "positionOfset": 3253,
      "itemType": 7,
      "number": 3
    },
    {
      "positionOfset": 4830,
      "itemType": 7,
      "number": 4
    },
    {
      "positionOfset": 4632,
      "itemType": 7,
      "number": 5
    },
    {
      "positionOfset": 5409,
      "itemType": 7,
      "number": 6
    },
    {
      "positionOfset": 533,
      "itemType": 7,
      "number": 7
    },
    {
      "positionOfset": 1742,
      "itemType": 7,
      "number": 8
    },
    {
      "positionOfset": 5637,
      "itemType": 15,
      "number": 0
    },
    {
      "positionOfset": 4437,
      "itemType": 15,
      "number": 1
    },
    {
      "positionOfset": 3953,
      "itemType": 15,
      "number": 2
    },
    {
      "positionOfset": 6036,
      "itemType": 19,
      "number": 0
    },
    {
      "positionOfset": 6056,
      "itemType": 19,
      "number": 1
    },
    {
      "positionOfset": 4961,
      "itemType": 19,
      "number": 2
    },
    {
      "positionOfset": 3254,
      "itemType": 19,
      "number": 3
    }
  ]
}