{
  "pauseDelayAmount": 30,
  "frames": [
    {
      "itemType": 61,
      "tilePositionOfsets": [
        5643
      ],
      "shouldPause": false
    },
    {
      "itemType": 52,
      "tilePositionOfsets": [
        5455
      ],
      "shouldPause": false
    },
    {
      "itemType": 52,
      "tilePositionOfsets": [
        4955
      ],
      "shouldPause": false
    },
    {
      "itemType": 80,
      "tilePositionOfsets": [
        4850
      ],
      "shouldPause": false
    },
    {
      "itemType": 80,
      "tilePositionOfsets": [
        4450
      ],
      "shouldPause": false
    },
    {
      "itemType": 54,
      "tilePositionOfsets": [
        6764
      ],
      "shouldPause": false
    },
    {
      "itemType": 54,
      "tilePositionOfsets": [
        7266
      ],
      "shouldPause": false
    },
    {
      "itemType": 54,
      "tilePositionOfsets": [
        7666
      ],
      "shouldPause": false
    },
    {
      "itemType": 54,
      "tilePositionOfsets": [
        9256
      ],
      "shouldPause": false
    },
    {
      "itemType": 54,
      "tilePositionOfsets": [
        9261
      ],
      "shouldPause": false
    },
    {
      "itemType": 54,
      "tilePositionOfsets": [
        8551
      ],
      "shouldPause": false
    },
    {
      "itemType": 54,
      "tilePositionOfsets": [
        9051
      ],
      "shouldPause": false
    },
    {
      "itemType": 54,
      "tilePositionOfsets": [
        9246
      ],
      "shouldPause": false
    },
    {
      "itemType": 54,
      "tilePositionOfsets": [
        7829
      ],
      "shouldPause": false
    },
    {
      "itemType": 54,
      "tilePositionOfsets": [
        8329
      ],
      "shouldPause": false
    },
    {
      "itemType": 54,
      "tilePositionOfsets": [
        8735
      ],
      "shouldPause": false
    },
    {
      "itemType": 54,
      "tilePositionOfsets": [
        8830
      ],
      "shouldPause": false
    },
    {
      "itemType": 77,
      "tilePositionOfsets": [
        6143
      ],
      "shouldPause": false
    },
    {
      "itemType": 330,
      "tilePositionOfsets": [
        4356
      ],
      "shouldPause": false
    },
    {
      "itemType": 81,
      "tilePositionOfsets": [
        5951
      ],
      "shouldPause": false
    },
    {
      "itemType": 81,
      "tilePositionOfsets": [
        5955
      ],
      "shouldPause": false
    },
    {
      "itemType": 87,
      "tilePositionOfsets": [
        8756
      ],
      "shouldPause": false
    },
    {
      "itemType": 86,
      "tilePositionOfsets": [
        8740
      ],
      "shouldPause": false
    },
    {
      "itemType": 146,
      "tilePositionOfsets": [
        6751
      ],
      "shouldPause": false
    },
    {
      "itemType": 25,
      "tilePositionOfsets": [
        6258,
        6259,
        6260
      ],
      "shouldPause": false
    },
    {
      "itemType": 25,
      "tilePositionOfsets": [
        6160,
        6060,
        5960,
        5860,
        5760,
        5660,
        5560,
        5460,
        5360,
        5260,
        5160,
        5060,
        4960,
        4860,
        4760,
        4660,
        4560,
        4460,
        4360,
        4260,
        4160,
        4060
      ],
      "shouldPause": false
    },
    {
      "itemType": 25,
      "tilePositionOfsets": [
        4043,
        4044,
        4045,
        4046,
        4047,
        4048,
        4049,
        4050,
        4051,
        4052,
        4053,
        4054,
        4055,
        4056,
        4057,
        4058,
        4059
      ],
      "shouldPause": false
    },
    {
      "itemType": 25,
      "tilePositionOfsets": [
        6142,
        6042,
        5942,
        5842,
        5742,
        5642,
        5542,
        5442,
        5342,
        5242,
        5142,
        5042,
        4942,
        4842,
        4742,
        4642,
        4542,
        4442,
        4342,
        4242,
        4142,
        4042
      ],
      "shouldPause": false
    },
    {
      "itemType": 25,
      "tilePositionOfsets": [
        6242,
        6243,
        6244,
        6245,
        6246,
        6247,
        6248,
        6249,
        6250
      ],
      "shouldPause": false
    },
    {
      "itemType": 96,
      "tilePositionOfsets": [
        8519
      ],
      "shouldPause": false
    },
    {
      "itemType": 88,
      "tilePositionOfsets": [
        7635
      ],
      "shouldPause": false
    },
    {
      "itemType": 76,
      "tilePositionOfsets": [
        6759
      ],
      "shouldPause": false
    },
    {
      "itemType": 76,
      "tilePositionOfsets": [
        6746
      ],
      "shouldPause": false
    },
    {
      "itemType": 76,
      "tilePositionOfsets": [
        6535
      ],
      "shouldPause": false
    },
    {
      "itemType": 85,
      "tilePositionOfsets": [
        7246
      ],
      "shouldPause": false
    },
    {
      "itemType": 85,
      "tilePositionOfsets": [
        7241
      ],
      "shouldPause": false
    },
    {
      "itemType": 50,
      "tilePositionOfsets": [
        7256
      ],
      "shouldPause": false
    },
    {
      "itemType": 95,
      "tilePositionOfsets": [
        7671
      ],
      "shouldPause": false
    },
    {
      "itemType": 25,
      "tilePositionOfsets": [
        6261,
        6161,
        6061,
        5961,
        5861,
        5761,
        5661,
        5561,
        5461,
        5361,
        5261,
        5161,
        5061,
        4961,
        4861,
        4761,
        4661,
        4561,
        4461,
        4361,
        4261,
        4161,
        4061
      ],
      "shouldPause": false
    },
    {
      "itemType": 25,
      "tilePositionOfsets": [
        3942,
        3943,
        3944,
        3945,
        3946,
        3947,
        3948,
        3949,
        3950,
        3951,
        3952,
        3953,
        3954,
        3955,
        3956,
        3957,
        3958,
        3959,
        3960,
        3961
      ],
      "shouldPause": false
    },
    {
      "itemType": 25,
      "tilePositionOfsets": [
        6241,
        6141,
        6041,
        5941,
        5841,
        5741,
        5641,
        5541,
        5441,
        5341,
        5241,
        5141,
        5041,
        4941,
        4841,
        4741,
        4641,
        4541,
        4441,
        4341,
        4241,
        4141,
        4041,
        3941
      ],
      "shouldPause": false
    },
    {
      "itemType": 25,
      "tilePositionOfsets": [
        6262,
        6162,
        6062,
        5962,
        5862,
        5762,
        5662,
        5562,
        5462,
        5362,
        5262,
        5162,
        5062,
        4962,
        4862,
        4762,
        4662,
        4562,
        4462,
        4362,
        4262,
        4162,
        4062,
        3962
      ],
      "shouldPause": false
    },
    {
      "itemType": 25,
      "tilePositionOfsets": [
        3841,
        3842,
        3843,
        3844,
        3845,
        3846,
        3847,
        3848,
        3849,
        3850,
        3851,
        3852,
        3853,
        3854,
        3855,
        3856,
        3857,
        3858,
        3859,
        3860,
        3861,
        3862
      ],
      "shouldPause": false
    },
    {
      "itemType": 25,
      "tilePositionOfsets": [
        6240,
        6140,
        6040,
        5940,
        5840,
        5740,
        5640,
        5540,
        5440,
        5340,
        5240,
        5140,
        5040,
        4940,
        4840,
        4740,
        4640,
        4540,
        4440,
        4340,
        4240,
        4140,
        4040,
        3940,
        3840
      ],
      "shouldPause": false
    },
    {
      "itemType": 26,
      "tilePositionOfsets": [
        6358,
        6359,
        6360,
        6361,
        6362
      ],
      "shouldPause": false
    },
    {
      "itemType": 26,
      "tilePositionOfsets": [
        6363,
        6263,
        6163,
        6063,
        5963,
        5863,
        5763
      ],
      "shouldPause": false
    },
    {
      "itemType": 26,
      "tilePositionOfsets": [
        5163,
        5063,
        4963,
        4863,
        4763,
        4663,
        4563
      ],
      "shouldPause": false
    },
    {
      "itemType": 26,
      "tilePositionOfsets": [
        3963,
        3863
      ],
      "shouldPause": false
    },
    {
      "itemType": 26,
      "tilePositionOfsets": [
        3754,
        3755,
        3756,
        3757,
        3758,
        3759,
        3760,
        3761,
        3762,
        3763
      ],
      "shouldPause": false
    },
    {
      "itemType": 26,
      "tilePositionOfsets": [
        3739,
        3740,
        3741,
        3742,
        3743,
        3744,
        3745,
        3746,
        3747,
        3748
      ],
      "shouldPause": false
    },
    {
      "itemType": 26,
      "tilePositionOfsets": [
        3939,
        3839
      ],
      "shouldPause": false
    },
    {
      "itemType": 26,
      "tilePositionOfsets": [
        5239,
        5139,
        5039,
        4939,
        4839,
        4739,
        4639,
        4539
      ],
      "shouldPause": false
    },
    {
      "itemType": 26,
      "tilePositionOfsets": [
        6239,
        6139,
        6039,
        5939,
        5839
      ],
      "shouldPause": false
    },
    {
      "itemType": 26,
      "tilePositionOfsets": [
        6339,
        6340,
        6341,
        6342,
        6343,
        6344,
        6345,
        6346,
        6347,
        6348,
        6349,
        6350
      ],
      "shouldPause": false
    },
    {
      "itemType": 76,
      "tilePositionOfsets": [
        6741
      ],
      "shouldPause": false
    },
    {
      "itemType": 92,
      "tilePositionOfsets": [
        7329
      ],
      "shouldPause": false
    },
    {
      "itemType": 92,
      "tilePositionOfsets": [
        8268
      ],
      "shouldPause": false
    },
    {
      "itemType": 342,
      "tilePositionOfsets": [
        8767
      ],
      "shouldPause": false
    },
    {
      "itemType": 85,
      "tilePositionOfsets": [
        7251
      ],
      "shouldPause": false
    },
    {
      "itemType": 83,
      "tilePositionOfsets": [
        7651
      ],
      "shouldPause": false
    },
    {
      "itemType": 50,
      "tilePositionOfsets": [
        7656
      ],
      "shouldPause": false
    },
    {
      "itemType": 85,
      "tilePositionOfsets": [
        7646
      ],
      "shouldPause": false
    },
    {
      "itemType": 112,
      "tilePositionOfsets": [
        5663
      ],
      "shouldPause": false
    },
    {
      "itemType": 112,
      "tilePositionOfsets": [
        5735
      ],
      "shouldPause": false
    },
    {
      "itemType": 95,
      "tilePositionOfsets": [
        7522
      ],
      "shouldPause": false
    },
    {
      "itemType": 50,
      "tilePositionOfsets": [
        7261
      ],
      "shouldPause": false
    },
    {
      "itemType": 83,
      "tilePositionOfsets": [
        7661
      ],
      "shouldPause": false
    },
    {
      "itemType": 85,
      "tilePositionOfsets": [
        7641
      ],
      "shouldPause": false
    },
    {
      "itemType": 83,
      "tilePositionOfsets": [
        8051
      ],
      "shouldPause": false
    },
    {
      "itemType": 92,
      "tilePositionOfsets": [
        8234
      ],
      "shouldPause": false
    },
    {
      "itemType": 112,
      "tilePositionOfsets": [
        4463
      ],
      "shouldPause": false
    },
    {
      "itemType": 112,
      "tilePositionOfsets": [
        4435
      ],
      "shouldPause": false
    },
    {
      "itemType": 112,
      "tilePositionOfsets": [
        3749
      ],
      "shouldPause": false
    },
    {
      "itemType": 145,
      "tilePositionOfsets": [
        8275
      ],
      "shouldPause": false
    },
    {
      "itemType": 145,
      "tilePositionOfsets": [
        8113
      ],
      "shouldPause": false
    },
    {
      "itemType": 46,
      "tilePositionOfsets": [
        7778,
        7678,
        7578,
        7478,
        7378,
        7278
      ],
      "shouldPause": false
    },
    {
      "itemType": 46,
      "tilePositionOfsets": [
        7178,
        7078,
        6977,
        6877,
        6776,
        6676,
        6575,
        6474,
        6373
      ],
      "shouldPause": false
    },
    {
      "itemType": 46,
      "tilePositionOfsets": [
        6271,
        6272,
        6169,
        6170,
        6064,
        6065,
        6066,
        6067,
        6068
      ],
      "shouldPause": false
    },
    {
      "itemType": 46,
      "tilePositionOfsets": [
        7614,
        7514,
        7415,
        7315,
        7216,
        7116,
        7017,
        6917,
        6818,
        6719,
        6620
      ],
      "shouldPause": false
    },
    {
      "itemType": 95,
      "tilePositionOfsets": [
        9750
      ],
      "shouldPause": false
    },
    {
      "itemType": 46,
      "tilePositionOfsets": [
        6521,
        6522,
        6423,
        6424,
        6325,
        6326,
        6227,
        6228,
        6129,
        6130,
        6031,
        6032,
        5933,
        5934,
        5935,
        5936,
        5937,
        5938
      ],
      "shouldPause": false
    },
    {
      "itemType": 46,
      "tilePositionOfsets": [
        9273,
        9174,
        9075,
        8975,
        8876,
        8776,
        8677,
        8577,
        8478,
        8378
      ],
      "shouldPause": false
    },
    {
      "itemType": 46,
      "tilePositionOfsets": [
        9848,
        9849,
        9850,
        9851,
        9852,
        9853,
        9854,
        9855,
        9856,
        9857,
        9858,
        9859,
        9860,
        9861,
        9862,
        9763,
        9764,
        9665,
        9666,
        9567,
        9568,
        9469,
        9470,
        9371,
        9372
      ],
      "shouldPause": false
    },
    {
      "itemType": 46,
      "tilePositionOfsets": [
        9221,
        9120,
        9019,
        8918,
        8817,
        8716,
        8616,
        8515,
        8415,
        8314,
        8214
      ],
      "shouldPause": false
    },
    {
      "itemType": 46,
      "tilePositionOfsets": [
        9832,
        9833,
        9834,
        9835,
        9836,
        9837,
        9838,
        9839,
        9840,
        9841,
        9842,
        9843,
        9844,
        9845,
        9846,
        9730,
        9731,
        9628,
        9629,
        9526,
        9527,
        9424,
        9425,
        9322,
        9323
      ],
      "shouldPause": false
    },
    {
      "itemType": 46,
      "tilePositionOfsets": [
        9847
      ],
      "shouldPause": false
    },
    {
      "itemType": 307,
      "tilePositionOfsets": [
        9122
      ],
      "shouldPause": false
    },
    {
      "itemType": 95,
      "tilePositionOfsets": [
        9439
      ],
      "shouldPause": false
    },
    {
      "itemType": 95,
      "tilePositionOfsets": [
        9532
      ],
      "shouldPause": false
    },
    {
      "itemType": 177,
      "tilePositionOfsets": [
        9228
      ],
      "shouldPause": false
    },
    {
      "itemType": 177,
      "tilePositionOfsets": [
        9758
      ],
      "shouldPause": false
    },
    {
      "itemType": 177,
      "tilePositionOfsets": [
        6726
      ],
      "shouldPause": false
    },
    {
      "itemType": 177,
      "tilePositionOfsets": [
        9266
      ],
      "shouldPause": false
    },
    {
      "itemType": 177,
      "tilePositionOfsets": [
        8673
      ],
      "shouldPause": false
    },
    {
      "itemType": 177,
      "tilePositionOfsets": [
        6973
      ],
      "shouldPause": false
    },
    {
      "itemType": 177,
      "tilePositionOfsets": [
        6569
      ],
      "shouldPause": false
    },
    {
      "itemType": 310,
      "tilePositionOfsets": [
        9647
      ],
      "shouldPause": false
    },
    {
      "itemType": 310,
      "tilePositionOfsets": [
        6431
      ],
      "shouldPause": false
    },
    {
      "itemType": 310,
      "tilePositionOfsets": [
        6730
      ],
      "shouldPause": false
    },
    {
      "itemType": 310,
      "tilePositionOfsets": [
        6822
      ],
      "shouldPause": false
    },
    {
      "itemType": 310,
      "tilePositionOfsets": [
        7418
      ],
      "shouldPause": false
    },
    {
      "itemType": 306,
      "tilePositionOfsets": [
        8819
      ],
      "shouldPause": false
    },
    {
      "itemType": 306,
      "tilePositionOfsets": [
        7617
      ],
      "shouldPause": false
    },
    {
      "itemType": 306,
      "tilePositionOfsets": [
        7020
      ],
      "shouldPause": false
    },
    {
      "itemType": 310,
      "tilePositionOfsets": [
        6364
      ],
      "shouldPause": false
    },
    {
      "itemType": 310,
      "tilePositionOfsets": [
        6870
      ],
      "shouldPause": false
    },
    {
      "itemType": 310,
      "tilePositionOfsets": [
        8971
      ],
      "shouldPause": false
    },
    {
      "itemType": 176,
      "tilePositionOfsets": [
        9170
      ],
      "shouldPause": false
    },
    {
      "itemType": 176,
      "tilePositionOfsets": [
        8968
      ],
      "shouldPause": false
    },
    {
      "itemType": 176,
      "tilePositionOfsets": [
        9661
      ],
      "shouldPause": false
    },
    {
      "itemType": 176,
      "tilePositionOfsets": [
        9463
      ],
      "shouldPause": false
    },
    {
      "itemType": 176,
      "tilePositionOfsets": [
        9456
      ],
      "shouldPause": false
    },
    {
      "itemType": 177,
      "tilePositionOfsets": [
        9742
      ],
      "shouldPause": false
    },
    {
      "itemType": 177,
      "tilePositionOfsets": [
        9739
      ],
      "shouldPause": false
    },
    {
      "itemType": 176,
      "tilePositionOfsets": [
        9745
      ],
      "shouldPause": false
    },
    {
      "itemType": 176,
      "tilePositionOfsets": [
        9736
      ],
      "shouldPause": false
    },
    {
      "itemType": 176,
      "tilePositionOfsets": [
        9734
      ],
      "shouldPause": false
    },
    {
      "itemType": 176,
      "tilePositionOfsets": [
        9530
      ],
      "shouldPause": false
    },
    {
      "itemType": 176,
      "tilePositionOfsets": [
        9428
      ],
      "shouldPause": false
    },
    {
      "itemType": 176,
      "tilePositionOfsets": [
        9326
      ],
      "shouldPause": false
    },
    {
      "itemType": 176,
      "tilePositionOfsets": [
        6925
      ],
      "shouldPause": false
    },
    {
      "itemType": 99,
      "tilePositionOfsets": [
        5964,
        5965,
        5966,
        5967,
        5968,
        5969,
        5864,
        5865,
        5866,
        5867,
        5868,
        5869,
        5764,
        5765,
        5766,
        5767,
        5768,
        5769,
        5668,
        5669,
        5568,
        5569,
        5468,
        5469,
        5368,
        5369,
        5268,
        5269,
        5164,
        5165,
        5166,
        5167,
        5168,
        5169,
        5064,
        5065,
        5066,
        5067,
        5068,
        5069,
        4964,
        4965,
        4966,
        4967,
        4968,
        4969,
        4864,
        4865,
        4866,
        4867,
        4868,
        4869,
        4764,
        4765,
        4766,
        4767,
        4768,
        4769,
        4664,
        4665,
        4666,
        4667,
        4668,
        4669,
        4564,
        4565,
        4566,
        4567,
        4568,
        4569,
        4468,
        4469,
        4368,
        4369,
        4268,
        4269,
        4168,
        4169,
        4068,
        4069,
        3964,
        3965,
        3966,
        3967,
        3968,
        3969,
        3864,
        3865,
        3866,
        3867,
        3868,
        3869,
        3764,
        3765,
        3766,
        3767,
        3768,
        3769,
        3654,
        3655,
        3656,
        3657,
        3658,
        3659,
        3660,
        3661,
        3662,
        3663,
        3664,
        3665,
        3666,
        3667,
        3668,
        3554,
        3555,
        3556,
        3557,
        3558,
        3559,
        3560,
        3561,
        3562,
        3563,
        3564,
        3565,
        3566,
        3567,
        3454,
        3455,
        3456,
        3457,
        3458,
        3459,
        3460,
        3461,
        3462,
        3463,
        3464,
        3465,
        3466,
        3354,
        3355,
        3356,
        3357,
        3358,
        3359,
        3360,
        3361,
        3362,
        3363,
        3253,
        3254,
        3255,
        3256,
        3257,
        3258,
        3259,
        3260
      ],
      "shouldPause": false
    },
    {
      "itemType": 99,
      "tilePositionOfsets": [
        5833,
        5834,
        5835,
        5836,
        5837,
        5838,
        5733,
        5734,
        5633,
        5634,
        5532,
        5533,
        5534,
        5432,
        5433,
        5434,
        5332,
        5333,
        5334,
        5233,
        5234,
        5235,
        5236,
        5237,
        5238,
        5133,
        5134,
        5135,
        5136,
        5137,
        5138,
        5033,
        5034,
        5035,
        5036,
        5037,
        5038,
        4933,
        4934,
        4935,
        4936,
        4937,
        4938,
        4833,
        4834,
        4835,
        4836,
        4837,
        4838,
        4733,
        4734,
        4735,
        4736,
        4737,
        4738,
        4633,
        4634,
        4635,
        4636,
        4637,
        4638,
        4533,
        4534,
        4535,
        4536,
        4537,
        4538,
        4432,
        4433,
        4434,
        4332,
        4333,
        4334,
        4233,
        4234,
        4133,
        4134,
        4033,
        4034,
        3933,
        3934,
        3935,
        3936,
        3937,
        3938,
        3834,
        3835,
        3836,
        3837,
        3838,
        3735,
        3736,
        3737,
        3738,
        3635,
        3636,
        3637,
        3638,
        3639,
        3640,
        3641,
        3642,
        3643,
        3644,
        3645,
        3646,
        3647,
        3648,
        3536,
        3537,
        3538,
        3539,
        3540,
        3541,
        3542,
        3543,
        3544,
        3545,
        3546,
        3547,
        3548,
        3437,
        3438,
        3439,
        3440,
        3441,
        3442,
        3443,
        3444,
        3445,
        3446,
        3447,
        3448,
        3339,
        3340,
        3341,
        3342,
        3343,
        3344,
        3345,
        3346,
        3347,
        3348,
        3241,
        3242,
        3243,
        3244,
        3245,
        3246,
        3247,
        3248,
        3249,
        3250,
        3251,
        3252,
        3147,
        3148,
        3149,
        3150,
        3151,
        3152
      ],
      "shouldPause": false
    }
  ],
  "miscItems": [
    {
      "positionOfset": 5465,
      "itemType": 7,
      "number": 0
    },
    {
      "positionOfset": 5537,
      "itemType": 7,
      "number": 1
    },
    {
      "positionOfset": 8077,
      "itemType": 7,
      "number": 2
    },
    {
      "positionOfset": 8015,
      "itemType": 7,
      "number": 3
    },
    {
      "positionOfset": 6553,
      "itemType": 7,
      "number": 4
    },
    {
      "positionOfset": 4265,
      "itemType": 7,
      "number": 5
    },
    {
      "positionOfset": 4237,
      "itemType": 7,
      "number": 6
    },
    {
      "positionOfset": 3551,
      "itemType": 7,
      "number": 7
    },
    {
      "positionOfset": 6455,
      "itemType": 7,
      "number": 8
    },
    {
      "positionOfset": 5949,
      "itemType": 15,
      "number": 0
    },
    {
      "positionOfset": 6058,
      "itemType": 15,
      "number": 1
    },
    {
      "positionOfset": 6354,
      "itemType": 19,
      "number": 0
    },
    {
      "positionOfset": 5438,
      "itemType": 19,
      "number": 1
    },
    {
      "positionOfset": 4138,
      "itemType": 19,
      "number": 2
    },
    {
      "positionOfset": 5566,
      "itemType": 19,
      "number": 3
    },
    {
      "positionOfset": 4266,
      "itemType": 19,
      "number": 4
    },
    {
      "positionOfset": 3652,
      "itemType": 19,
      "number": 5
    },
    {
      "positionOfset": 8178,
      "itemType": 19,
      "number": 6
    },
    {
      "positionOfset": 7815,
      "itemType": 19,
      "number": 7
    }
  ]
}