{
  "pauseDelayAmount": 10,
  "frames": [
    {
      "itemType": 61,
      "tilePositionOfsets": [
        5643
      ],
      "shouldPause": false
    },
    {
      "itemType": 52,
      "tilePositionOfsets": [
        5455
      ],
      "shouldPause": false
    },
    {
      "itemType": 52,
      "tilePositionOfsets": [
        4950
      ],
      "shouldPause": false
    },
    {
      "itemType": 80,
      "tilePositionOfsets": [
        5339
      ],
      "shouldPause": false
    },
    {
      "itemType": 80,
      "tilePositionOfsets": [
        4939
      ],
      "shouldPause": false
    },
    {
      "itemType": 54,
      "tilePositionOfsets": [
        8280
      ],
      "shouldPause": false
    },
    {
      "itemType": 54,
      "tilePositionOfsets": [
        8068
      ],
      "shouldPause": false
    },
    {
      "itemType": 54,
      "tilePositionOfsets": [
        8063
      ],
      "shouldPause": false
    },
    {
      "itemType": 54,
      "tilePositionOfsets": [
        8671
      ],
      "shouldPause": false
    },
    {
      "itemType": 54,
      "tilePositionOfsets": [
        7943
      ],
      "shouldPause": false
    },
    {
      "itemType": 54,
      "tilePositionOfsets": [
        8443
      ],
      "shouldPause": false
    },
    {
      "itemType": 54,
      "tilePositionOfsets": [
        7522
      ],
      "shouldPause": false
    },
    {
      "itemType": 54,
      "tilePositionOfsets": [
        6934
      ],
      "shouldPause": false
    },
    {
      "itemType": 54,
      "tilePositionOfsets": [
        6534
      ],
      "shouldPause": false
    },
    {
      "itemType": 54,
      "tilePositionOfsets": [
        8128
      ],
      "shouldPause": false
    },
    {
      "itemType": 54,
      "tilePositionOfsets": [
        7183
      ],
      "shouldPause": false
    },
    {
      "itemType": 86,
      "tilePositionOfsets": [
        7564
      ],
      "shouldPause": false
    },
    {
      "itemType": 81,
      "tilePositionOfsets": [
        5952
      ],
      "shouldPause": false
    },
    {
      "itemType": 81,
      "tilePositionOfsets": [
        5956
      ],
      "shouldPause": false
    },
    {
      "itemType": 330,
      "tilePositionOfsets": [
        4439
      ],
      "shouldPause": false
    },
    {
      "itemType": 330,
      "tilePositionOfsets": [
        5739
      ],
      "shouldPause": false
    },
    {
      "itemType": 77,
      "tilePositionOfsets": [
        4655
      ],
      "shouldPause": false
    },
    {
      "itemType": 87,
      "tilePositionOfsets": [
        6465
      ],
      "shouldPause": false
    },
    {
      "itemType": 76,
      "tilePositionOfsets": [
        7958
      ],
      "shouldPause": false
    },
    {
      "itemType": 76,
      "tilePositionOfsets": [
        7953
      ],
      "shouldPause": false
    },
    {
      "itemType": 85,
      "tilePositionOfsets": [
        6538
      ],
      "shouldPause": false
    },
    {
      "itemType": 85,
      "tilePositionOfsets": [
        6551
      ],
      "shouldPause": false
    },
    {
      "itemType": 96,
      "tilePositionOfsets": [
        7933
      ],
      "shouldPause": false
    },
    {
      "itemType": 146,
      "tilePositionOfsets": [
        6543
      ],
      "shouldPause": false
    },
    {
      "itemType": 25,
      "tilePositionOfsets": [
        6050,
        6051,
        6052,
        6053,
        6054,
        6055,
        6056,
        6057,
        6058,
        6059,
        6060
      ],
      "shouldPause": false
    },
    {
      "itemType": 25,
      "tilePositionOfsets": [
        5960,
        5860,
        5760,
        5660,
        5560,
        5460,
        5360,
        5260,
        5160,
        5060,
        4960,
        4860,
        4760,
        4660,
        4560,
        4460,
        4360,
        4260
      ],
      "shouldPause": false
    },
    {
      "itemType": 25,
      "tilePositionOfsets": [
        4139,
        4140,
        4141,
        4142,
        4143,
        4144,
        4145,
        4146,
        4147,
        4148,
        4149,
        4150,
        4151,
        4152,
        4153,
        4154,
        4155,
        4156,
        4157,
        4158,
        4159,
        4160
      ],
      "shouldPause": false
    },
    {
      "itemType": 25,
      "tilePositionOfsets": [
        5938,
        5838,
        5738,
        5638,
        5538,
        5438,
        5338,
        5238,
        5138,
        5038,
        4938,
        4838,
        4738,
        4638,
        4538,
        4438,
        4338,
        4238,
        4138
      ],
      "shouldPause": false
    },
    {
      "itemType": 25,
      "tilePositionOfsets": [
        6038,
        6039,
        6040,
        6041,
        6042
      ],
      "shouldPause": false
    },
    {
      "itemType": 25,
      "tilePositionOfsets": [
        6061,
        5961,
        5861,
        5761,
        5661,
        5561,
        5461,
        5361,
        5261,
        5161,
        5061,
        4961,
        4861,
        4761,
        4661,
        4561,
        4461,
        4361,
        4261,
        4161
      ],
      "shouldPause": false
    },
    {
      "itemType": 25,
      "tilePositionOfsets": [
        4038,
        4039,
        4040,
        4041,
        4042,
        4043,
        4044,
        4045,
        4046,
        4047,
        4048,
        4049,
        4050,
        4051,
        4052,
        4053,
        4054,
        4055,
        4056,
        4057,
        4058,
        4059,
        4060,
        4061
      ],
      "shouldPause": false
    },
    {
      "itemType": 25,
      "tilePositionOfsets": [
        6037,
        5937,
        5837,
        5737,
        5637,
        5537,
        5437,
        5337,
        5237,
        5137,
        5037,
        4937,
        4837,
        4737,
        4637,
        4537,
        4437,
        4337,
        4237,
        4137,
        4037
      ],
      "shouldPause": false
    },
    {
      "itemType": 25,
      "tilePositionOfsets": [
        6062,
        5962,
        5862,
        5762,
        5662,
        5562,
        5462,
        5362,
        5262,
        5162,
        5062,
        4962,
        4862,
        4762,
        4662,
        4562,
        4462,
        4362,
        4262,
        4162,
        4062
      ],
      "shouldPause": false
    },
    {
      "itemType": 25,
      "tilePositionOfsets": [
        3937,
        3938,
        3939,
        3940,
        3941,
        3942,
        3943,
        3944,
        3945,
        3946,
        3947,
        3948,
        3949,
        3950,
        3951,
        3952,
        3953,
        3954,
        3955,
        3956,
        3957,
        3958,
        3959,
        3960,
        3961,
        3962
      ],
      "shouldPause": false
    },
    {
      "itemType": 25,
      "tilePositionOfsets": [
        6036,
        5936,
        5836,
        5736,
        5636,
        5536,
        5436,
        5336,
        5236,
        5136,
        5036,
        4936,
        4836,
        4736,
        4636,
        4536,
        4436,
        4336,
        4236,
        4136,
        4036,
        3936
      ],
      "shouldPause": false
    },
    {
      "itemType": 26,
      "tilePositionOfsets": [
        6150,
        6151,
        6152,
        6153,
        6154,
        6155,
        6156,
        6157,
        6158,
        6159,
        6160,
        6161,
        6162
      ],
      "shouldPause": false
    },
    {
      "itemType": 26,
      "tilePositionOfsets": [
        6163,
        6063,
        5963,
        5863,
        5763,
        5663,
        5563,
        5463,
        5363,
        5263,
        5163,
        5063
      ],
      "shouldPause": false
    },
    {
      "itemType": 26,
      "tilePositionOfsets": [
        4463,
        4363,
        4263,
        4163,
        4063,
        3963
      ],
      "shouldPause": false
    },
    {
      "itemType": 26,
      "tilePositionOfsets": [
        3861,
        3862,
        3863
      ],
      "shouldPause": false
    },
    {
      "itemType": 26,
      "tilePositionOfsets": [
        3845,
        3846,
        3847,
        3848,
        3849,
        3850,
        3851,
        3852,
        3853,
        3854,
        3855
      ],
      "shouldPause": false
    },
    {
      "itemType": 26,
      "tilePositionOfsets": [
        3836,
        3837,
        3838,
        3839
      ],
      "shouldPause": false
    },
    {
      "itemType": 26,
      "tilePositionOfsets": [
        4335,
        4235,
        4135,
        4035,
        3935,
        3835
      ],
      "shouldPause": false
    },
    {
      "itemType": 26,
      "tilePositionOfsets": [
        6035,
        5935,
        5835,
        5735,
        5635,
        5535,
        5435,
        5335,
        5235,
        5135,
        5035,
        4935
      ],
      "shouldPause": false
    },
    {
      "itemType": 26,
      "tilePositionOfsets": [
        6135,
        6136,
        6137,
        6138,
        6139,
        6140,
        6141,
        6142
      ],
      "shouldPause": false
    },
    {
      "itemType": 92,
      "tilePositionOfsets": [
        7627
      ],
      "shouldPause": false
    },
    {
      "itemType": 85,
      "tilePositionOfsets": [
        6555
      ],
      "shouldPause": false
    },
    {
      "itemType": 85,
      "tilePositionOfsets": [
        6559
      ],
      "shouldPause": false
    },
    {
      "itemType": 83,
      "tilePositionOfsets": [
        7048
      ],
      "shouldPause": false
    },
    {
      "itemType": 50,
      "tilePositionOfsets": [
        7448
      ],
      "shouldPause": false
    },
    {
      "itemType": 342,
      "tilePositionOfsets": [
        6829
      ],
      "shouldPause": false
    },
    {
      "itemType": 95,
      "tilePositionOfsets": [
        7022
      ],
      "shouldPause": false
    },
    {
      "itemType": 95,
      "tilePositionOfsets": [
        6976
      ],
      "shouldPause": false
    },
    {
      "itemType": 76,
      "tilePositionOfsets": [
        7948
      ],
      "shouldPause": false
    },
    {
      "itemType": 85,
      "tilePositionOfsets": [
        6938
      ],
      "shouldPause": false
    },
    {
      "itemType": 83,
      "tilePositionOfsets": [
        7043
      ],
      "shouldPause": false
    },
    {
      "itemType": 83,
      "tilePositionOfsets": [
        7053
      ],
      "shouldPause": false
    },
    {
      "itemType": 50,
      "tilePositionOfsets": [
        7058
      ],
      "shouldPause": false
    },
    {
      "itemType": 50,
      "tilePositionOfsets": [
        7458
      ],
      "shouldPause": false
    },
    {
      "itemType": 50,
      "tilePositionOfsets": [
        7453
      ],
      "shouldPause": false
    },
    {
      "itemType": 46,
      "tilePositionOfsets": [
        5264,
        5265,
        5266,
        5267,
        5268,
        5269,
        5270,
        5271,
        5272,
        5273
      ],
      "shouldPause": false
    },
    {
      "itemType": 46,
      "tilePositionOfsets": [
        6086,
        5985,
        5884,
        5783,
        5682,
        5580,
        5581,
        5478,
        5479,
        5376,
        5377,
        5274,
        5275
      ],
      "shouldPause": false
    },
    {
      "itemType": 111,
      "tilePositionOfsets": [
        6486
      ],
      "shouldPause": false
    },
    {
      "itemType": 46,
      "tilePositionOfsets": [
        7288,
        7188,
        7088,
        6988,
        6888,
        6788,
        6688,
        6588
      ],
      "shouldPause": false
    },
    {
      "itemType": 46,
      "tilePositionOfsets": [
        8483,
        8384,
        8285,
        8186,
        8087,
        7988,
        7888
      ],
      "shouldPause": false
    },
    {
      "itemType": 111,
      "tilePositionOfsets": [
        8779
      ],
      "shouldPause": false
    },
    {
      "itemType": 46,
      "tilePositionOfsets": [
        8952,
        8953,
        8954,
        8955,
        8956,
        8957,
        8958,
        8959,
        8960,
        8961,
        8962,
        8963,
        8964,
        8965,
        8966,
        8967,
        8968,
        8969,
        8970,
        8971,
        8972,
        8973,
        8974,
        8875,
        8876,
        8777,
        8778
      ],
      "shouldPause": false
    },
    {
      "itemType": 46,
      "tilePositionOfsets": [
        5128,
        5129,
        5130,
        5131,
        5132,
        5133,
        5134
      ],
      "shouldPause": false
    },
    {
      "itemType": 46,
      "tilePositionOfsets": [
        5816,
        5717,
        5618,
        5519,
        5420,
        5421,
        5322,
        5323,
        5224,
        5225,
        5126,
        5127
      ],
      "shouldPause": false
    },
    {
      "itemType": 111,
      "tilePositionOfsets": [
        6214
      ],
      "shouldPause": false
    },
    {
      "itemType": 46,
      "tilePositionOfsets": [
        6614,
        6514,
        6414,
        6314
      ],
      "shouldPause": false
    },
    {
      "itemType": 46,
      "tilePositionOfsets": [
        8120,
        8019,
        7918,
        7817,
        7716,
        7616,
        7515,
        7415,
        7314,
        7214
      ],
      "shouldPause": false
    },
    {
      "itemType": 111,
      "tilePositionOfsets": [
        8421
      ],
      "shouldPause": false
    },
    {
      "itemType": 46,
      "tilePositionOfsets": [
        8833,
        8834,
        8731,
        8732,
        8629,
        8630,
        8527,
        8528,
        8425,
        8426
      ],
      "shouldPause": false
    },
    {
      "itemType": 46,
      "tilePositionOfsets": [
        8935,
        8936,
        8937,
        8938,
        8939,
        8940,
        8941,
        8942,
        8943,
        8944,
        8945,
        8946
      ],
      "shouldPause": false
    },
    {
      "itemType": 145,
      "tilePositionOfsets": [
        7785
      ],
      "shouldPause": false
    },
    {
      "itemType": 145,
      "tilePositionOfsets": [
        7113
      ],
      "shouldPause": false
    },
    {
      "itemType": 144,
      "tilePositionOfsets": [
        9047
      ],
      "shouldPause": false
    },
    {
      "itemType": 88,
      "tilePositionOfsets": [
        6328
      ],
      "shouldPause": false
    },
    {
      "itemType": 95,
      "tilePositionOfsets": [
        6321
      ],
      "shouldPause": false
    },
    {
      "itemType": 85,
      "tilePositionOfsets": [
        7443
      ],
      "shouldPause": false
    },
    {
      "itemType": 92,
      "tilePositionOfsets": [
        7575
      ],
      "shouldPause": false
    },
    {
      "itemType": 95,
      "tilePositionOfsets": [
        6276
      ],
      "shouldPause": false
    },
    {
      "itemType": 76,
      "tilePositionOfsets": [
        8348
      ],
      "shouldPause": false
    },
    {
      "itemType": 95,
      "tilePositionOfsets": [
        8653
      ],
      "shouldPause": false
    },
    {
      "itemType": 92,
      "tilePositionOfsets": [
        8660
      ],
      "shouldPause": false
    },
    {
      "itemType": 112,
      "tilePositionOfsets": [
        4963
      ],
      "shouldPause": false
    },
    {
      "itemType": 112,
      "tilePositionOfsets": [
        4831
      ],
      "shouldPause": false
    },
    {
      "itemType": 342,
      "tilePositionOfsets": [
        8566
      ],
      "shouldPause": false
    },
    {
      "itemType": 93,
      "tilePositionOfsets": [
        8273
      ],
      "shouldPause": false
    },
    {
      "itemType": 85,
      "tilePositionOfsets": [
        8438
      ],
      "shouldPause": false
    },
    {
      "itemType": 85,
      "tilePositionOfsets": [
        8434
      ],
      "shouldPause": false
    },
    {
      "itemType": 112,
      "tilePositionOfsets": [
        3856
      ],
      "shouldPause": false
    },
    {
      "itemType": 112,
      "tilePositionOfsets": [
        3840
      ],
      "shouldPause": false
    },
    {
      "itemType": 177,
      "tilePositionOfsets": [
        5724
      ],
      "shouldPause": false
    },
    {
      "itemType": 177,
      "tilePositionOfsets": [
        7417
      ],
      "shouldPause": false
    },
    {
      "itemType": 177,
      "tilePositionOfsets": [
        7822
      ],
      "shouldPause": false
    },
    {
      "itemType": 177,
      "tilePositionOfsets": [
        8737
      ],
      "shouldPause": false
    },
    {
      "itemType": 177,
      "tilePositionOfsets": [
        8743
      ],
      "shouldPause": false
    },
    {
      "itemType": 177,
      "tilePositionOfsets": [
        6282
      ],
      "shouldPause": false
    },
    {
      "itemType": 177,
      "tilePositionOfsets": [
        6784
      ],
      "shouldPause": false
    },
    {
      "itemType": 177,
      "tilePositionOfsets": [
        8868
      ],
      "shouldPause": false
    },
    {
      "itemType": 305,
      "tilePositionOfsets": [
        8429
      ],
      "shouldPause": false
    },
    {
      "itemType": 305,
      "tilePositionOfsets": [
        6018
      ],
      "shouldPause": false
    },
    {
      "itemType": 305,
      "tilePositionOfsets": [
        6318
      ],
      "shouldPause": false
    },
    {
      "itemType": 305,
      "tilePositionOfsets": [
        7380
      ],
      "shouldPause": false
    },
    {
      "itemType": 305,
      "tilePositionOfsets": [
        8575
      ],
      "shouldPause": false
    },
    {
      "itemType": 306,
      "tilePositionOfsets": [
        8853
      ],
      "shouldPause": false
    },
    {
      "itemType": 306,
      "tilePositionOfsets": [
        8855
      ],
      "shouldPause": false
    },
    {
      "itemType": 306,
      "tilePositionOfsets": [
        8862
      ],
      "shouldPause": false
    },
    {
      "itemType": 306,
      "tilePositionOfsets": [
        8872
      ],
      "shouldPause": false
    },
    {
      "itemType": 306,
      "tilePositionOfsets": [
        8635
      ],
      "shouldPause": false
    },
    {
      "itemType": 306,
      "tilePositionOfsets": [
        7618
      ],
      "shouldPause": false
    },
    {
      "itemType": 306,
      "tilePositionOfsets": [
        6416
      ],
      "shouldPause": false
    },
    {
      "itemType": 306,
      "tilePositionOfsets": [
        6615
      ],
      "shouldPause": false
    },
    {
      "itemType": 306,
      "tilePositionOfsets": [
        5327
      ],
      "shouldPause": false
    },
    {
      "itemType": 306,
      "tilePositionOfsets": [
        5329
      ],
      "shouldPause": false
    },
    {
      "itemType": 306,
      "tilePositionOfsets": [
        5722
      ],
      "shouldPause": false
    },
    {
      "itemType": 306,
      "tilePositionOfsets": [
        5473
      ],
      "shouldPause": false
    },
    {
      "itemType": 176,
      "tilePositionOfsets": [
        5471
      ],
      "shouldPause": false
    },
    {
      "itemType": 176,
      "tilePositionOfsets": [
        5469
      ],
      "shouldPause": false
    },
    {
      "itemType": 306,
      "tilePositionOfsets": [
        5467
      ],
      "shouldPause": false
    },
    {
      "itemType": 306,
      "tilePositionOfsets": [
        5465
      ],
      "shouldPause": false
    },
    {
      "itemType": 306,
      "tilePositionOfsets": [
        5677
      ],
      "shouldPause": false
    },
    {
      "itemType": 306,
      "tilePositionOfsets": [
        5675
      ],
      "shouldPause": false
    },
    {
      "itemType": 306,
      "tilePositionOfsets": [
        6483
      ],
      "shouldPause": false
    },
    {
      "itemType": 306,
      "tilePositionOfsets": [
        6782
      ],
      "shouldPause": false
    },
    {
      "itemType": 306,
      "tilePositionOfsets": [
        7582
      ],
      "shouldPause": false
    },
    {
      "itemType": 306,
      "tilePositionOfsets": [
        7680
      ],
      "shouldPause": false
    },
    {
      "itemType": 306,
      "tilePositionOfsets": [
        7782
      ],
      "shouldPause": false
    },
    {
      "itemType": 306,
      "tilePositionOfsets": [
        7985
      ],
      "shouldPause": false
    },
    {
      "itemType": 306,
      "tilePositionOfsets": [
        7880
      ],
      "shouldPause": false
    },
    {
      "itemType": 306,
      "tilePositionOfsets": [
        8866
      ],
      "shouldPause": false
    },
    {
      "itemType": 306,
      "tilePositionOfsets": [
        8860
      ],
      "shouldPause": false
    },
    {
      "itemType": 306,
      "tilePositionOfsets": [
        8858
      ],
      "shouldPause": false
    },
    {
      "itemType": 306,
      "tilePositionOfsets": [
        8864
      ],
      "shouldPause": false
    },
    {
      "itemType": 306,
      "tilePositionOfsets": [
        8640
      ],
      "shouldPause": false
    },
    {
      "itemType": 306,
      "tilePositionOfsets": [
        8840
      ],
      "shouldPause": false
    },
    {
      "itemType": 306,
      "tilePositionOfsets": [
        8633
      ],
      "shouldPause": false
    },
    {
      "itemType": 306,
      "tilePositionOfsets": [
        8432
      ],
      "shouldPause": false
    },
    {
      "itemType": 306,
      "tilePositionOfsets": [
        8327
      ],
      "shouldPause": false
    },
    {
      "itemType": 306,
      "tilePositionOfsets": [
        8126
      ],
      "shouldPause": false
    },
    {
      "itemType": 306,
      "tilePositionOfsets": [
        7920
      ],
      "shouldPause": false
    },
    {
      "itemType": 306,
      "tilePositionOfsets": [
        7720
      ],
      "shouldPause": false
    },
    {
      "itemType": 306,
      "tilePositionOfsets": [
        7520
      ],
      "shouldPause": false
    },
    {
      "itemType": 306,
      "tilePositionOfsets": [
        6617
      ],
      "shouldPause": false
    },
    {
      "itemType": 306,
      "tilePositionOfsets": [
        5720
      ],
      "shouldPause": false
    },
    {
      "itemType": 306,
      "tilePositionOfsets": [
        5425
      ],
      "shouldPause": false
    },
    {
      "itemType": 306,
      "tilePositionOfsets": [
        5331
      ],
      "shouldPause": false
    },
    {
      "itemType": 306,
      "tilePositionOfsets": [
        5333
      ],
      "shouldPause": false
    },
    {
      "itemType": 99,
      "tilePositionOfsets": [
        5164,
        5165,
        5166,
        5167,
        5168,
        5169,
        5170,
        5064,
        5065,
        5066,
        5067,
        5068,
        5069,
        5070,
        5071,
        4968,
        4969,
        4970,
        4971,
        4868,
        4869,
        4870,
        4871,
        4768,
        4769,
        4770,
        4771,
        4668,
        4669,
        4670,
        4671,
        4672,
        4568,
        4569,
        4570,
        4571,
        4464,
        4465,
        4466,
        4467,
        4468,
        4469,
        4470,
        4364,
        4365,
        4366,
        4367,
        4368,
        4369,
        4370,
        4264,
        4265,
        4266,
        4267,
        4268,
        4269,
        4270,
        4271,
        4164,
        4165,
        4166,
        4167,
        4168,
        4169,
        4170,
        4171,
        4172,
        4064,
        4065,
        4066,
        4067,
        4068,
        4069,
        4070,
        4071,
        4072,
        3964,
        3965,
        3966,
        3967,
        3968,
        3969,
        3970,
        3971,
        3972,
        3864,
        3865,
        3866,
        3867,
        3868,
        3869,
        3870,
        3871,
        3746,
        3747,
        3748,
        3749,
        3750,
        3751,
        3752,
        3753,
        3754,
        3755,
        3761,
        3762,
        3763,
        3764,
        3765,
        3766,
        3767,
        3768,
        3769,
        3646,
        3647,
        3648,
        3649,
        3650,
        3651,
        3652,
        3653,
        3654,
        3655,
        3661,
        3662,
        3663,
        3664,
        3665,
        3666,
        3667,
        3668,
        3669,
        3547,
        3548,
        3549,
        3550,
        3551,
        3552,
        3553,
        3554,
        3555,
        3561,
        3562,
        3563,
        3564,
        3565,
        3566,
        3567,
        3446,
        3447,
        3448,
        3449,
        3450,
        3451,
        3452,
        3453,
        3454,
        3455,
        3461,
        3462,
        3463,
        3464,
        3465,
        3466,
        3467,
        3468,
        3347,
        3348,
        3349,
        3350,
        3351,
        3352,
        3353,
        3354,
        3355,
        3356,
        3357,
        3358,
        3359,
        3360,
        3361,
        3362,
        3363,
        3364,
        3365,
        3366,
        3248,
        3250,
        3251,
        3252,
        3253,
        3254,
        3255,
        3256,
        3257,
        3258,
        3259,
        3260,
        3261,
        3262,
        3263,
        3264,
        3265,
        3153,
        3154,
        3155,
        3156,
        3157,
        3158,
        3159,
        3160,
        3161,
        3162,
        3164
      ],
      "shouldPause": false
    },
    {
      "itemType": 99,
      "tilePositionOfsets": [
        5027,
        5028,
        5029,
        5030,
        5031,
        5032,
        5033,
        5034,
        4928,
        4929,
        4930,
        4931,
        4932,
        4933,
        4934,
        4828,
        4829,
        4830,
        4728,
        4729,
        4730,
        4629,
        4630,
        4528,
        4529,
        4530,
        4428,
        4429,
        4430,
        4327,
        4328,
        4329,
        4330,
        4331,
        4332,
        4333,
        4334,
        4229,
        4230,
        4231,
        4232,
        4233,
        4234,
        4128,
        4129,
        4130,
        4131,
        4132,
        4133,
        4134,
        4028,
        4030,
        4031,
        4032,
        4033,
        4034,
        3930,
        3931,
        3932,
        3933,
        3934,
        3830,
        3831,
        3832,
        3833,
        3834,
        3730,
        3731,
        3732,
        3733,
        3734,
        3735,
        3736,
        3737,
        3738,
        3739,
        3745,
        3631,
        3632,
        3633,
        3634,
        3635,
        3636,
        3637,
        3638,
        3639,
        3645,
        3531,
        3532,
        3533,
        3534,
        3535,
        3536,
        3537,
        3538,
        3539,
        3545,
        3546,
        3433,
        3434,
        3435,
        3436,
        3437,
        3438,
        3439,
        3445,
        3334,
        3335,
        3336,
        3337,
        3338,
        3339,
        3340,
        3341,
        3342,
        3343,
        3344,
        3345,
        3346,
        3237,
        3238,
        3239,
        3240,
        3241,
        3242,
        3243,
        3244,
        3245,
        3246,
        3247,
        3139,
        3140,
        3141,
        3142,
        3143,
        3144,
        3145,
        3146
      ],
      "shouldPause": false
    }
  ],
  "miscItems": [
    {
      "positionOfset": 4633,
      "itemType": 7,
      "number": 0
    },
    {
      "positionOfset": 3642,
      "itemType": 7,
      "number": 1
    },
    {
      "positionOfset": 3658,
      "itemType": 7,
      "number": 2
    },
    {
      "positionOfset": 4765,
      "itemType": 7,
      "number": 3
    },
    {
      "positionOfset": 6447,
      "itemType": 7,
      "number": 4
    },
    {
      "positionOfset": 6145,
      "itemType": 7,
      "number": 5
    },
    {
      "positionOfset": 8681,
      "itemType": 7,
      "number": 6
    },
    {
      "positionOfset": 6388,
      "itemType": 7,
      "number": 7
    },
    {
      "positionOfset": 8322,
      "itemType": 7,
      "number": 8
    },
    {
      "positionOfset": 6115,
      "itemType": 7,
      "number": 9
    },
    {
      "positionOfset": 5850,
      "itemType": 15,
      "number": 0
    },
    {
      "positionOfset": 5840,
      "itemType": 15,
      "number": 1
    },
    {
      "positionOfset": 4865,
      "itemType": 19,
      "number": 0
    },
    {
      "positionOfset": 3659,
      "itemType": 19,
      "number": 1
    },
    {
      "positionOfset": 3643,
      "itemType": 19,
      "number": 2
    },
    {
      "positionOfset": 4634,
      "itemType": 19,
      "number": 3
    },
    {
      "positionOfset": 7588,
      "itemType": 19,
      "number": 4
    },
    {
      "positionOfset": 8949,
      "itemType": 19,
      "number": 5
    },
    {
      "positionOfset": 6914,
      "itemType": 19,
      "number": 6
    }
  ]
}