{
  "pauseDelayAmount": 10,
  "frames": [
    {
      "itemType": 61,
      "tilePositionOfsets": [
        5643
      ],
      "shouldPause": false
    },
    {
      "itemType": 52,
      "tilePositionOfsets": [
        4950
      ],
      "shouldPause": false
    },
    {
      "itemType": 52,
      "tilePositionOfsets": [
        4450
      ],
      "shouldPause": false
    },
    {
      "itemType": 80,
      "tilePositionOfsets": [
        4144
      ],
      "shouldPause": false
    },
    {
      "itemType": 80,
      "tilePositionOfsets": [
        3744
      ],
      "shouldPause": false
    },
    {
      "itemType": 54,
      "tilePositionOfsets": [
        9270
      ],
      "shouldPause": false
    },
    {
      "itemType": 77,
      "tilePositionOfsets": [
        3849
      ],
      "shouldPause": false
    },
    {
      "itemType": 54,
      "tilePositionOfsets": [
        8354
      ],
      "shouldPause": false
    },
    {
      "itemType": 54,
      "tilePositionOfsets": [
        8854
      ],
      "shouldPause": false
    },
    {
      "itemType": 54,
      "tilePositionOfsets": [
        8749
      ],
      "shouldPause": false
    },
    {
      "itemType": 54,
      "tilePositionOfsets": [
        8076
      ],
      "shouldPause": false
    },
    {
      "itemType": 54,
      "tilePositionOfsets": [
        9454
      ],
      "shouldPause": false
    },
    {
      "itemType": 54,
      "tilePositionOfsets": [
        9249
      ],
      "shouldPause": false
    },
    {
      "itemType": 54,
      "tilePositionOfsets": [
        9029
      ],
      "shouldPause": false
    },
    {
      "itemType": 54,
      "tilePositionOfsets": [
        7419
      ],
      "shouldPause": false
    },
    {
      "itemType": 54,
      "tilePositionOfsets": [
        7819
      ],
      "shouldPause": false
    },
    {
      "itemType": 54,
      "tilePositionOfsets": [
        6924
      ],
      "shouldPause": false
    },
    {
      "itemType": 81,
      "tilePositionOfsets": [
        6143
      ],
      "shouldPause": false
    },
    {
      "itemType": 81,
      "tilePositionOfsets": [
        6147
      ],
      "shouldPause": false
    },
    {
      "itemType": 87,
      "tilePositionOfsets": [
        8059
      ],
      "shouldPause": false
    },
    {
      "itemType": 330,
      "tilePositionOfsets": [
        5852
      ],
      "shouldPause": false
    },
    {
      "itemType": 86,
      "tilePositionOfsets": [
        8024
      ],
      "shouldPause": false
    },
    {
      "itemType": 88,
      "tilePositionOfsets": [
        9159
      ],
      "shouldPause": false
    },
    {
      "itemType": 85,
      "tilePositionOfsets": [
        7454
      ],
      "shouldPause": false
    },
    {
      "itemType": 85,
      "tilePositionOfsets": [
        7449
      ],
      "shouldPause": false
    },
    {
      "itemType": 96,
      "tilePositionOfsets": [
        8834
      ],
      "shouldPause": false
    },
    {
      "itemType": 25,
      "tilePositionOfsets": [
        6453,
        6454,
        6455
      ],
      "shouldPause": false
    },
    {
      "itemType": 25,
      "tilePositionOfsets": [
        6355,
        6255,
        6155,
        6055,
        5955,
        5855,
        5755,
        5655,
        5555,
        5455,
        5355,
        5255,
        5155,
        5055,
        4955,
        4855,
        4755,
        4655,
        4555,
        4455,
        4355,
        4255,
        4155,
        4055,
        3955,
        3855,
        3755,
        3655,
        3555,
        3455,
        3355,
        3255
      ],
      "shouldPause": false
    },
    {
      "itemType": 25,
      "tilePositionOfsets": [
        3243,
        3244,
        3245,
        3246,
        3247,
        3248,
        3249,
        3250,
        3251,
        3252,
        3253,
        3254
      ],
      "shouldPause": false
    },
    {
      "itemType": 25,
      "tilePositionOfsets": [
        6342,
        6242,
        6142,
        6042,
        5942,
        5842,
        5742,
        5642,
        5542,
        5442,
        5342,
        5242,
        5142,
        5042,
        4942,
        4842,
        4742,
        4642,
        4542,
        4442,
        4342,
        4242,
        4142,
        4042,
        3942,
        3842,
        3742,
        3642,
        3542,
        3442,
        3342,
        3242
      ],
      "shouldPause": false
    },
    {
      "itemType": 25,
      "tilePositionOfsets": [
        6442,
        6443,
        6444,
        6445
      ],
      "shouldPause": false
    },
    {
      "itemType": 146,
      "tilePositionOfsets": [
        6946
      ],
      "shouldPause": false
    },
    {
      "itemType": 25,
      "tilePositionOfsets": [
        6553,
        6554,
        6555,
        6556
      ],
      "shouldPause": false
    },
    {
      "itemType": 25,
      "tilePositionOfsets": [
        6456,
        6356,
        6256,
        6156,
        6056,
        5956,
        5856,
        5756,
        5656,
        5556,
        5456,
        5356,
        5256,
        5156,
        5056,
        4956,
        4856,
        4756,
        4656,
        4556,
        4456,
        4356,
        4256,
        4156,
        4056,
        3956,
        3856,
        3756,
        3656,
        3556,
        3456,
        3356,
        3256
      ],
      "shouldPause": false
    },
    {
      "itemType": 25,
      "tilePositionOfsets": [
        3142,
        3143,
        3144,
        3145,
        3146,
        3147,
        3148,
        3149,
        3150,
        3151,
        3152,
        3153,
        3154,
        3155,
        3156
      ],
      "shouldPause": false
    },
    {
      "itemType": 25,
      "tilePositionOfsets": [
        6441,
        6341,
        6241,
        6141,
        6041,
        5941,
        5841,
        5741,
        5641,
        5541,
        5441,
        5341,
        5241,
        5141,
        5041,
        4941,
        4841,
        4741,
        4641,
        4541,
        4441,
        4341,
        4241,
        4141,
        4041,
        3941,
        3841,
        3741,
        3641,
        3541,
        3441,
        3341,
        3241,
        3141
      ],
      "shouldPause": false
    },
    {
      "itemType": 25,
      "tilePositionOfsets": [
        6541,
        6542,
        6543,
        6544,
        6545
      ],
      "shouldPause": false
    },
    {
      "itemType": 76,
      "tilePositionOfsets": [
        6960
      ],
      "shouldPause": false
    },
    {
      "itemType": 76,
      "tilePositionOfsets": [
        6934
      ],
      "shouldPause": false
    },
    {
      "itemType": 92,
      "tilePositionOfsets": [
        8070
      ],
      "shouldPause": false
    },
    {
      "itemType": 50,
      "tilePositionOfsets": [
        8249
      ],
      "shouldPause": false
    },
    {
      "itemType": 83,
      "tilePositionOfsets": [
        7844
      ],
      "shouldPause": false
    },
    {
      "itemType": 95,
      "tilePositionOfsets": [
        8765
      ],
      "shouldPause": false
    },
    {
      "itemType": 342,
      "tilePositionOfsets": [
        7835
      ],
      "shouldPause": false
    },
    {
      "itemType": 25,
      "tilePositionOfsets": [
        6557,
        6457,
        6357,
        6257,
        6157,
        6057,
        5957,
        5857,
        5757,
        5657,
        5557,
        5457,
        5357,
        5257,
        5157,
        5057,
        4957,
        4857,
        4757,
        4657,
        4557,
        4457,
        4357,
        4257,
        4157,
        4057,
        3957,
        3857,
        3757,
        3657,
        3557,
        3457,
        3357,
        3257,
        3157
      ],
      "shouldPause": false
    },
    {
      "itemType": 25,
      "tilePositionOfsets": [
        3041,
        3042,
        3043,
        3044,
        3045,
        3046,
        3047,
        3048,
        3049,
        3050,
        3051,
        3052,
        3053,
        3054,
        3055,
        3056,
        3057
      ],
      "shouldPause": false
    },
    {
      "itemType": 25,
      "tilePositionOfsets": [
        6540,
        6440,
        6340,
        6240,
        6140,
        6040,
        5940,
        5840,
        5740,
        5640,
        5540,
        5440,
        5340,
        5240,
        5140,
        5040,
        4940,
        4840,
        4740,
        4640,
        4540,
        4440,
        4340,
        4240,
        4140,
        4040,
        3940,
        3840,
        3740,
        3640,
        3540,
        3440,
        3340,
        3240,
        3140,
        3040
      ],
      "shouldPause": false
    },
    {
      "itemType": 26,
      "tilePositionOfsets": [
        6653,
        6654,
        6655,
        6656,
        6657,
        6658
      ],
      "shouldPause": false
    },
    {
      "itemType": 26,
      "tilePositionOfsets": [
        6558,
        6458,
        6358,
        6258,
        6158,
        6058
      ],
      "shouldPause": false
    },
    {
      "itemType": 26,
      "tilePositionOfsets": [
        5458,
        5358,
        5258,
        5158,
        5058,
        4958,
        4858,
        4758,
        4658,
        4558,
        4458
      ],
      "shouldPause": false
    },
    {
      "itemType": 26,
      "tilePositionOfsets": [
        3858,
        3758,
        3658,
        3558,
        3458,
        3358,
        3258,
        3158,
        3058
      ],
      "shouldPause": false
    },
    {
      "itemType": 26,
      "tilePositionOfsets": [
        2951,
        2952,
        2953,
        2954,
        2955,
        2956,
        2957,
        2958
      ],
      "shouldPause": false
    },
    {
      "itemType": 26,
      "tilePositionOfsets": [
        2940,
        2941,
        2942,
        2943,
        2944,
        2945
      ],
      "shouldPause": false
    },
    {
      "itemType": 26,
      "tilePositionOfsets": [
        3939,
        3839,
        3739,
        3639,
        3539,
        3439,
        3339,
        3239,
        3139,
        3039,
        2939
      ],
      "shouldPause": false
    },
    {
      "itemType": 26,
      "tilePositionOfsets": [
        5339,
        5239,
        5139,
        5039,
        4939,
        4839,
        4739,
        4639,
        4539
      ],
      "shouldPause": false
    },
    {
      "itemType": 26,
      "tilePositionOfsets": [
        6539,
        6439,
        6339,
        6239,
        6139,
        6039,
        5939
      ],
      "shouldPause": false
    },
    {
      "itemType": 26,
      "tilePositionOfsets": [
        6639,
        6640,
        6641,
        6642,
        6643,
        6644,
        6645
      ],
      "shouldPause": false
    },
    {
      "itemType": 46,
      "tilePositionOfsets": [
        6259,
        6260,
        6261,
        6262,
        6263,
        6264
      ],
      "shouldPause": false
    },
    {
      "itemType": 46,
      "tilePositionOfsets": [
        6976,
        6875,
        6774,
        6673,
        6571,
        6572,
        6469,
        6470,
        6367,
        6368,
        6265,
        6266
      ],
      "shouldPause": false
    },
    {
      "itemType": 46,
      "tilePositionOfsets": [
        7881,
        7780,
        7680,
        7579,
        7479,
        7378,
        7278,
        7177,
        7077
      ],
      "shouldPause": false
    },
    {
      "itemType": 111,
      "tilePositionOfsets": [
        8280
      ],
      "shouldPause": false
    },
    {
      "itemType": 46,
      "tilePositionOfsets": [
        9275,
        9176,
        9077,
        8978,
        8878,
        8779,
        8679,
        8580,
        8480,
        8381
      ],
      "shouldPause": false
    },
    {
      "itemType": 46,
      "tilePositionOfsets": [
        9545,
        9546,
        9547,
        9548,
        9549,
        9550,
        9551,
        9552,
        9553,
        9554,
        9555,
        9556,
        9557,
        9558,
        9559,
        9560,
        9561,
        9562,
        9563,
        9564,
        9565,
        9566,
        9567,
        9568,
        9569,
        9570,
        9471,
        9472,
        9373,
        9374
      ],
      "shouldPause": false
    },
    {
      "itemType": 46,
      "tilePositionOfsets": [
        6231,
        6232,
        6233,
        6234,
        6235,
        6236,
        6237,
        6238
      ],
      "shouldPause": false
    },
    {
      "itemType": 46,
      "tilePositionOfsets": [
        7016,
        6917,
        6818,
        6719,
        6720,
        6621,
        6622,
        6523,
        6524,
        6425,
        6426,
        6327,
        6328,
        6229,
        6230
      ],
      "shouldPause": false
    },
    {
      "itemType": 46,
      "tilePositionOfsets": [
        7812,
        7712,
        7613,
        7513,
        7414,
        7314,
        7215,
        7115
      ],
      "shouldPause": false
    },
    {
      "itemType": 111,
      "tilePositionOfsets": [
        8210
      ],
      "shouldPause": false
    },
    {
      "itemType": 46,
      "tilePositionOfsets": [
        9218,
        9117,
        9016,
        8916,
        8815,
        8715,
        8614,
        8514,
        8413,
        8313
      ],
      "shouldPause": false
    },
    {
      "itemType": 46,
      "tilePositionOfsets": [
        9523,
        9524,
        9525,
        9526,
        9527,
        9528,
        9529,
        9530,
        9531,
        9532,
        9533,
        9534,
        9535,
        9536,
        9537,
        9538,
        9539,
        9421,
        9422,
        9319,
        9320
      ],
      "shouldPause": false
    },
    {
      "itemType": 144,
      "tilePositionOfsets": [
        9740
      ],
      "shouldPause": false
    },
    {
      "itemType": 85,
      "tilePositionOfsets": [
        7444
      ],
      "shouldPause": false
    },
    {
      "itemType": 85,
      "tilePositionOfsets": [
        7849
      ],
      "shouldPause": false
    },
    {
      "itemType": 92,
      "tilePositionOfsets": [
        8844
      ],
      "shouldPause": false
    },
    {
      "itemType": 95,
      "tilePositionOfsets": [
        8721
      ],
      "shouldPause": false
    },
    {
      "itemType": 95,
      "tilePositionOfsets": [
        9322
      ],
      "shouldPause": false
    },
    {
      "itemType": 95,
      "tilePositionOfsets": [
        8772
      ],
      "shouldPause": false
    },
    {
      "itemType": 76,
      "tilePositionOfsets": [
        6929
      ],
      "shouldPause": false
    },
    {
      "itemType": 50,
      "tilePositionOfsets": [
        7854
      ],
      "shouldPause": false
    },
    {
      "itemType": 76,
      "tilePositionOfsets": [
        6966
      ],
      "shouldPause": false
    },
    {
      "itemType": 342,
      "tilePositionOfsets": [
        7470
      ],
      "shouldPause": false
    },
    {
      "itemType": 112,
      "tilePositionOfsets": [
        4358
      ],
      "shouldPause": false
    },
    {
      "itemType": 85,
      "tilePositionOfsets": [
        7439
      ],
      "shouldPause": false
    },
    {
      "itemType": 50,
      "tilePositionOfsets": [
        7839
      ],
      "shouldPause": false
    },
    {
      "itemType": 112,
      "tilePositionOfsets": [
        4435
      ],
      "shouldPause": false
    },
    {
      "itemType": 83,
      "tilePositionOfsets": [
        8244
      ],
      "shouldPause": false
    },
    {
      "itemType": 83,
      "tilePositionOfsets": [
        7435
      ],
      "shouldPause": false
    },
    {
      "itemType": 92,
      "tilePositionOfsets": [
        8628
      ],
      "shouldPause": false
    },
    {
      "itemType": 112,
      "tilePositionOfsets": [
        5958
      ],
      "shouldPause": false
    },
    {
      "itemType": 112,
      "tilePositionOfsets": [
        5835
      ],
      "shouldPause": false
    },
    {
      "itemType": 112,
      "tilePositionOfsets": [
        2946
      ],
      "shouldPause": false
    },
    {
      "itemType": 85,
      "tilePositionOfsets": [
        8316
      ],
      "shouldPause": false
    },
    {
      "itemType": 85,
      "tilePositionOfsets": [
        9334
      ],
      "shouldPause": false
    },
    {
      "itemType": 85,
      "tilePositionOfsets": [
        9265
      ],
      "shouldPause": false
    },
    {
      "itemType": 177,
      "tilePositionOfsets": [
        9119
      ],
      "shouldPause": false
    },
    {
      "itemType": 177,
      "tilePositionOfsets": [
        9429
      ],
      "shouldPause": false
    },
    {
      "itemType": 177,
      "tilePositionOfsets": [
        8717
      ],
      "shouldPause": false
    },
    {
      "itemType": 177,
      "tilePositionOfsets": [
        9139
      ],
      "shouldPause": false
    },
    {
      "itemType": 176,
      "tilePositionOfsets": [
        9346
      ],
      "shouldPause": false
    },
    {
      "itemType": 176,
      "tilePositionOfsets": [
        9146
      ],
      "shouldPause": false
    },
    {
      "itemType": 176,
      "tilePositionOfsets": [
        9143
      ],
      "shouldPause": false
    },
    {
      "itemType": 177,
      "tilePositionOfsets": [
        7055
      ],
      "shouldPause": false
    },
    {
      "itemType": 177,
      "tilePositionOfsets": [
        6941
      ],
      "shouldPause": false
    },
    {
      "itemType": 177,
      "tilePositionOfsets": [
        6559
      ],
      "shouldPause": false
    },
    {
      "itemType": 308,
      "tilePositionOfsets": [
        9459
      ],
      "shouldPause": false
    },
    {
      "itemType": 308,
      "tilePositionOfsets": [
        6970
      ],
      "shouldPause": false
    },
    {
      "itemType": 308,
      "tilePositionOfsets": [
        6562
      ],
      "shouldPause": false
    },
    {
      "itemType": 308,
      "tilePositionOfsets": [
        6536
      ],
      "shouldPause": false
    },
    {
      "itemType": 308,
      "tilePositionOfsets": [
        7816
      ],
      "shouldPause": false
    },
    {
      "itemType": 306,
      "tilePositionOfsets": [
        6434
      ],
      "shouldPause": false
    },
    {
      "itemType": 306,
      "tilePositionOfsets": [
        6430
      ],
      "shouldPause": false
    },
    {
      "itemType": 306,
      "tilePositionOfsets": [
        8014
      ],
      "shouldPause": false
    },
    {
      "itemType": 306,
      "tilePositionOfsets": [
        7316
      ],
      "shouldPause": false
    },
    {
      "itemType": 306,
      "tilePositionOfsets": [
        9332
      ],
      "shouldPause": false
    },
    {
      "itemType": 306,
      "tilePositionOfsets": [
        6565
      ],
      "shouldPause": false
    },
    {
      "itemType": 306,
      "tilePositionOfsets": [
        7073
      ],
      "shouldPause": false
    },
    {
      "itemType": 306,
      "tilePositionOfsets": [
        7476
      ],
      "shouldPause": false
    },
    {
      "itemType": 306,
      "tilePositionOfsets": [
        9462
      ],
      "shouldPause": false
    },
    {
      "itemType": 176,
      "tilePositionOfsets": [
        9464
      ],
      "shouldPause": false
    },
    {
      "itemType": 176,
      "tilePositionOfsets": [
        9466
      ],
      "shouldPause": false
    },
    {
      "itemType": 176,
      "tilePositionOfsets": [
        7374
      ],
      "shouldPause": false
    },
    {
      "itemType": 176,
      "tilePositionOfsets": [
        7574
      ],
      "shouldPause": false
    },
    {
      "itemType": 176,
      "tilePositionOfsets": [
        6764
      ],
      "shouldPause": false
    },
    {
      "itemType": 176,
      "tilePositionOfsets": [
        6432
      ],
      "shouldPause": false
    },
    {
      "itemType": 176,
      "tilePositionOfsets": [
        7517
      ],
      "shouldPause": false
    },
    {
      "itemType": 176,
      "tilePositionOfsets": [
        7813
      ],
      "shouldPause": false
    },
    {
      "itemType": 176,
      "tilePositionOfsets": [
        8214
      ],
      "shouldPause": false
    },
    {
      "itemType": 176,
      "tilePositionOfsets": [
        8917
      ],
      "shouldPause": false
    },
    {
      "itemType": 176,
      "tilePositionOfsets": [
        6839
      ],
      "shouldPause": false
    },
    {
      "itemType": 176,
      "tilePositionOfsets": [
        6844
      ],
      "shouldPause": false
    },
    {
      "itemType": 176,
      "tilePositionOfsets": [
        6853
      ],
      "shouldPause": false
    },
    {
      "itemType": 310,
      "tilePositionOfsets": [
        7021
      ],
      "shouldPause": false
    },
    {
      "itemType": 176,
      "tilePositionOfsets": [
        6153
      ],
      "shouldPause": false
    },
    {
      "itemType": 99,
      "tilePositionOfsets": [
        6159,
        6160,
        6161,
        6162,
        6163,
        6164,
        6059,
        6060,
        6061,
        6062,
        6063,
        6064,
        5963,
        5964,
        5965,
        5863,
        5864,
        5865,
        5763,
        5764,
        5765,
        5663,
        5664,
        5563,
        5564,
        5565,
        5459,
        5460,
        5461,
        5462,
        5463,
        5464,
        5465,
        5359,
        5360,
        5361,
        5362,
        5363,
        5364,
        5365,
        5259,
        5260,
        5261,
        5262,
        5263,
        5264,
        5265,
        5159,
        5160,
        5161,
        5162,
        5163,
        5164,
        5059,
        5060,
        5061,
        5062,
        5063,
        5064,
        5065,
        4959,
        4960,
        4961,
        4962,
        4963,
        4964,
        4859,
        4860,
        4861,
        4862,
        4863,
        4864,
        4865,
        4759,
        4760,
        4761,
        4762,
        4763,
        4764,
        4765,
        4659,
        4660,
        4661,
        4662,
        4663,
        4664,
        4559,
        4560,
        4561,
        4562,
        4563,
        4564,
        4565,
        4566,
        4459,
        4460,
        4461,
        4462,
        4463,
        4464,
        4363,
        4364,
        4365,
        4263,
        4264,
        4265,
        4163,
        4164,
        4063,
        4064,
        3963,
        3964,
        3965,
        3859,
        3860,
        3861,
        3862,
        3863,
        3864,
        3759,
        3760,
        3761,
        3762,
        3763,
        3764,
        3765,
        3659,
        3660,
        3661,
        3662,
        3663,
        3664,
        3665,
        3559,
        3560,
        3561,
        3562,
        3563,
        3564,
        3565,
        3459,
        3460,
        3461,
        3462,
        3463,
        3464,
        3359,
        3360,
        3361,
        3362,
        3363,
        3364,
        3259,
        3260,
        3261,
        3262,
        3263,
        3264,
        3159,
        3160,
        3161,
        3162,
        3163,
        3164,
        3059,
        3060,
        3061,
        3062,
        3063,
        3064,
        2959,
        2960,
        2961,
        2962,
        2963,
        2964,
        2851,
        2852,
        2853,
        2854,
        2855,
        2856,
        2857,
        2858,
        2859,
        2860,
        2861,
        2862,
        2863,
        2751,
        2752,
        2753,
        2754,
        2755,
        2756,
        2757,
        2758,
        2759,
        2760,
        2761,
        2762,
        2763,
        2651,
        2652,
        2653,
        2654,
        2655,
        2656,
        2657,
        2658,
        2659,
        2660,
        2661,
        2662,
        2551,
        2552,
        2553,
        2554,
        2555,
        2556,
        2557,
        2558,
        2559,
        2560,
        2561,
        2452,
        2453,
        2454,
        2455,
        2456,
        2457,
        2458,
        2459,
        2460,
        2352,
        2353,
        2354,
        2355,
        2356,
        2357,
        2358,
        2359,
        2360,
        2250,
        2251,
        2252,
        2253,
        2254,
        2255,
        2256,
        2257,
        2152
      ],
      "shouldPause": false
    },
    {
      "itemType": 99,
      "tilePositionOfsets": [
        6132,
        6133,
        6134,
        6135,
        6136,
        6137,
        6138,
        6032,
        6033,
        6034,
        6035,
        6036,
        6037,
        6038,
        5931,
        5932,
        5933,
        5934,
        5935,
        5936,
        5937,
        5938,
        5831,
        5832,
        5833,
        5834,
        5732,
        5733,
        5734,
        5633,
        5634,
        5533,
        5534,
        5433,
        5434,
        5333,
        5334,
        5335,
        5336,
        5337,
        5338,
        5234,
        5235,
        5236,
        5237,
        5238,
        5133,
        5134,
        5135,
        5136,
        5137,
        5138,
        5032,
        5033,
        5034,
        5035,
        5036,
        5037,
        5038,
        4932,
        4933,
        4934,
        4935,
        4936,
        4937,
        4938,
        4832,
        4833,
        4834,
        4835,
        4836,
        4837,
        4838,
        4732,
        4733,
        4734,
        4735,
        4736,
        4737,
        4738,
        4632,
        4633,
        4634,
        4635,
        4636,
        4637,
        4638,
        4533,
        4534,
        4535,
        4536,
        4537,
        4538,
        4432,
        4433,
        4434,
        4332,
        4333,
        4334,
        4233,
        4234,
        4133,
        4134,
        4033,
        4034,
        3934,
        3935,
        3936,
        3937,
        3938,
        3834,
        3835,
        3836,
        3837,
        3838,
        3733,
        3734,
        3735,
        3736,
        3737,
        3738,
        3633,
        3634,
        3635,
        3636,
        3637,
        3638,
        3534,
        3535,
        3536,
        3537,
        3538,
        3434,
        3435,
        3436,
        3437,
        3438,
        3333,
        3334,
        3335,
        3336,
        3337,
        3338,
        3233,
        3234,
        3235,
        3236,
        3237,
        3238,
        3133,
        3134,
        3135,
        3136,
        3137,
        3138,
        3033,
        3034,
        3035,
        3036,
        3037,
        3038,
        2933,
        2934,
        2935,
        2936,
        2937,
        2938,
        2834,
        2835,
        2836,
        2837,
        2838,
        2839,
        2840,
        2841,
        2842,
        2843,
        2844,
        2845,
        2734,
        2735,
        2736,
        2737,
        2738,
        2739,
        2740,
        2741,
        2742,
        2743,
        2744,
        2745,
        2634,
        2635,
        2636,
        2637,
        2638,
        2639,
        2640,
        2641,
        2642,
        2643,
        2644,
        2645,
        2535,
        2536,
        2537,
        2538,
        2539,
        2540,
        2541,
        2542,
        2543,
        2544,
        2545,
        2435,
        2436,
        2437,
        2438,
        2439,
        2440,
        2441,
        2442,
        2443,
        2444,
        2445,
        2446,
        2447,
        2448,
        2449,
        2450,
        2451,
        2336,
        2337,
        2338,
        2339,
        2340,
        2341,
        2342,
        2343,
        2344,
        2345,
        2346,
        2347,
        2348,
        2349,
        2350,
        2351,
        2236,
        2237,
        2238,
        2239,
        2240,
        2241,
        2242,
        2243,
        2244,
        2245,
        2246,
        2247,
        2248,
        2249,
        2138,
        2139,
        2140,
        2141,
        2142,
        2143,
        2144,
        2145,
        2146,
        2147,
        2148,
        2149,
        2043,
        2044,
        2046,
        2048
      ],
      "shouldPause": false
    }
  ],
  "miscItems": [
    {
      "positionOfset": 6650,
      "itemType": 7,
      "number": 0
    },
    {
      "positionOfset": 6548,
      "itemType": 7,
      "number": 1
    },
    {
      "positionOfset": 9542,
      "itemType": 7,
      "number": 2
    },
    {
      "positionOfset": 5637,
      "itemType": 7,
      "number": 3
    },
    {
      "positionOfset": 4237,
      "itemType": 7,
      "number": 4
    },
    {
      "positionOfset": 2749,
      "itemType": 7,
      "number": 5
    },
    {
      "positionOfset": 4160,
      "itemType": 7,
      "number": 6
    },
    {
      "positionOfset": 5760,
      "itemType": 7,
      "number": 7
    },
    {
      "positionOfset": 8082,
      "itemType": 7,
      "number": 8
    },
    {
      "positionOfset": 8111,
      "itemType": 7,
      "number": 9
    },
    {
      "positionOfset": 6151,
      "itemType": 15,
      "number": 0
    },
    {
      "positionOfset": 6244,
      "itemType": 15,
      "number": 1
    },
    {
      "positionOfset": 5736,
      "itemType": 19,
      "number": 0
    },
    {
      "positionOfset": 5861,
      "itemType": 19,
      "number": 1
    },
    {
      "positionOfset": 4261,
      "itemType": 19,
      "number": 2
    },
    {
      "positionOfset": 4136,
      "itemType": 19,
      "number": 3
    },
    {
      "positionOfset": 2748,
      "itemType": 19,
      "number": 4
    },
    {
      "positionOfset": 6449,
      "itemType": 19,
      "number": 5
    }
  ]
}