{
  "pauseDelayAmount": 10,
  "frames": [
    {
      "itemType": 61,
      "tilePositionOfsets": [
        5643
      ],
      "shouldPause": false
    },
    {
      "itemType": 52,
      "tilePositionOfsets": [
        4950
      ],
      "shouldPause": false
    },
    {
      "itemType": 52,
      "tilePositionOfsets": [
        4450
      ],
      "shouldPause": false
    },
    {
      "itemType": 80,
      "tilePositionOfsets": [
        6138
      ],
      "shouldPause": false
    },
    {
      "itemType": 80,
      "tilePositionOfsets": [
        5738
      ],
      "shouldPause": false
    },
    {
      "itemType": 54,
      "tilePositionOfsets": [
        6572
      ],
      "shouldPause": false
    },
    {
      "itemType": 54,
      "tilePositionOfsets": [
        6072
      ],
      "shouldPause": false
    },
    {
      "itemType": 54,
      "tilePositionOfsets": [
        7068
      ],
      "shouldPause": false
    },
    {
      "itemType": 54,
      "tilePositionOfsets": [
        6924
      ],
      "shouldPause": false
    },
    {
      "itemType": 54,
      "tilePositionOfsets": [
        6423
      ],
      "shouldPause": false
    },
    {
      "itemType": 54,
      "tilePositionOfsets": [
        6023
      ],
      "shouldPause": false
    },
    {
      "itemType": 54,
      "tilePositionOfsets": [
        8531
      ],
      "shouldPause": false
    },
    {
      "itemType": 54,
      "tilePositionOfsets": [
        8661
      ],
      "shouldPause": false
    },
    {
      "itemType": 54,
      "tilePositionOfsets": [
        8336
      ],
      "shouldPause": false
    },
    {
      "itemType": 54,
      "tilePositionOfsets": [
        8756
      ],
      "shouldPause": false
    },
    {
      "itemType": 54,
      "tilePositionOfsets": [
        8752
      ],
      "shouldPause": false
    },
    {
      "itemType": 54,
      "tilePositionOfsets": [
        8256
      ],
      "shouldPause": false
    },
    {
      "itemType": 77,
      "tilePositionOfsets": [
        4438
      ],
      "shouldPause": false
    },
    {
      "itemType": 86,
      "tilePositionOfsets": [
        8025
      ],
      "shouldPause": false
    },
    {
      "itemType": 87,
      "tilePositionOfsets": [
        6461
      ],
      "shouldPause": false
    },
    {
      "itemType": 81,
      "tilePositionOfsets": [
        6150
      ],
      "shouldPause": false
    },
    {
      "itemType": 81,
      "tilePositionOfsets": [
        6146
      ],
      "shouldPause": false
    },
    {
      "itemType": 330,
      "tilePositionOfsets": [
        4838
      ],
      "shouldPause": false
    },
    {
      "itemType": 88,
      "tilePositionOfsets": [
        6928
      ],
      "shouldPause": false
    },
    {
      "itemType": 76,
      "tilePositionOfsets": [
        6838
      ],
      "shouldPause": false
    },
    {
      "itemType": 76,
      "tilePositionOfsets": [
        6851
      ],
      "shouldPause": false
    },
    {
      "itemType": 85,
      "tilePositionOfsets": [
        7451
      ],
      "shouldPause": false
    },
    {
      "itemType": 85,
      "tilePositionOfsets": [
        7446
      ],
      "shouldPause": false
    },
    {
      "itemType": 146,
      "tilePositionOfsets": [
        6943
      ],
      "shouldPause": false
    },
    {
      "itemType": 25,
      "tilePositionOfsets": [
        6350,
        6351,
        6352,
        6353,
        6354,
        6355,
        6356
      ],
      "shouldPause": false
    },
    {
      "itemType": 25,
      "tilePositionOfsets": [
        6256,
        6156,
        6056,
        5956,
        5856,
        5756,
        5656,
        5556,
        5456,
        5356,
        5256,
        5156,
        5056,
        4956,
        4856,
        4756,
        4656,
        4556,
        4456,
        4356,
        4256,
        4156,
        4056
      ],
      "shouldPause": false
    },
    {
      "itemType": 25,
      "tilePositionOfsets": [
        3938,
        3939,
        3940,
        3941,
        3942,
        3943,
        3944,
        3945,
        3946,
        3947,
        3948,
        3949,
        3950,
        3951,
        3952,
        3953,
        3954,
        3955,
        3956
      ],
      "shouldPause": false
    },
    {
      "itemType": 25,
      "tilePositionOfsets": [
        6237,
        6137,
        6037,
        5937,
        5837,
        5737,
        5637,
        5537,
        5437,
        5337,
        5237,
        5137,
        5037,
        4937,
        4837,
        4737,
        4637,
        4537,
        4437,
        4337,
        4237,
        4137,
        4037,
        3937
      ],
      "shouldPause": false
    },
    {
      "itemType": 25,
      "tilePositionOfsets": [
        6337,
        6338,
        6339,
        6340,
        6341,
        6342
      ],
      "shouldPause": false
    },
    {
      "itemType": 25,
      "tilePositionOfsets": [
        6357,
        6257,
        6157,
        6057,
        5957,
        5857,
        5757,
        5657,
        5557,
        5457,
        5357,
        5257,
        5157,
        5057,
        4957,
        4857,
        4757,
        4657,
        4557,
        4457,
        4357,
        4257,
        4157,
        4057,
        3957
      ],
      "shouldPause": false
    },
    {
      "itemType": 25,
      "tilePositionOfsets": [
        3837,
        3838,
        3839,
        3840,
        3841,
        3842,
        3843,
        3844,
        3845,
        3846,
        3847,
        3848,
        3849,
        3850,
        3851,
        3852,
        3853,
        3854,
        3855,
        3856,
        3857
      ],
      "shouldPause": false
    },
    {
      "itemType": 25,
      "tilePositionOfsets": [
        6336,
        6236,
        6136,
        6036,
        5936,
        5836,
        5736,
        5636,
        5536,
        5436,
        5336,
        5236,
        5136,
        5036,
        4936,
        4836,
        4736,
        4636,
        4536,
        4436,
        4336,
        4236,
        4136,
        4036,
        3936,
        3836
      ],
      "shouldPause": false
    },
    {
      "itemType": 25,
      "tilePositionOfsets": [
        6335,
        6235,
        6135,
        6035,
        5935,
        5835,
        5735,
        5635,
        5535,
        5435,
        5335,
        5235,
        5135,
        5035,
        4935,
        4835,
        4735,
        4635,
        4535,
        4435,
        4335,
        4235,
        4135,
        4035,
        3935,
        3835
      ],
      "shouldPause": false
    },
    {
      "itemType": 25,
      "tilePositionOfsets": [
        3735,
        3736,
        3737,
        3738,
        3739,
        3740,
        3741,
        3742,
        3743,
        3744,
        3745,
        3746,
        3747,
        3748,
        3749,
        3750,
        3751,
        3752,
        3753,
        3754,
        3755,
        3756,
        3757
      ],
      "shouldPause": false
    },
    {
      "itemType": 25,
      "tilePositionOfsets": [
        6358,
        6258,
        6158,
        6058,
        5958,
        5858,
        5758,
        5658,
        5558,
        5458,
        5358,
        5258,
        5158,
        5058,
        4958,
        4858,
        4758,
        4658,
        4558,
        4458,
        4358,
        4258,
        4158,
        4058,
        3958,
        3858,
        3758
      ],
      "shouldPause": false
    },
    {
      "itemType": 26,
      "tilePositionOfsets": [
        6450,
        6451,
        6452,
        6453,
        6454,
        6455,
        6456,
        6457,
        6458
      ],
      "shouldPause": false
    },
    {
      "itemType": 26,
      "tilePositionOfsets": [
        6459,
        6359,
        6259,
        6159,
        6059,
        5959,
        5859,
        5759,
        5659,
        5559,
        5459,
        5359,
        5259,
        5159,
        5059,
        4959,
        4859,
        4759,
        4659
      ],
      "shouldPause": false
    },
    {
      "itemType": 26,
      "tilePositionOfsets": [
        4059,
        3959,
        3859,
        3759
      ],
      "shouldPause": false
    },
    {
      "itemType": 26,
      "tilePositionOfsets": [
        3650,
        3651,
        3652,
        3653,
        3654,
        3655,
        3656,
        3657,
        3658,
        3659
      ],
      "shouldPause": false
    },
    {
      "itemType": 26,
      "tilePositionOfsets": [
        3635,
        3636,
        3637,
        3638,
        3639,
        3640,
        3641,
        3642,
        3643,
        3644
      ],
      "shouldPause": false
    },
    {
      "itemType": 26,
      "tilePositionOfsets": [
        4034,
        3934,
        3834,
        3734,
        3634
      ],
      "shouldPause": false
    },
    {
      "itemType": 26,
      "tilePositionOfsets": [
        6334,
        6234,
        6134,
        6034,
        5934,
        5834,
        5734,
        5634,
        5534,
        5434,
        5334,
        5234,
        5134,
        5034,
        4934,
        4834,
        4734,
        4634
      ],
      "shouldPause": false
    },
    {
      "itemType": 26,
      "tilePositionOfsets": [
        6434,
        6435,
        6436,
        6437,
        6438,
        6439,
        6440,
        6441,
        6442
      ],
      "shouldPause": false
    },
    {
      "itemType": 96,
      "tilePositionOfsets": [
        8161
      ],
      "shouldPause": false
    },
    {
      "itemType": 76,
      "tilePositionOfsets": [
        6856
      ],
      "shouldPause": false
    },
    {
      "itemType": 76,
      "tilePositionOfsets": [
        6834
      ],
      "shouldPause": false
    },
    {
      "itemType": 92,
      "tilePositionOfsets": [
        5928
      ],
      "shouldPause": false
    },
    {
      "itemType": 83,
      "tilePositionOfsets": [
        7851
      ],
      "shouldPause": false
    },
    {
      "itemType": 50,
      "tilePositionOfsets": [
        8246
      ],
      "shouldPause": false
    },
    {
      "itemType": 85,
      "tilePositionOfsets": [
        7846
      ],
      "shouldPause": false
    },
    {
      "itemType": 330,
      "tilePositionOfsets": [
        5138
      ],
      "shouldPause": false
    },
    {
      "itemType": 46,
      "tilePositionOfsets": [
        5160,
        5161,
        5162,
        5163,
        5164,
        5165,
        5166,
        5167,
        5168
      ],
      "shouldPause": false
    },
    {
      "itemType": 46,
      "tilePositionOfsets": [
        5878,
        5777,
        5676,
        5575,
        5474,
        5373,
        5271,
        5272,
        5169,
        5170
      ],
      "shouldPause": false
    },
    {
      "itemType": 46,
      "tilePositionOfsets": [
        7181,
        7081,
        6981,
        6881,
        6781,
        6681,
        6581,
        6481,
        6381,
        6280,
        6180,
        6079,
        5979
      ],
      "shouldPause": false
    },
    {
      "itemType": 111,
      "tilePositionOfsets": [
        7579
      ],
      "shouldPause": false
    },
    {
      "itemType": 46,
      "tilePositionOfsets": [
        8770,
        8671,
        8572,
        8473,
        8374,
        8275,
        8176,
        8077,
        7978,
        7879,
        7780,
        7680
      ],
      "shouldPause": false
    },
    {
      "itemType": 46,
      "tilePositionOfsets": [
        9051,
        9052,
        9053,
        9054,
        9055,
        9056,
        9057,
        9058,
        9059,
        9060,
        9061,
        9062,
        9063,
        9064,
        9065,
        8966,
        8967,
        8868,
        8869
      ],
      "shouldPause": false
    },
    {
      "itemType": 46,
      "tilePositionOfsets": [
        5128,
        5129,
        5130,
        5131,
        5132,
        5133
      ],
      "shouldPause": false
    },
    {
      "itemType": 46,
      "tilePositionOfsets": [
        5520,
        5421,
        5322,
        5323,
        5224,
        5225,
        5126,
        5127
      ],
      "shouldPause": false
    },
    {
      "itemType": 111,
      "tilePositionOfsets": [
        5917
      ],
      "shouldPause": false
    },
    {
      "itemType": 46,
      "tilePositionOfsets": [
        7715,
        7615,
        7515,
        7415,
        7315,
        7215,
        7115,
        7015,
        6915,
        6815,
        6715,
        6615,
        6516,
        6416,
        6317,
        6217,
        6118,
        6018
      ],
      "shouldPause": false
    },
    {
      "itemType": 46,
      "tilePositionOfsets": [
        8521,
        8420,
        8319,
        8218,
        8117,
        8017,
        7916,
        7816
      ],
      "shouldPause": false
    },
    {
      "itemType": 111,
      "tilePositionOfsets": [
        8822
      ],
      "shouldPause": false
    },
    {
      "itemType": 46,
      "tilePositionOfsets": [
        9027,
        9028,
        9029,
        9030,
        9031,
        9032,
        9033,
        9034,
        9035,
        9036,
        9037,
        9038,
        9039,
        9040,
        9041,
        9042,
        9043,
        9044,
        9045,
        8925,
        8926
      ],
      "shouldPause": false
    },
    {
      "itemType": 144,
      "tilePositionOfsets": [
        9146
      ],
      "shouldPause": false
    },
    {
      "itemType": 85,
      "tilePositionOfsets": [
        7441
      ],
      "shouldPause": false
    },
    {
      "itemType": 50,
      "tilePositionOfsets": [
        7436
      ],
      "shouldPause": false
    },
    {
      "itemType": 342,
      "tilePositionOfsets": [
        8527
      ],
      "shouldPause": false
    },
    {
      "itemType": 95,
      "tilePositionOfsets": [
        7618
      ],
      "shouldPause": false
    },
    {
      "itemType": 92,
      "tilePositionOfsets": [
        7771
      ],
      "shouldPause": false
    },
    {
      "itemType": 85,
      "tilePositionOfsets": [
        7456
      ],
      "shouldPause": false
    },
    {
      "itemType": 112,
      "tilePositionOfsets": [
        4559
      ],
      "shouldPause": false
    },
    {
      "itemType": 112,
      "tilePositionOfsets": [
        4530
      ],
      "shouldPause": false
    },
    {
      "itemType": 92,
      "tilePositionOfsets": [
        8440
      ],
      "shouldPause": false
    },
    {
      "itemType": 50,
      "tilePositionOfsets": [
        7836
      ],
      "shouldPause": false
    },
    {
      "itemType": 95,
      "tilePositionOfsets": [
        7161
      ],
      "shouldPause": false
    },
    {
      "itemType": 95,
      "tilePositionOfsets": [
        7174
      ],
      "shouldPause": false
    },
    {
      "itemType": 342,
      "tilePositionOfsets": [
        6576
      ],
      "shouldPause": false
    },
    {
      "itemType": 95,
      "tilePositionOfsets": [
        7017
      ],
      "shouldPause": false
    },
    {
      "itemType": 112,
      "tilePositionOfsets": [
        3645
      ],
      "shouldPause": false
    },
    {
      "itemType": 83,
      "tilePositionOfsets": [
        7856
      ],
      "shouldPause": false
    },
    {
      "itemType": 83,
      "tilePositionOfsets": [
        8251
      ],
      "shouldPause": false
    },
    {
      "itemType": 85,
      "tilePositionOfsets": [
        7841
      ],
      "shouldPause": false
    },
    {
      "itemType": 311,
      "tilePositionOfsets": [
        8940
      ],
      "shouldPause": false
    },
    {
      "itemType": 310,
      "tilePositionOfsets": [
        8837
      ],
      "shouldPause": false
    },
    {
      "itemType": 310,
      "tilePositionOfsets": [
        8020
      ],
      "shouldPause": false
    },
    {
      "itemType": 310,
      "tilePositionOfsets": [
        5430
      ],
      "shouldPause": false
    },
    {
      "itemType": 310,
      "tilePositionOfsets": [
        5460
      ],
      "shouldPause": false
    },
    {
      "itemType": 310,
      "tilePositionOfsets": [
        8171
      ],
      "shouldPause": false
    },
    {
      "itemType": 177,
      "tilePositionOfsets": [
        5464
      ],
      "shouldPause": false
    },
    {
      "itemType": 177,
      "tilePositionOfsets": [
        8466
      ],
      "shouldPause": false
    },
    {
      "itemType": 177,
      "tilePositionOfsets": [
        8322
      ],
      "shouldPause": false
    },
    {
      "itemType": 177,
      "tilePositionOfsets": [
        8933
      ],
      "shouldPause": false
    },
    {
      "itemType": 177,
      "tilePositionOfsets": [
        8929
      ],
      "shouldPause": false
    },
    {
      "itemType": 177,
      "tilePositionOfsets": [
        8547
      ],
      "shouldPause": false
    },
    {
      "itemType": 177,
      "tilePositionOfsets": [
        8961
      ],
      "shouldPause": false
    },
    {
      "itemType": 176,
      "tilePositionOfsets": [
        8864
      ],
      "shouldPause": false
    },
    {
      "itemType": 176,
      "tilePositionOfsets": [
        8667
      ],
      "shouldPause": false
    },
    {
      "itemType": 176,
      "tilePositionOfsets": [
        8372
      ],
      "shouldPause": false
    },
    {
      "itemType": 176,
      "tilePositionOfsets": [
        8955
      ],
      "shouldPause": false
    },
    {
      "itemType": 176,
      "tilePositionOfsets": [
        8951
      ],
      "shouldPause": false
    },
    {
      "itemType": 176,
      "tilePositionOfsets": [
        5467
      ],
      "shouldPause": false
    },
    {
      "itemType": 176,
      "tilePositionOfsets": [
        5671
      ],
      "shouldPause": false
    },
    {
      "itemType": 176,
      "tilePositionOfsets": [
        5428
      ],
      "shouldPause": false
    },
    {
      "itemType": 176,
      "tilePositionOfsets": [
        5626
      ],
      "shouldPause": false
    },
    {
      "itemType": 176,
      "tilePositionOfsets": [
        7216
      ],
      "shouldPause": false
    },
    {
      "itemType": 176,
      "tilePositionOfsets": [
        7516
      ],
      "shouldPause": false
    },
    {
      "itemType": 176,
      "tilePositionOfsets": [
        7818
      ],
      "shouldPause": false
    },
    {
      "itemType": 306,
      "tilePositionOfsets": [
        5624
      ],
      "shouldPause": false
    },
    {
      "itemType": 306,
      "tilePositionOfsets": [
        6021
      ],
      "shouldPause": false
    },
    {
      "itemType": 306,
      "tilePositionOfsets": [
        8018
      ],
      "shouldPause": false
    },
    {
      "itemType": 306,
      "tilePositionOfsets": [
        8727
      ],
      "shouldPause": false
    },
    {
      "itemType": 306,
      "tilePositionOfsets": [
        8469
      ],
      "shouldPause": false
    },
    {
      "itemType": 306,
      "tilePositionOfsets": [
        7975
      ],
      "shouldPause": false
    },
    {
      "itemType": 306,
      "tilePositionOfsets": [
        7776
      ],
      "shouldPause": false
    },
    {
      "itemType": 306,
      "tilePositionOfsets": [
        7477
      ],
      "shouldPause": false
    },
    {
      "itemType": 306,
      "tilePositionOfsets": [
        5470
      ],
      "shouldPause": false
    },
    {
      "itemType": 176,
      "tilePositionOfsets": [
        8537
      ],
      "shouldPause": false
    },
    {
      "itemType": 176,
      "tilePositionOfsets": [
        6076
      ],
      "shouldPause": false
    },
    {
      "itemType": 176,
      "tilePositionOfsets": [
        8957
      ],
      "shouldPause": false
    },
    {
      "itemType": 176,
      "tilePositionOfsets": [
        8953
      ],
      "shouldPause": false
    },
    {
      "itemType": 176,
      "tilePositionOfsets": [
        6419
      ],
      "shouldPause": false
    },
    {
      "itemType": 176,
      "tilePositionOfsets": [
        6220
      ],
      "shouldPause": false
    },
    {
      "itemType": 176,
      "tilePositionOfsets": [
        6421
      ],
      "shouldPause": false
    },
    {
      "itemType": 99,
      "tilePositionOfsets": [
        5060,
        5061,
        5062,
        5063,
        5064,
        5065,
        5066,
        5067,
        4960,
        4961,
        4962,
        4963,
        4964,
        4965,
        4966,
        4967,
        4860,
        4861,
        4862,
        4863,
        4864,
        4865,
        4866,
        4867,
        4760,
        4761,
        4762,
        4763,
        4764,
        4765,
        4766,
        4767,
        4660,
        4661,
        4662,
        4663,
        4664,
        4665,
        4666,
        4667,
        4564,
        4565,
        4566,
        4464,
        4465,
        4466,
        4364,
        4365,
        4366,
        4264,
        4265,
        4266,
        4164,
        4165,
        4060,
        4061,
        4062,
        4063,
        4064,
        4065,
        3960,
        3961,
        3962,
        3963,
        3964,
        3965,
        3966,
        3967,
        3860,
        3861,
        3862,
        3863,
        3864,
        3865,
        3866,
        3760,
        3761,
        3762,
        3763,
        3764,
        3765,
        3766,
        3660,
        3661,
        3662,
        3663,
        3664,
        3665,
        3666,
        3550,
        3551,
        3552,
        3553,
        3554,
        3555,
        3556,
        3557,
        3558,
        3559,
        3560,
        3561,
        3562,
        3563,
        3564,
        3565,
        3450,
        3451,
        3452,
        3453,
        3454,
        3455,
        3456,
        3457,
        3458,
        3459,
        3460,
        3461,
        3462,
        3463,
        3350,
        3351,
        3352,
        3353,
        3354,
        3355,
        3356,
        3357,
        3358,
        3359,
        3360,
        3361,
        3362,
        3363,
        3250,
        3251,
        3252,
        3253,
        3254,
        3255,
        3256,
        3257,
        3258,
        3259,
        3260,
        3261,
        3262,
        3263,
        3264,
        3146,
        3147,
        3148,
        3149,
        3150,
        3151,
        3152,
        3153,
        3154,
        3156,
        3157,
        3159,
        3160,
        3161,
        3162,
        3048,
        3049,
        3051,
        3052
      ],
      "shouldPause": false
    },
    {
      "itemType": 99,
      "tilePositionOfsets": [
        5026,
        5027,
        5028,
        5029,
        5030,
        5031,
        5032,
        5033,
        4927,
        4928,
        4929,
        4930,
        4931,
        4932,
        4933,
        4828,
        4829,
        4830,
        4831,
        4832,
        4833,
        4728,
        4729,
        4730,
        4731,
        4732,
        4733,
        4627,
        4628,
        4629,
        4630,
        4631,
        4632,
        4633,
        4526,
        4527,
        4528,
        4529,
        4427,
        4428,
        4429,
        4326,
        4327,
        4328,
        4329,
        4227,
        4228,
        4229,
        4128,
        4129,
        4028,
        4029,
        4030,
        4031,
        4032,
        4033,
        3929,
        3930,
        3931,
        3932,
        3933,
        3829,
        3830,
        3831,
        3832,
        3833,
        3729,
        3730,
        3731,
        3732,
        3733,
        3629,
        3630,
        3631,
        3632,
        3633,
        3530,
        3531,
        3532,
        3533,
        3534,
        3535,
        3536,
        3537,
        3538,
        3539,
        3540,
        3541,
        3542,
        3543,
        3544,
        3431,
        3432,
        3433,
        3434,
        3435,
        3436,
        3437,
        3438,
        3439,
        3440,
        3441,
        3442,
        3443,
        3444,
        3332,
        3333,
        3334,
        3335,
        3336,
        3337,
        3338,
        3339,
        3340,
        3341,
        3342,
        3343,
        3344,
        3233,
        3234,
        3235,
        3236,
        3237,
        3238,
        3239,
        3240,
        3241,
        3242,
        3243,
        3244,
        3135,
        3136,
        3137,
        3138,
        3139,
        3140,
        3141,
        3142,
        3143,
        3144,
        3145,
        3036,
        3037,
        3038,
        3039,
        3040,
        3041,
        3042,
        3043,
        3044,
        3045,
        3046,
        3047,
        2944,
        2948
      ],
      "shouldPause": false
    }
  ],
  "miscItems": [
    {
      "positionOfset": 4332,
      "itemType": 7,
      "number": 0
    },
    {
      "positionOfset": 3447,
      "itemType": 7,
      "number": 1
    },
    {
      "positionOfset": 4361,
      "itemType": 7,
      "number": 2
    },
    {
      "positionOfset": 6747,
      "itemType": 7,
      "number": 3
    },
    {
      "positionOfset": 6646,
      "itemType": 7,
      "number": 4
    },
    {
      "positionOfset": 7481,
      "itemType": 7,
      "number": 5
    },
    {
      "positionOfset": 5718,
      "itemType": 7,
      "number": 6
    },
    {
      "positionOfset": 8624,
      "itemType": 7,
      "number": 7
    },
    {
      "positionOfset": 8948,
      "itemType": 7,
      "number": 8
    },
    {
      "positionOfset": 4362,
      "itemType": 19,
      "number": 0
    },
    {
      "positionOfset": 3448,
      "itemType": 19,
      "number": 1
    },
    {
      "positionOfset": 4233,
      "itemType": 19,
      "number": 2
    },
    {
      "positionOfset": 5719,
      "itemType": 19,
      "number": 3
    },
    {
      "positionOfset": 8723,
      "itemType": 19,
      "number": 4
    },
    {
      "positionOfset": 7380,
      "itemType": 19,
      "number": 5
    }
  ]
}