{
  "pauseDelayAmount": 10,
  "frames": [
    {
      "itemType": 61,
      "tilePositionOfsets": [
        5643
      ],
      "shouldPause": false
    },
    {
      "itemType": 52,
      "tilePositionOfsets": [
        5355
      ],
      "shouldPause": false
    },
    {
      "itemType": 80,
      "tilePositionOfsets": [
        4338
      ],
      "shouldPause": false
    },
    {
      "itemType": 77,
      "tilePositionOfsets": [
        6348
      ],
      "shouldPause": false
    },
    {
      "itemType": 86,
      "tilePositionOfsets": [
        5929
      ],
      "shouldPause": false
    },
    {
      "itemType": 81,
      "tilePositionOfsets": [
        6433
      ],
      "shouldPause": false
    },
    {
      "itemType": 87,
      "tilePositionOfsets": [
        6854
      ],
      "shouldPause": false
    },
    {
      "itemType": 106,
      "tilePositionOfsets": [
        8047,
        8053,
        8055,
        7946,
        7947,
        7948,
        7949,
        7950,
        7952,
        7953,
        7954,
        7955,
        7844,
        7845,
        7846,
        7847,
        7848,
        7849,
        7850,
        7851,
        7852,
        7853,
        7854,
        7855,
        7856,
        7857,
        7859,
        7737,
        7738,
        7739,
        7741,
        7742,
        7743,
        7744,
        7745,
        7746,
        7747,
        7748,
        7749,
        7750,
        7751,
        7752,
        7753,
        7754,
        7755,
        7756,
        7757,
        7758,
        7759,
        7760,
        7761,
        7762,
        7636,
        7637,
        7638,
        7639,
        7640,
        7641,
        7642,
        7643,
        7644,
        7645,
        7654,
        7655,
        7656,
        7657,
        7658,
        7659,
        7660,
        7661,
        7662,
        7663,
        7535,
        7536,
        7537,
        7538,
        7539,
        7558,
        7559,
        7560,
        7561,
        7562,
        7563,
        7564,
        7565,
        7431,
        7432,
        7434,
        7435,
        7436,
        7437,
        7438,
        7462,
        7463,
        7464,
        7331,
        7332,
        7333,
        7334,
        7363,
        7364,
        7365,
        7366,
        7367,
        7230,
        7231,
        7232,
        7233,
        7265,
        7266,
        7267,
        7129,
        7130,
        7131,
        7132,
        7166,
        7167,
        7030,
        7031,
        7067,
        6927,
        6928,
        6929,
        6930,
        6931,
        6827,
        6725,
        6726,
        6727,
        6625,
        6626,
        6627,
        6525,
        6526,
        6425,
        6426,
        6325,
        6326,
        6327,
        6225,
        6226,
        6227,
        6126,
        6127
      ],
      "shouldPause": false
    },
    {
      "itemType": 54,
      "tilePositionOfsets": [
        4655
      ],
      "shouldPause": false
    },
    {
      "itemType": 82,
      "tilePositionOfsets": [
        6329
      ],
      "shouldPause": false
    },
    {
      "itemType": 50,
      "tilePositionOfsets": [
        6729
      ],
      "shouldPause": false
    },
    {
      "itemType": 50,
      "tilePositionOfsets": [
        6833
      ],
      "shouldPause": false
    },
    {
      "itemType": 50,
      "tilePositionOfsets": [
        7335
      ],
      "shouldPause": true
    },
    {
      "itemType": 82,
      "tilePositionOfsets": [
        7049
      ],
      "shouldPause": false
    },
    {
      "itemType": 82,
      "tilePositionOfsets": [
        4659
      ],
      "shouldPause": false
    },
    {
      "itemType": 54,
      "tilePositionOfsets": [
        4651
      ],
      "shouldPause": false
    },
    {
      "itemType": 50,
      "tilePositionOfsets": [
        7540
      ],
      "shouldPause": false
    },
    {
      "itemType": 54,
      "tilePositionOfsets": [
        5666
      ],
      "shouldPause": false
    },
    {
      "itemType": 50,
      "tilePositionOfsets": [
        7544
      ],
      "shouldPause": false
    },
    {
      "itemType": 145,
      "tilePositionOfsets": [
        5261
      ],
      "shouldPause": false
    },
    {
      "itemType": 111,
      "tilePositionOfsets": [
        6765
      ],
      "shouldPause": false
    },
    {
      "itemType": 144,
      "tilePositionOfsets": [
        4044
      ],
      "shouldPause": false
    },
    {
      "itemType": 112,
      "tilePositionOfsets": [
        4727
      ],
      "shouldPause": false
    },
    {
      "itemType": 25,
      "tilePositionOfsets": [
        4230
      ],
      "shouldPause": false
    },
    {
      "itemType": 25,
      "tilePositionOfsets": [
        4034
      ],
      "shouldPause": false
    },
    {
      "itemType": 25,
      "tilePositionOfsets": [
        4051
      ],
      "shouldPause": false
    },
    {
      "itemType": 25,
      "tilePositionOfsets": [
        4157
      ],
      "shouldPause": false
    },
    {
      "itemType": 25,
      "tilePositionOfsets": [
        4164
      ],
      "shouldPause": false
    },
    {
      "itemType": 106,
      "tilePositionOfsets": [
        8350,
        8351,
        8352,
        8237,
        8238,
        8246,
        8247,
        8248,
        8249,
        8250,
        8251,
        8252,
        8253,
        8254,
        8255,
        8256,
        8137,
        8138,
        8145,
        8146,
        8147,
        8148,
        8149,
        8150,
        8151,
        8152,
        8153,
        8154,
        8155,
        8156,
        8157,
        8037,
        8038,
        8039,
        8040,
        8041,
        8042,
        8043,
        8044,
        8045,
        8046,
        8048,
        8049,
        8050,
        8051,
        8052,
        8054,
        8056,
        8057,
        8058,
        8059,
        8060,
        8061,
        8062,
        7937,
        7938,
        7939,
        7940,
        7941,
        7942,
        7943,
        7944,
        7945,
        7951,
        7956,
        7957,
        7958,
        7959,
        7960,
        7961,
        7962,
        7835,
        7836,
        7837,
        7838,
        7839,
        7840,
        7841,
        7842,
        7843,
        7858,
        7860,
        7861,
        7862,
        7863,
        7864,
        7734,
        7735,
        7736,
        7740,
        7763,
        7764,
        7765,
        7632,
        7633,
        7634,
        7635,
        7664,
        7665,
        7666,
        7667,
        7529,
        7530,
        7531,
        7532,
        7533,
        7534,
        7566,
        7567,
        7429,
        7430,
        7433,
        7465,
        7466,
        7467,
        7468,
        7327,
        7328,
        7329,
        7330,
        7368,
        7369,
        7227,
        7228,
        7229,
        7268,
        7269,
        7270,
        7126,
        7127,
        7128,
        7168,
        7169,
        7170,
        7025,
        7026,
        7027,
        7028,
        7029,
        7068,
        7069,
        7070,
        6923,
        6924,
        6925,
        6926,
        6823,
        6824,
        6825,
        6826,
        6723,
        6724,
        6623,
        6624,
        6523,
        6524,
        6423,
        6424,
        6323,
        6324,
        6223,
        6224,
        6124,
        6125
      ],
      "shouldPause": false
    },
    {
      "itemType": 82,
      "tilePositionOfsets": [
        5856
      ],
      "shouldPause": false
    },
    {
      "itemType": 25,
      "tilePositionOfsets": [
        4764
      ],
      "shouldPause": false
    },
    {
      "itemType": 54,
      "tilePositionOfsets": [
        7357
      ],
      "shouldPause": false
    },
    {
      "itemType": 330,
      "tilePositionOfsets": [
        4940
      ],
      "shouldPause": false
    },
    {
      "itemType": 25,
      "tilePositionOfsets": [
        5765
      ],
      "shouldPause": false
    },
    {
      "itemType": 25,
      "tilePositionOfsets": [
        7065
      ],
      "shouldPause": false
    },
    {
      "itemType": 25,
      "tilePositionOfsets": [
        4828
      ],
      "shouldPause": false
    },
    {
      "itemType": 25,
      "tilePositionOfsets": [
        4131,
        4132,
        4133
      ],
      "shouldPause": false
    },
    {
      "itemType": 54,
      "tilePositionOfsets": [
        7650
      ],
      "shouldPause": false
    },
    {
      "itemType": 25,
      "tilePositionOfsets": [
        3935,
        3936
      ],
      "shouldPause": false
    },
    {
      "itemType": 25,
      "tilePositionOfsets": [
        3939,
        3940
      ],
      "shouldPause": false
    },
    {
      "itemType": 88,
      "tilePositionOfsets": [
        7042
      ],
      "shouldPause": false
    },
    {
      "itemType": 25,
      "tilePositionOfsets": [
        3837,
        3838
      ],
      "shouldPause": false
    },
    {
      "itemType": 25,
      "tilePositionOfsets": [
        3942,
        3943
      ],
      "shouldPause": false
    },
    {
      "itemType": 25,
      "tilePositionOfsets": [
        3949,
        3950
      ],
      "shouldPause": false
    },
    {
      "itemType": 25,
      "tilePositionOfsets": [
        4152,
        4153
      ],
      "shouldPause": false
    },
    {
      "itemType": 25,
      "tilePositionOfsets": [
        4055,
        4056
      ],
      "shouldPause": false
    },
    {
      "itemType": 25,
      "tilePositionOfsets": [
        4054
      ],
      "shouldPause": false
    },
    {
      "itemType": 25,
      "tilePositionOfsets": [
        4058,
        4059
      ],
      "shouldPause": false
    },
    {
      "itemType": 25,
      "tilePositionOfsets": [
        4062,
        4063
      ],
      "shouldPause": false
    },
    {
      "itemType": 25,
      "tilePositionOfsets": [
        3960,
        3961
      ],
      "shouldPause": false
    },
    {
      "itemType": 25,
      "tilePositionOfsets": [
        4365,
        4265
      ],
      "shouldPause": false
    },
    {
      "itemType": 25,
      "tilePositionOfsets": [
        4665,
        4565
      ],
      "shouldPause": false
    },
    {
      "itemType": 25,
      "tilePositionOfsets": [
        4466
      ],
      "shouldPause": false
    },
    {
      "itemType": 25,
      "tilePositionOfsets": [
        5127,
        5027,
        4927
      ],
      "shouldPause": false
    },
    {
      "itemType": 25,
      "tilePositionOfsets": [
        6027,
        5927
      ],
      "shouldPause": false
    },
    {
      "itemType": 25,
      "tilePositionOfsets": [
        7163,
        7164
      ],
      "shouldPause": false
    },
    {
      "itemType": 25,
      "tilePositionOfsets": [
        7262
      ],
      "shouldPause": false
    },
    {
      "itemType": 25,
      "tilePositionOfsets": [
        7361
      ],
      "shouldPause": false
    },
    {
      "itemType": 25,
      "tilePositionOfsets": [
        6966,
        6866
      ],
      "shouldPause": false
    },
    {
      "itemType": 25,
      "tilePositionOfsets": [
        5966
      ],
      "shouldPause": false
    },
    {
      "itemType": 25,
      "tilePositionOfsets": [
        6267,
        6167
      ],
      "shouldPause": false
    },
    {
      "itemType": 25,
      "tilePositionOfsets": [
        6368
      ],
      "shouldPause": false
    },
    {
      "itemType": 25,
      "tilePositionOfsets": [
        5662,
        5663
      ],
      "shouldPause": false
    },
    {
      "itemType": 25,
      "tilePositionOfsets": [
        5462,
        5362
      ],
      "shouldPause": false
    },
    {
      "itemType": 25,
      "tilePositionOfsets": [
        5826,
        5726,
        5626
      ],
      "shouldPause": false
    },
    {
      "itemType": 25,
      "tilePositionOfsets": [
        5426,
        5326,
        5226
      ],
      "shouldPause": false
    },
    {
      "itemType": 25,
      "tilePositionOfsets": [
        5525
      ],
      "shouldPause": false
    },
    {
      "itemType": 25,
      "tilePositionOfsets": [
        5764
      ],
      "shouldPause": false
    },
    {
      "itemType": 25,
      "tilePositionOfsets": [
        6268
      ],
      "shouldPause": false
    },
    {
      "itemType": 25,
      "tilePositionOfsets": [
        6168,
        6067
      ],
      "shouldPause": false
    },
    {
      "itemType": 25,
      "tilePositionOfsets": [
        5967,
        5866
      ],
      "shouldPause": false
    },
    {
      "itemType": 25,
      "tilePositionOfsets": [
        5766,
        5665
      ],
      "shouldPause": false
    },
    {
      "itemType": 25,
      "tilePositionOfsets": [
        5664,
        5563
      ],
      "shouldPause": false
    },
    {
      "itemType": 25,
      "tilePositionOfsets": [
        5562,
        5463
      ],
      "shouldPause": false
    },
    {
      "itemType": 25,
      "tilePositionOfsets": [
        5363
      ],
      "shouldPause": false
    },
    {
      "itemType": 25,
      "tilePositionOfsets": [
        4765,
        4666
      ],
      "shouldPause": false
    },
    {
      "itemType": 25,
      "tilePositionOfsets": [
        4566,
        4467
      ],
      "shouldPause": false
    },
    {
      "itemType": 25,
      "tilePositionOfsets": [
        4366
      ],
      "shouldPause": false
    },
    {
      "itemType": 25,
      "tilePositionOfsets": [
        4266,
        4165,
        4064,
        3963
      ],
      "shouldPause": false
    },
    {
      "itemType": 25,
      "tilePositionOfsets": [
        3962,
        3861
      ],
      "shouldPause": false
    },
    {
      "itemType": 25,
      "tilePositionOfsets": [
        3959,
        3860
      ],
      "shouldPause": false
    },
    {
      "itemType": 25,
      "tilePositionOfsets": [
        4057,
        3958
      ],
      "shouldPause": false
    },
    {
      "itemType": 25,
      "tilePositionOfsets": [
        3955,
        3956
      ],
      "shouldPause": false
    },
    {
      "itemType": 25,
      "tilePositionOfsets": [
        4053,
        3954
      ],
      "shouldPause": false
    },
    {
      "itemType": 25,
      "tilePositionOfsets": [
        4052,
        3951,
        3850
      ],
      "shouldPause": false
    },
    {
      "itemType": 25,
      "tilePositionOfsets": [
        3849
      ],
      "shouldPause": false
    },
    {
      "itemType": 25,
      "tilePositionOfsets": [
        3843
      ],
      "shouldPause": false
    },
    {
      "itemType": 25,
      "tilePositionOfsets": [
        3941,
        3842
      ],
      "shouldPause": false
    },
    {
      "itemType": 25,
      "tilePositionOfsets": [
        3840
      ],
      "shouldPause": false
    },
    {
      "itemType": 25,
      "tilePositionOfsets": [
        3839,
        3738
      ],
      "shouldPause": false
    },
    {
      "itemType": 25,
      "tilePositionOfsets": [
        3736,
        3737
      ],
      "shouldPause": false
    },
    {
      "itemType": 25,
      "tilePositionOfsets": [
        3934,
        3835,
        3836
      ],
      "shouldPause": false
    },
    {
      "itemType": 25,
      "tilePositionOfsets": [
        4031,
        4032
      ],
      "shouldPause": false
    },
    {
      "itemType": 25,
      "tilePositionOfsets": [
        4033
      ],
      "shouldPause": false
    },
    {
      "itemType": 25,
      "tilePositionOfsets": [
        4229,
        4130
      ],
      "shouldPause": false
    },
    {
      "itemType": 25,
      "tilePositionOfsets": [
        4926,
        4827
      ],
      "shouldPause": false
    },
    {
      "itemType": 25,
      "tilePositionOfsets": [
        5026
      ],
      "shouldPause": false
    },
    {
      "itemType": 25,
      "tilePositionOfsets": [
        5225,
        5126
      ],
      "shouldPause": false
    },
    {
      "itemType": 25,
      "tilePositionOfsets": [
        5325
      ],
      "shouldPause": false
    },
    {
      "itemType": 25,
      "tilePositionOfsets": [
        5524,
        5425
      ],
      "shouldPause": false
    },
    {
      "itemType": 25,
      "tilePositionOfsets": [
        5625
      ],
      "shouldPause": false
    },
    {
      "itemType": 25,
      "tilePositionOfsets": [
        5725
      ],
      "shouldPause": false
    },
    {
      "itemType": 25,
      "tilePositionOfsets": [
        5926,
        5825
      ],
      "shouldPause": false
    },
    {
      "itemType": 25,
      "tilePositionOfsets": [
        6026
      ],
      "shouldPause": false
    },
    {
      "itemType": 25,
      "tilePositionOfsets": [
        7461,
        7362,
        7263
      ],
      "shouldPause": false
    },
    {
      "itemType": 25,
      "tilePositionOfsets": [
        7264,
        7165,
        7066,
        6967
      ],
      "shouldPause": false
    },
    {
      "itemType": 25,
      "tilePositionOfsets": [
        6867
      ],
      "shouldPause": false
    },
    {
      "itemType": 25,
      "tilePositionOfsets": [
        6367
      ],
      "shouldPause": false
    },
    {
      "itemType": 181,
      "tilePositionOfsets": [
        7064
      ],
      "shouldPause": false
    },
    {
      "itemType": 182,
      "tilePositionOfsets": [
        6964
      ],
      "shouldPause": false
    },
    {
      "itemType": 183,
      "tilePositionOfsets": [
        6864
      ],
      "shouldPause": false
    },
    {
      "itemType": 184,
      "tilePositionOfsets": [
        6764
      ],
      "shouldPause": false
    },
    {
      "itemType": 185,
      "tilePositionOfsets": [
        6664
      ],
      "shouldPause": false
    },
    {
      "itemType": 181,
      "tilePositionOfsets": [
        4231
      ],
      "shouldPause": false
    },
    {
      "itemType": 182,
      "tilePositionOfsets": [
        4232
      ],
      "shouldPause": false
    },
    {
      "itemType": 183,
      "tilePositionOfsets": [
        4233
      ],
      "shouldPause": false
    },
    {
      "itemType": 184,
      "tilePositionOfsets": [
        4234
      ],
      "shouldPause": false
    },
    {
      "itemType": 330,
      "tilePositionOfsets": [
        5752
      ],
      "shouldPause": false
    },
    {
      "itemType": 106,
      "tilePositionOfsets": [
        4367,
        4368,
        4267,
        4268,
        4166,
        4167,
        4168,
        4065,
        4066,
        4067,
        4068,
        3957,
        3964,
        3965,
        3966,
        3967,
        3856,
        3857,
        3858,
        3859,
        3862,
        3863,
        3864,
        3865,
        3866,
        3867,
        3757,
        3758,
        3759,
        3760,
        3761,
        3762,
        3763,
        3764,
        3765,
        3766,
        3767,
        3657,
        3658,
        3659,
        3660,
        3661,
        3662,
        3664,
        3665,
        3666,
        3560,
        3561,
        3562
      ],
      "shouldPause": false
    },
    {
      "itemType": 106,
      "tilePositionOfsets": [
        4228,
        4128,
        4129,
        4027,
        4028,
        4029,
        4030,
        3927,
        3928,
        3929,
        3930,
        3931,
        3932,
        3933,
        3828,
        3829,
        3830,
        3831,
        3832,
        3833,
        3834,
        3728,
        3729,
        3730,
        3731,
        3732,
        3733,
        3734,
        3735,
        3628,
        3629,
        3630,
        3631,
        3632,
        3633,
        3634,
        3635,
        3636
      ],
      "shouldPause": false
    },
    {
      "itemType": 106,
      "tilePositionOfsets": [
        6221,
        6222,
        6121,
        6122,
        6123,
        6021,
        6022,
        6023,
        6024,
        6025,
        5920,
        5921,
        5922,
        5923,
        5924,
        5925,
        5820,
        5821,
        5822,
        5823,
        5824,
        5723,
        5724,
        5620,
        5621,
        5622,
        5623,
        5624,
        5520,
        5521,
        5522,
        5523,
        5420,
        5421,
        5422,
        5423,
        5424,
        5320,
        5321,
        5322,
        5323,
        5324,
        5223,
        5224,
        5124,
        5125
      ],
      "shouldPause": false
    },
    {
      "itemType": 106,
      "tilePositionOfsets": [
        6369,
        6269,
        6270,
        6271,
        6169,
        6170,
        6171,
        6068,
        6069,
        6070,
        6071,
        5968,
        5969,
        5970,
        5971,
        5867,
        5868,
        5869
      ],
      "shouldPause": false
    },
    {
      "itemType": 80,
      "tilePositionOfsets": [
        4735
      ],
      "shouldPause": false
    },
    {
      "itemType": 81,
      "tilePositionOfsets": [
        6437
      ],
      "shouldPause": false
    }
  ],
  "miscItems": [
    {
      "positionOfset": 4529,
      "itemType": 6,
      "number": 0
    },
    {
      "positionOfset": 6567,
      "itemType": 6,
      "number": 1
    },
    {
      "positionOfset": 4166,
      "itemType": 6,
      "number": 2
    },
    {
      "positionOfset": 6319,
      "itemType": 8,
      "number": 0
    },
    {
      "positionOfset": 8448,
      "itemType": 8,
      "number": 1
    },
    {
      "positionOfset": 7965,
      "itemType": 8,
      "number": 2
    },
    {
      "positionOfset": 3846,
      "itemType": 14,
      "number": 0
    },
    {
      "positionOfset": 5063,
      "itemType": 14,
      "number": 1
    },
    {
      "positionOfset": 7647,
      "itemType": 14,
      "number": 2
    },
    {
      "positionOfset": 5924,
      "itemType": 14,
      "number": 3
    }
  ]
}