{
  "pauseDelayAmount": 10,
  "frames": [
    {
      "itemType": 61,
      "tilePositionOfsets": [
        5643
      ],
      "shouldPause": false
    },
    {
      "itemType": 52,
      "tilePositionOfsets": [
        4950
      ],
      "shouldPause": false
    },
    {
      "itemType": 80,
      "tilePositionOfsets": [
        5259
      ],
      "shouldPause": false
    },
    {
      "itemType": 77,
      "tilePositionOfsets": [
        3864
      ],
      "shouldPause": false
    },
    {
      "itemType": 86,
      "tilePositionOfsets": [
        3257
      ],
      "shouldPause": false
    },
    {
      "itemType": 81,
      "tilePositionOfsets": [
        4266
      ],
      "shouldPause": false
    },
    {
      "itemType": 87,
      "tilePositionOfsets": [
        3437
      ],
      "shouldPause": false
    },
    {
      "itemType": 106,
      "tilePositionOfsets": [
        5436,
        5437,
        5335,
        5336,
        5337,
        5235,
        5236,
        5237,
        5134,
        5135,
        5136,
        5033,
        5034,
        5035,
        5036,
        4933,
        4934,
        4935,
        4833,
        4834,
        4733,
        4734,
        4632,
        4633,
        4634,
        4531,
        4532,
        4533,
        4431,
        4432,
        4331,
        4332,
        4231,
        4232,
        4130,
        4131,
        4132,
        4030,
        4031,
        4032,
        3930,
        3931,
        3932,
        3830,
        3831,
        3832,
        3730,
        3731,
        3629,
        3630,
        3631,
        3529,
        3530,
        3531,
        3428,
        3429,
        3430,
        3327,
        3328,
        3329,
        3330,
        3227,
        3228,
        3229,
        3127,
        3128,
        3129,
        3130,
        3029,
        3030,
        3031,
        3032,
        3033,
        2930,
        2931,
        2932,
        2933
      ],
      "shouldPause": false
    },
    {
      "itemType": 106,
      "tilePositionOfsets": [
        3573,
        3574,
        3473,
        3474,
        3475,
        3476,
        3374,
        3375,
        3376,
        3377,
        3275,
        3276,
        3277,
        3278,
        3176,
        3177,
        3178,
        3179,
        3077,
        3078,
        3079,
        2976,
        2977,
        2978,
        2979,
        2875,
        2876,
        2877,
        2878,
        2775,
        2776,
        2777,
        2778,
        2675,
        2676,
        2677,
        2549,
        2550,
        2575,
        2576,
        2577,
        2448,
        2449,
        2450,
        2476,
        2477,
        2478,
        2348,
        2349,
        2350,
        2351,
        2376,
        2377,
        2378,
        2250,
        2251,
        2252,
        2253,
        2276,
        2277,
        2278,
        2279,
        2151,
        2152,
        2153,
        2154,
        2155,
        2156,
        2157,
        2158,
        2165,
        2166,
        2176,
        2177,
        2178,
        2179,
        2053,
        2054,
        2055,
        2056,
        2057,
        2058,
        2059,
        2060,
        2061,
        2062,
        2063,
        2064,
        2065,
        2066,
        2067,
        2070,
        2071,
        2072,
        2073,
        2074,
        2075,
        2076,
        2077,
        2078,
        2079,
        1958,
        1959,
        1960,
        1961,
        1962,
        1963,
        1964,
        1965,
        1966,
        1967,
        1968,
        1969,
        1970,
        1971,
        1972,
        1973,
        1974,
        1975,
        1976,
        1977,
        1858,
        1859,
        1860,
        1861,
        1862,
        1866,
        1867,
        1868,
        1869,
        1870,
        1871
      ],
      "shouldPause": false
    },
    {
      "itemType": 54,
      "tilePositionOfsets": [
        2652
      ],
      "shouldPause": false
    },
    {
      "itemType": 330,
      "tilePositionOfsets": [
        4451
      ],
      "shouldPause": false
    },
    {
      "itemType": 82,
      "tilePositionOfsets": [
        3960
      ],
      "shouldPause": false
    },
    {
      "itemType": 50,
      "tilePositionOfsets": [
        3954
      ],
      "shouldPause": false
    },
    {
      "itemType": 82,
      "tilePositionOfsets": [
        4461
      ],
      "shouldPause": false
    },
    {
      "itemType": 50,
      "tilePositionOfsets": [
        4457
      ],
      "shouldPause": true
    },
    {
      "itemType": 50,
      "tilePositionOfsets": [
        4050
      ],
      "shouldPause": false
    },
    {
      "itemType": 50,
      "tilePositionOfsets": [
        4045
      ],
      "shouldPause": false
    },
    {
      "itemType": 80,
      "tilePositionOfsets": [
        4858
      ],
      "shouldPause": false
    },
    {
      "itemType": 50,
      "tilePositionOfsets": [
        3051
      ],
      "shouldPause": false
    },
    {
      "itemType": 330,
      "tilePositionOfsets": [
        3841
      ],
      "shouldPause": false
    },
    {
      "itemType": 54,
      "tilePositionOfsets": [
        4835
      ],
      "shouldPause": false
    },
    {
      "itemType": 54,
      "tilePositionOfsets": [
        4433
      ],
      "shouldPause": false
    },
    {
      "itemType": 54,
      "tilePositionOfsets": [
        4033
      ],
      "shouldPause": false
    },
    {
      "itemType": 25,
      "tilePositionOfsets": [
        5841
      ],
      "shouldPause": false
    },
    {
      "itemType": 25,
      "tilePositionOfsets": [
        5851
      ],
      "shouldPause": false
    },
    {
      "itemType": 25,
      "tilePositionOfsets": [
        5656
      ],
      "shouldPause": false
    },
    {
      "itemType": 25,
      "tilePositionOfsets": [
        5362
      ],
      "shouldPause": false
    },
    {
      "itemType": 25,
      "tilePositionOfsets": [
        4369
      ],
      "shouldPause": false
    },
    {
      "itemType": 25,
      "tilePositionOfsets": [
        3569
      ],
      "shouldPause": false
    },
    {
      "itemType": 25,
      "tilePositionOfsets": [
        3561
      ],
      "shouldPause": false
    },
    {
      "itemType": 25,
      "tilePositionOfsets": [
        3658
      ],
      "shouldPause": false
    },
    {
      "itemType": 25,
      "tilePositionOfsets": [
        2648
      ],
      "shouldPause": false
    },
    {
      "itemType": 25,
      "tilePositionOfsets": [
        2635
      ],
      "shouldPause": false
    },
    {
      "itemType": 25,
      "tilePositionOfsets": [
        5942
      ],
      "shouldPause": false
    },
    {
      "itemType": 25,
      "tilePositionOfsets": [
        5950
      ],
      "shouldPause": false
    },
    {
      "itemType": 25,
      "tilePositionOfsets": [
        5752,
        5753
      ],
      "shouldPause": false
    },
    {
      "itemType": 25,
      "tilePositionOfsets": [
        5754,
        5755
      ],
      "shouldPause": false
    },
    {
      "itemType": 25,
      "tilePositionOfsets": [
        5557,
        5558
      ],
      "shouldPause": false
    },
    {
      "itemType": 54,
      "tilePositionOfsets": [
        4338
      ],
      "shouldPause": false
    },
    {
      "itemType": 25,
      "tilePositionOfsets": [
        5460,
        5461
      ],
      "shouldPause": false
    },
    {
      "itemType": 88,
      "tilePositionOfsets": [
        3169
      ],
      "shouldPause": false
    },
    {
      "itemType": 25,
      "tilePositionOfsets": [
        5263,
        5163
      ],
      "shouldPause": false
    },
    {
      "itemType": 25,
      "tilePositionOfsets": [
        4467,
        4468
      ],
      "shouldPause": false
    },
    {
      "itemType": 25,
      "tilePositionOfsets": [
        4270,
        4170
      ],
      "shouldPause": false
    },
    {
      "itemType": 25,
      "tilePositionOfsets": [
        3770,
        3670
      ],
      "shouldPause": false
    },
    {
      "itemType": 25,
      "tilePositionOfsets": [
        3462,
        3463
      ],
      "shouldPause": false
    },
    {
      "itemType": 25,
      "tilePositionOfsets": [
        3560
      ],
      "shouldPause": false
    },
    {
      "itemType": 25,
      "tilePositionOfsets": [
        3659
      ],
      "shouldPause": false
    },
    {
      "itemType": 25,
      "tilePositionOfsets": [
        3556
      ],
      "shouldPause": false
    },
    {
      "itemType": 25,
      "tilePositionOfsets": [
        2849,
        2749
      ],
      "shouldPause": false
    },
    {
      "itemType": 25,
      "tilePositionOfsets": [
        2547
      ],
      "shouldPause": false
    },
    {
      "itemType": 25,
      "tilePositionOfsets": [
        2536
      ],
      "shouldPause": false
    },
    {
      "itemType": 25,
      "tilePositionOfsets": [
        2834,
        2734
      ],
      "shouldPause": false
    },
    {
      "itemType": 25,
      "tilePositionOfsets": [
        5740,
        5640
      ],
      "shouldPause": false
    },
    {
      "itemType": 25,
      "tilePositionOfsets": [
        5064,
        4964
      ],
      "shouldPause": false
    },
    {
      "itemType": 25,
      "tilePositionOfsets": [
        4466
      ],
      "shouldPause": false
    },
    {
      "itemType": 25,
      "tilePositionOfsets": [
        4071,
        3971,
        3871
      ],
      "shouldPause": false
    },
    {
      "itemType": 25,
      "tilePositionOfsets": [
        3364,
        3365,
        3366
      ],
      "shouldPause": false
    },
    {
      "itemType": 25,
      "tilePositionOfsets": [
        3455
      ],
      "shouldPause": false
    },
    {
      "itemType": 25,
      "tilePositionOfsets": [
        3049,
        2949
      ],
      "shouldPause": false
    },
    {
      "itemType": 25,
      "tilePositionOfsets": [
        2437,
        2438,
        2439
      ],
      "shouldPause": false
    },
    {
      "itemType": 25,
      "tilePositionOfsets": [
        2443,
        2444,
        2445
      ],
      "shouldPause": false
    },
    {
      "itemType": 25,
      "tilePositionOfsets": [
        2340,
        2341,
        2342
      ],
      "shouldPause": false
    },
    {
      "itemType": 25,
      "tilePositionOfsets": [
        3652
      ],
      "shouldPause": false
    },
    {
      "itemType": 25,
      "tilePositionOfsets": [
        3653
      ],
      "shouldPause": false
    },
    {
      "itemType": 25,
      "tilePositionOfsets": [
        3554
      ],
      "shouldPause": false
    },
    {
      "itemType": 25,
      "tilePositionOfsets": [
        5559
      ],
      "shouldPause": false
    },
    {
      "itemType": 25,
      "tilePositionOfsets": [
        5539,
        5439,
        5339
      ],
      "shouldPause": false
    },
    {
      "itemType": 25,
      "tilePositionOfsets": [
        6043
      ],
      "shouldPause": false
    },
    {
      "itemType": 25,
      "tilePositionOfsets": [
        6049
      ],
      "shouldPause": false
    },
    {
      "itemType": 145,
      "tilePositionOfsets": [
        3548
      ],
      "shouldPause": false
    },
    {
      "itemType": 112,
      "tilePositionOfsets": [
        6144
      ],
      "shouldPause": false
    },
    {
      "itemType": 111,
      "tilePositionOfsets": [
        4862
      ],
      "shouldPause": false
    },
    {
      "itemType": 25,
      "tilePositionOfsets": [
        6149,
        6050,
        5951,
        5852
      ],
      "shouldPause": false
    },
    {
      "itemType": 25,
      "tilePositionOfsets": [
        5853,
        5854,
        5855
      ],
      "shouldPause": false
    },
    {
      "itemType": 25,
      "tilePositionOfsets": [
        5756,
        5657
      ],
      "shouldPause": false
    },
    {
      "itemType": 25,
      "tilePositionOfsets": [
        5658,
        5659
      ],
      "shouldPause": false
    },
    {
      "itemType": 25,
      "tilePositionOfsets": [
        5560,
        5561
      ],
      "shouldPause": false
    },
    {
      "itemType": 25,
      "tilePositionOfsets": [
        5462,
        5363,
        5264
      ],
      "shouldPause": false
    },
    {
      "itemType": 25,
      "tilePositionOfsets": [
        5164,
        5165
      ],
      "shouldPause": false
    },
    {
      "itemType": 25,
      "tilePositionOfsets": [
        5065,
        4965
      ],
      "shouldPause": false
    },
    {
      "itemType": 25,
      "tilePositionOfsets": [
        4566,
        4567,
        4568
      ],
      "shouldPause": false
    },
    {
      "itemType": 25,
      "tilePositionOfsets": [
        4469,
        4370,
        4271
      ],
      "shouldPause": false
    },
    {
      "itemType": 25,
      "tilePositionOfsets": [
        4171,
        4072
      ],
      "shouldPause": false
    },
    {
      "itemType": 25,
      "tilePositionOfsets": [
        3972
      ],
      "shouldPause": false
    },
    {
      "itemType": 25,
      "tilePositionOfsets": [
        3872,
        3771
      ],
      "shouldPause": false
    },
    {
      "itemType": 25,
      "tilePositionOfsets": [
        3671,
        3570,
        3469,
        3368
      ],
      "shouldPause": false
    },
    {
      "itemType": 25,
      "tilePositionOfsets": [
        3367
      ],
      "shouldPause": false
    },
    {
      "itemType": 25,
      "tilePositionOfsets": [
        3363
      ],
      "shouldPause": false
    },
    {
      "itemType": 25,
      "tilePositionOfsets": [
        3461,
        3362
      ],
      "shouldPause": false
    },
    {
      "itemType": 25,
      "tilePositionOfsets": [
        3559,
        3460
      ],
      "shouldPause": false
    },
    {
      "itemType": 25,
      "tilePositionOfsets": [
        3557,
        3558,
        3456
      ],
      "shouldPause": false
    },
    {
      "itemType": 25,
      "tilePositionOfsets": [
        3553
      ],
      "shouldPause": false
    },
    {
      "itemType": 25,
      "tilePositionOfsets": [
        3454
      ],
      "shouldPause": false
    },
    {
      "itemType": 25,
      "tilePositionOfsets": [
        3355
      ],
      "shouldPause": false
    },
    {
      "itemType": 25,
      "tilePositionOfsets": [
        3050,
        2950,
        2850,
        2750
      ],
      "shouldPause": false
    },
    {
      "itemType": 25,
      "tilePositionOfsets": [
        2649,
        2548,
        2447
      ],
      "shouldPause": false
    },
    {
      "itemType": 25,
      "tilePositionOfsets": [
        2446,
        2345
      ],
      "shouldPause": false
    },
    {
      "itemType": 25,
      "tilePositionOfsets": [
        2343,
        2344
      ],
      "shouldPause": false
    },
    {
      "itemType": 25,
      "tilePositionOfsets": [
        2239,
        2240,
        2241,
        2242
      ],
      "shouldPause": false
    },
    {
      "itemType": 25,
      "tilePositionOfsets": [
        2337,
        2338,
        2339
      ],
      "shouldPause": false
    },
    {
      "itemType": 25,
      "tilePositionOfsets": [
        2733,
        2634,
        2535,
        2436
      ],
      "shouldPause": false
    },
    {
      "itemType": 25,
      "tilePositionOfsets": [
        2833
      ],
      "shouldPause": false
    },
    {
      "itemType": 25,
      "tilePositionOfsets": [
        5338
      ],
      "shouldPause": false
    },
    {
      "itemType": 25,
      "tilePositionOfsets": [
        5438
      ],
      "shouldPause": false
    },
    {
      "itemType": 25,
      "tilePositionOfsets": [
        5639,
        5538
      ],
      "shouldPause": false
    },
    {
      "itemType": 25,
      "tilePositionOfsets": [
        6143,
        6042,
        5941,
        5840,
        5739
      ],
      "shouldPause": false
    },
    {
      "itemType": 181,
      "tilePositionOfsets": [
        5540
      ],
      "shouldPause": false
    },
    {
      "itemType": 182,
      "tilePositionOfsets": [
        5440
      ],
      "shouldPause": false
    },
    {
      "itemType": 183,
      "tilePositionOfsets": [
        5340
      ],
      "shouldPause": false
    },
    {
      "itemType": 184,
      "tilePositionOfsets": [
        5240
      ],
      "shouldPause": false
    },
    {
      "itemType": 185,
      "tilePositionOfsets": [
        5140
      ],
      "shouldPause": false
    },
    {
      "itemType": 181,
      "tilePositionOfsets": [
        5361
      ],
      "shouldPause": false
    },
    {
      "itemType": 182,
      "tilePositionOfsets": [
        5360
      ],
      "shouldPause": false
    },
    {
      "itemType": 183,
      "tilePositionOfsets": [
        5359
      ],
      "shouldPause": false
    },
    {
      "itemType": 184,
      "tilePositionOfsets": [
        5358
      ],
      "shouldPause": false
    },
    {
      "itemType": 185,
      "tilePositionOfsets": [
        5357
      ],
      "shouldPause": false
    },
    {
      "itemType": 106,
      "tilePositionOfsets": [
        5737,
        5738,
        5635,
        5636,
        5637,
        5638,
        5534,
        5535,
        5536,
        5537,
        5433,
        5434,
        5435,
        5333,
        5334,
        5233,
        5234
      ],
      "shouldPause": false
    },
    {
      "itemType": 106,
      "tilePositionOfsets": [
        6040,
        6041,
        5938,
        5939,
        5940,
        5835,
        5836,
        5837,
        5838,
        5839,
        5735,
        5736,
        5631,
        5632,
        5633,
        5634,
        5531,
        5532,
        5533,
        5431,
        5432,
        5331,
        5332,
        5231,
        5232,
        5129,
        5130,
        5131,
        5132,
        5133,
        5029,
        5030,
        5031,
        5032,
        4929,
        4930,
        4931,
        4932,
        4828,
        4829,
        4830,
        4831,
        4832,
        4726,
        4727,
        4728,
        4729,
        4730,
        4731,
        4732,
        4625,
        4626,
        4627,
        4628,
        4629,
        4630,
        4631,
        4525,
        4526,
        4527,
        4528,
        4529,
        4530,
        4426,
        4427,
        4428,
        4429,
        4430,
        4326,
        4327,
        4328,
        4329,
        4330,
        4226,
        4227,
        4228,
        4229,
        4230,
        4126,
        4127,
        4128,
        4129,
        4025,
        4026,
        4027,
        4028,
        4029,
        3923,
        3924,
        3925,
        3926,
        3927,
        3928,
        3929,
        3823,
        3824,
        3825,
        3826,
        3827,
        3828,
        3829,
        3723,
        3724,
        3725,
        3726,
        3727,
        3728,
        3729,
        3624,
        3625,
        3626,
        3627,
        3628,
        3524,
        3525,
        3526,
        3527,
        3528,
        3424,
        3425,
        3426,
        3427,
        3323,
        3324,
        3325,
        3326,
        3223,
        3224,
        3225,
        3226,
        3124,
        3125,
        3126,
        3021,
        3022,
        3023,
        3024,
        3025,
        3026,
        3027,
        3028,
        2921,
        2922,
        2923,
        2924,
        2925,
        2926,
        2927,
        2928,
        2929,
        2826,
        2827,
        2828,
        2829,
        2830,
        2831,
        2832,
        2726,
        2727,
        2728,
        2729,
        2730,
        2731,
        2732,
        2628,
        2629,
        2630,
        2631,
        2632,
        2633,
        2529,
        2530,
        2531,
        2532,
        2533,
        2534,
        2429,
        2430,
        2433,
        2434,
        2435,
        2334,
        2335
      ],
      "shouldPause": false
    },
    {
      "itemType": 106,
      "tilePositionOfsets": [
        5862,
        5863,
        5864,
        5760,
        5761,
        5762,
        5763,
        5764,
        5765,
        5766,
        5660,
        5661,
        5662,
        5663,
        5664,
        5665,
        5666,
        5667,
        5668,
        5562,
        5563,
        5564,
        5565,
        5566,
        5567,
        5568,
        5463,
        5464,
        5465,
        5466,
        5467,
        5468,
        5364,
        5365,
        5366,
        5367,
        5368,
        5265,
        5266,
        5267,
        5268
      ],
      "shouldPause": false
    },
    {
      "itemType": 106,
      "tilePositionOfsets": [
        2346,
        2347,
        2244,
        2245,
        2246,
        2247,
        2248,
        2249,
        2144,
        2145,
        2146,
        2147,
        2148,
        2149,
        2150,
        2045,
        2046,
        2047,
        2048,
        2049,
        2050,
        2051,
        2052,
        1949,
        1950,
        1951,
        1952,
        1953,
        1954,
        1955,
        1956,
        1957,
        1851,
        1852,
        1853,
        1854,
        1855,
        1856,
        1857,
        1863,
        1864,
        1865,
        1754,
        1755,
        1756,
        1757,
        1758,
        1759,
        1760,
        1761,
        1762,
        1763,
        1764,
        1765,
        1766,
        1767,
        1654,
        1655,
        1656,
        1657,
        1658,
        1659,
        1660,
        1661,
        1662,
        1663,
        1665,
        1666,
        1667,
        1555,
        1556,
        1557,
        1558,
        1559,
        1560,
        1561,
        1562,
        1565,
        1566
      ],
      "shouldPause": false
    },
    {
      "itemType": 106,
      "tilePositionOfsets": [
        2980,
        2981,
        2982,
        2879,
        2880,
        2881,
        2882,
        2779,
        2780,
        2781,
        2782,
        2678,
        2679,
        2680,
        2681,
        2578,
        2579,
        2580,
        2581,
        2479,
        2480,
        2481,
        2482,
        2379,
        2380,
        2381,
        2382,
        2280,
        2281,
        2282,
        2180,
        2181,
        2182,
        2080,
        2081,
        2082,
        1978,
        1979,
        1980,
        1981,
        1982,
        1872,
        1873,
        1874,
        1875,
        1876,
        1877,
        1878,
        1879,
        1880,
        1881,
        1769,
        1770,
        1771,
        1772,
        1773,
        1774,
        1775,
        1776,
        1777,
        1778,
        1779,
        1780,
        1781,
        1669,
        1670,
        1671,
        1672,
        1673,
        1675,
        1676,
        1678,
        1679,
        1680,
        1681,
        1579,
        1580,
        1581
      ],
      "shouldPause": false
    },
    {
      "itemType": 106,
      "tilePositionOfsets": [
        3772,
        3773,
        3672,
        3673,
        3674,
        3572
      ],
      "shouldPause": false
    }
  ],
  "miscItems": [
    {
      "positionOfset": 5946,
      "itemType": 6,
      "number": 0
    },
    {
      "positionOfset": 4763,
      "itemType": 6,
      "number": 1
    },
    {
      "positionOfset": 3349,
      "itemType": 6,
      "number": 2
    },
    {
      "positionOfset": 2068,
      "itemType": 6,
      "number": 3
    },
    {
      "positionOfset": 5340,
      "itemType": 8,
      "number": 0
    },
    {
      "positionOfset": 5359,
      "itemType": 8,
      "number": 1
    },
    {
      "positionOfset": 2262,
      "itemType": 8,
      "number": 2
    },
    {
      "positionOfset": 2833,
      "itemType": 14,
      "number": 0
    },
    {
      "positionOfset": 3972,
      "itemType": 14,
      "number": 1
    },
    {
      "positionOfset": 5338,
      "itemType": 14,
      "number": 2
    },
    {
      "positionOfset": 2175,
      "itemType": 14,
      "number": 3
    }
  ]
}