{
  "pauseDelayAmount": 100,
  "frames": [
    {
      "itemType": 61,
      "tilePositionOfsets": [
        5643
      ],
      "shouldPause": false
    },
    {
      "itemType": 25,
      "tilePositionOfsets": [
        4765
      ],
      "shouldPause": false
    },
    {
      "itemType": 77,
      "tilePositionOfsets": [
        4859
      ],
      "shouldPause": false
    },
    {
      "itemType": 25,
      "tilePositionOfsets": [
        3648
      ],
      "shouldPause": false
    },
    {
      "itemType": 86,
      "tilePositionOfsets": [
        6841
      ],
      "shouldPause": false
    },
    {
      "itemType": 313,
      "tilePositionOfsets": [
        5234
      ],
      "shouldPause": false
    },
    {
      "itemType": 313,
      "tilePositionOfsets": [
        5534
      ],
      "shouldPause": false
    },
    {
      "itemType": 318,
      "tilePositionOfsets": [
        5641
      ],
      "shouldPause": false
    },
    {
      "itemType": 318,
      "tilePositionOfsets": [
        5141
      ],
      "shouldPause": false
    },
    {
      "itemType": 25,
      "tilePositionOfsets": [
        5466
      ],
      "shouldPause": false
    },
    {
      "itemType": 54,
      "tilePositionOfsets": [
        4454
      ],
      "shouldPause": false
    },
    {
      "itemType": 52,
      "tilePositionOfsets": [
        5455
      ],
      "shouldPause": false
    },
    {
      "itemType": 175,
      "tilePositionOfsets": [
        5330
      ],
      "shouldPause": false
    },
    {
      "itemType": 175,
      "tilePositionOfsets": [
        5630
      ],
      "shouldPause": false
    },
    {
      "itemType": 54,
      "tilePositionOfsets": [
        4933
      ],
      "shouldPause": false
    },
    {
      "itemType": 25,
      "tilePositionOfsets": [
        3751
      ],
      "shouldPause": false
    },
    {
      "itemType": 25,
      "tilePositionOfsets": [
        3752
      ],
      "shouldPause": false
    },
    {
      "itemType": 25,
      "tilePositionOfsets": [
        3649
      ],
      "shouldPause": false
    },
    {
      "itemType": 166,
      "tilePositionOfsets": [
        5931
      ],
      "shouldPause": false
    },
    {
      "itemType": 169,
      "tilePositionOfsets": [
        6161
      ],
      "shouldPause": false
    },
    {
      "itemType": 169,
      "tilePositionOfsets": [
        6558
      ],
      "shouldPause": false
    },
    {
      "itemType": 80,
      "tilePositionOfsets": [
        3759
      ],
      "shouldPause": false
    },
    {
      "itemType": 25,
      "tilePositionOfsets": [
        3650
      ],
      "shouldPause": false
    },
    {
      "itemType": 25,
      "tilePositionOfsets": [
        5167
      ],
      "shouldPause": false
    },
    {
      "itemType": 25,
      "tilePositionOfsets": [
        4433
      ],
      "shouldPause": false
    },
    {
      "itemType": 25,
      "tilePositionOfsets": [
        4631
      ],
      "shouldPause": false
    },
    {
      "itemType": 25,
      "tilePositionOfsets": [
        4135
      ],
      "shouldPause": false
    },
    {
      "itemType": 25,
      "tilePositionOfsets": [
        3642
      ],
      "shouldPause": false
    },
    {
      "itemType": 25,
      "tilePositionOfsets": [
        3838
      ],
      "shouldPause": false
    },
    {
      "itemType": 324,
      "tilePositionOfsets": [
        6853
      ],
      "shouldPause": false
    },
    {
      "itemType": 313,
      "tilePositionOfsets": [
        5365
      ],
      "shouldPause": false
    },
    {
      "itemType": 313,
      "tilePositionOfsets": [
        5164
      ],
      "shouldPause": false
    },
    {
      "itemType": 25,
      "tilePositionOfsets": [
        3937
      ],
      "shouldPause": false
    },
    {
      "itemType": 144,
      "tilePositionOfsets": [
        3953
      ],
      "shouldPause": false
    },
    {
      "itemType": 25,
      "tilePositionOfsets": [
        3839
      ],
      "shouldPause": false
    },
    {
      "itemType": 25,
      "tilePositionOfsets": [
        3742,
        3743
      ],
      "shouldPause": false
    },
    {
      "itemType": 54,
      "tilePositionOfsets": [
        4073
      ],
      "shouldPause": false
    },
    {
      "itemType": 25,
      "tilePositionOfsets": [
        3643,
        3644,
        3645,
        3646,
        3647
      ],
      "shouldPause": false
    },
    {
      "itemType": 25,
      "tilePositionOfsets": [
        3651
      ],
      "shouldPause": false
    },
    {
      "itemType": 25,
      "tilePositionOfsets": [
        3652
      ],
      "shouldPause": false
    },
    {
      "itemType": 25,
      "tilePositionOfsets": [
        3958
      ],
      "shouldPause": false
    },
    {
      "itemType": 25,
      "tilePositionOfsets": [
        4363
      ],
      "shouldPause": false
    },
    {
      "itemType": 25,
      "tilePositionOfsets": [
        4464
      ],
      "shouldPause": false
    },
    {
      "itemType": 25,
      "tilePositionOfsets": [
        4564
      ],
      "shouldPause": false
    },
    {
      "itemType": 25,
      "tilePositionOfsets": [
        4665,
        4565
      ],
      "shouldPause": false
    },
    {
      "itemType": 25,
      "tilePositionOfsets": [
        4866,
        4766
      ],
      "shouldPause": false
    },
    {
      "itemType": 25,
      "tilePositionOfsets": [
        5066,
        4966
      ],
      "shouldPause": false
    },
    {
      "itemType": 25,
      "tilePositionOfsets": [
        5067
      ],
      "shouldPause": false
    },
    {
      "itemType": 25,
      "tilePositionOfsets": [
        4967
      ],
      "shouldPause": false
    },
    {
      "itemType": 25,
      "tilePositionOfsets": [
        5666
      ],
      "shouldPause": false
    },
    {
      "itemType": 25,
      "tilePositionOfsets": [
        5566
      ],
      "shouldPause": false
    },
    {
      "itemType": 110,
      "tilePositionOfsets": [
        4332
      ],
      "shouldPause": false
    },
    {
      "itemType": 25,
      "tilePositionOfsets": [
        5267
      ],
      "shouldPause": false
    },
    {
      "itemType": 25,
      "tilePositionOfsets": [
        5367
      ],
      "shouldPause": false
    },
    {
      "itemType": 25,
      "tilePositionOfsets": [
        6031
      ],
      "shouldPause": false
    },
    {
      "itemType": 25,
      "tilePositionOfsets": [
        4035,
        3936
      ],
      "shouldPause": false
    },
    {
      "itemType": 25,
      "tilePositionOfsets": [
        3837
      ],
      "shouldPause": false
    },
    {
      "itemType": 25,
      "tilePositionOfsets": [
        3739
      ],
      "shouldPause": false
    },
    {
      "itemType": 25,
      "tilePositionOfsets": [
        3741
      ],
      "shouldPause": false
    },
    {
      "itemType": 25,
      "tilePositionOfsets": [
        3740
      ],
      "shouldPause": false
    },
    {
      "itemType": 25,
      "tilePositionOfsets": [
        4829
      ],
      "shouldPause": false
    },
    {
      "itemType": 25,
      "tilePositionOfsets": [
        4729
      ],
      "shouldPause": false
    },
    {
      "itemType": 25,
      "tilePositionOfsets": [
        4630
      ],
      "shouldPause": false
    },
    {
      "itemType": 25,
      "tilePositionOfsets": [
        4531
      ],
      "shouldPause": false
    },
    {
      "itemType": 25,
      "tilePositionOfsets": [
        4431
      ],
      "shouldPause": false
    },
    {
      "itemType": 25,
      "tilePositionOfsets": [
        3959,
        3960
      ],
      "shouldPause": false
    },
    {
      "itemType": 25,
      "tilePositionOfsets": [
        4061
      ],
      "shouldPause": false
    },
    {
      "itemType": 25,
      "tilePositionOfsets": [
        4162
      ],
      "shouldPause": false
    },
    {
      "itemType": 25,
      "tilePositionOfsets": [
        4263
      ],
      "shouldPause": false
    },
    {
      "itemType": 25,
      "tilePositionOfsets": [
        4364
      ],
      "shouldPause": false
    },
    {
      "itemType": 25,
      "tilePositionOfsets": [
        6363
      ],
      "shouldPause": false
    },
    {
      "itemType": 25,
      "tilePositionOfsets": [
        5965,
        5865
      ],
      "shouldPause": false
    },
    {
      "itemType": 175,
      "tilePositionOfsets": [
        3449
      ],
      "shouldPause": false
    },
    {
      "itemType": 324,
      "tilePositionOfsets": [
        3830
      ],
      "shouldPause": false
    },
    {
      "itemType": 318,
      "tilePositionOfsets": [
        4467
      ],
      "shouldPause": false
    },
    {
      "itemType": 318,
      "tilePositionOfsets": [
        4470
      ],
      "shouldPause": false
    },
    {
      "itemType": 318,
      "tilePositionOfsets": [
        4170
      ],
      "shouldPause": false
    },
    {
      "itemType": 313,
      "tilePositionOfsets": [
        4167
      ],
      "shouldPause": false
    },
    {
      "itemType": 313,
      "tilePositionOfsets": [
        3870
      ],
      "shouldPause": false
    },
    {
      "itemType": 318,
      "tilePositionOfsets": [
        3867
      ],
      "shouldPause": false
    },
    {
      "itemType": 25,
      "tilePositionOfsets": [
        5766
      ],
      "shouldPause": false
    },
    {
      "itemType": 25,
      "tilePositionOfsets": [
        5467
      ],
      "shouldPause": false
    },
    {
      "itemType": 25,
      "tilePositionOfsets": [
        6131
      ],
      "shouldPause": false
    },
    {
      "itemType": 25,
      "tilePositionOfsets": [
        6232
      ],
      "shouldPause": false
    },
    {
      "itemType": 25,
      "tilePositionOfsets": [
        6433
      ],
      "shouldPause": false
    },
    {
      "itemType": 25,
      "tilePositionOfsets": [
        6534
      ],
      "shouldPause": false
    },
    {
      "itemType": 25,
      "tilePositionOfsets": [
        6635
      ],
      "shouldPause": false
    },
    {
      "itemType": 25,
      "tilePositionOfsets": [
        6736
      ],
      "shouldPause": false
    },
    {
      "itemType": 25,
      "tilePositionOfsets": [
        6957
      ],
      "shouldPause": false
    },
    {
      "itemType": 25,
      "tilePositionOfsets": [
        6264
      ],
      "shouldPause": false
    },
    {
      "itemType": 25,
      "tilePositionOfsets": [
        6065
      ],
      "shouldPause": false
    },
    {
      "itemType": 25,
      "tilePositionOfsets": [
        5866
      ],
      "shouldPause": false
    },
    {
      "itemType": 25,
      "tilePositionOfsets": [
        5567
      ],
      "shouldPause": false
    },
    {
      "itemType": 25,
      "tilePositionOfsets": [
        6332
      ],
      "shouldPause": false
    },
    {
      "itemType": 25,
      "tilePositionOfsets": [
        7250,
        7251
      ],
      "shouldPause": false
    },
    {
      "itemType": 25,
      "tilePositionOfsets": [
        7252,
        7253
      ],
      "shouldPause": false
    },
    {
      "itemType": 25,
      "tilePositionOfsets": [
        7154
      ],
      "shouldPause": false
    },
    {
      "itemType": 25,
      "tilePositionOfsets": [
        7056
      ],
      "shouldPause": false
    },
    {
      "itemType": 25,
      "tilePositionOfsets": [
        6956
      ],
      "shouldPause": false
    },
    {
      "itemType": 25,
      "tilePositionOfsets": [
        6939
      ],
      "shouldPause": false
    },
    {
      "itemType": 25,
      "tilePositionOfsets": [
        7041
      ],
      "shouldPause": false
    },
    {
      "itemType": 25,
      "tilePositionOfsets": [
        7143
      ],
      "shouldPause": false
    },
    {
      "itemType": 25,
      "tilePositionOfsets": [
        7144
      ],
      "shouldPause": false
    },
    {
      "itemType": 25,
      "tilePositionOfsets": [
        7153
      ],
      "shouldPause": false
    },
    {
      "itemType": 25,
      "tilePositionOfsets": [
        7055
      ],
      "shouldPause": false
    },
    {
      "itemType": 25,
      "tilePositionOfsets": [
        7054
      ],
      "shouldPause": false
    },
    {
      "itemType": 25,
      "tilePositionOfsets": [
        7245
      ],
      "shouldPause": false
    },
    {
      "itemType": 25,
      "tilePositionOfsets": [
        7246
      ],
      "shouldPause": false
    },
    {
      "itemType": 25,
      "tilePositionOfsets": [
        5129
      ],
      "shouldPause": false
    },
    {
      "itemType": 25,
      "tilePositionOfsets": [
        6858
      ],
      "shouldPause": false
    },
    {
      "itemType": 25,
      "tilePositionOfsets": [
        6859
      ],
      "shouldPause": false
    },
    {
      "itemType": 25,
      "tilePositionOfsets": [
        6760
      ],
      "shouldPause": false
    },
    {
      "itemType": 25,
      "tilePositionOfsets": [
        6562
      ],
      "shouldPause": false
    },
    {
      "itemType": 25,
      "tilePositionOfsets": [
        6463
      ],
      "shouldPause": false
    },
    {
      "itemType": 25,
      "tilePositionOfsets": [
        6364
      ],
      "shouldPause": false
    },
    {
      "itemType": 25,
      "tilePositionOfsets": [
        6265
      ],
      "shouldPause": false
    },
    {
      "itemType": 25,
      "tilePositionOfsets": [
        6165
      ],
      "shouldPause": false
    },
    {
      "itemType": 25,
      "tilePositionOfsets": [
        5966
      ],
      "shouldPause": false
    },
    {
      "itemType": 25,
      "tilePositionOfsets": [
        6958
      ],
      "shouldPause": false
    },
    {
      "itemType": 25,
      "tilePositionOfsets": [
        6860
      ],
      "shouldPause": false
    },
    {
      "itemType": 25,
      "tilePositionOfsets": [
        6661
      ],
      "shouldPause": false
    },
    {
      "itemType": 25,
      "tilePositionOfsets": [
        6761
      ],
      "shouldPause": false
    },
    {
      "itemType": 25,
      "tilePositionOfsets": [
        6662
      ],
      "shouldPause": false
    },
    {
      "itemType": 25,
      "tilePositionOfsets": [
        6563
      ],
      "shouldPause": false
    },
    {
      "itemType": 25,
      "tilePositionOfsets": [
        6837
      ],
      "shouldPause": false
    },
    {
      "itemType": 25,
      "tilePositionOfsets": [
        6938
      ],
      "shouldPause": false
    },
    {
      "itemType": 25,
      "tilePositionOfsets": [
        7040
      ],
      "shouldPause": false
    },
    {
      "itemType": 25,
      "tilePositionOfsets": [
        7142
      ],
      "shouldPause": false
    },
    {
      "itemType": 25,
      "tilePositionOfsets": [
        7244
      ],
      "shouldPause": false
    },
    {
      "itemType": 25,
      "tilePositionOfsets": [
        6432
      ],
      "shouldPause": false
    },
    {
      "itemType": 25,
      "tilePositionOfsets": [
        6533
      ],
      "shouldPause": false
    },
    {
      "itemType": 25,
      "tilePositionOfsets": [
        6634
      ],
      "shouldPause": false
    },
    {
      "itemType": 25,
      "tilePositionOfsets": [
        6735
      ],
      "shouldPause": false
    },
    {
      "itemType": 25,
      "tilePositionOfsets": [
        6836
      ],
      "shouldPause": false
    },
    {
      "itemType": 25,
      "tilePositionOfsets": [
        6937
      ],
      "shouldPause": false
    },
    {
      "itemType": 25,
      "tilePositionOfsets": [
        7039
      ],
      "shouldPause": false
    },
    {
      "itemType": 25,
      "tilePositionOfsets": [
        7141
      ],
      "shouldPause": false
    },
    {
      "itemType": 25,
      "tilePositionOfsets": [
        6030
      ],
      "shouldPause": false
    },
    {
      "itemType": 25,
      "tilePositionOfsets": [
        5930
      ],
      "shouldPause": false
    },
    {
      "itemType": 25,
      "tilePositionOfsets": [
        5829
      ],
      "shouldPause": false
    },
    {
      "itemType": 25,
      "tilePositionOfsets": [
        5729
      ],
      "shouldPause": false
    },
    {
      "itemType": 25,
      "tilePositionOfsets": [
        5628
      ],
      "shouldPause": false
    },
    {
      "itemType": 25,
      "tilePositionOfsets": [
        5528
      ],
      "shouldPause": false
    },
    {
      "itemType": 25,
      "tilePositionOfsets": [
        5428
      ],
      "shouldPause": false
    },
    {
      "itemType": 25,
      "tilePositionOfsets": [
        5328
      ],
      "shouldPause": false
    },
    {
      "itemType": 25,
      "tilePositionOfsets": [
        5228
      ],
      "shouldPause": false
    },
    {
      "itemType": 25,
      "tilePositionOfsets": [
        5128
      ],
      "shouldPause": false
    },
    {
      "itemType": 25,
      "tilePositionOfsets": [
        5029
      ],
      "shouldPause": false
    },
    {
      "itemType": 25,
      "tilePositionOfsets": [
        4929
      ],
      "shouldPause": false
    },
    {
      "itemType": 25,
      "tilePositionOfsets": [
        5830
      ],
      "shouldPause": false
    },
    {
      "itemType": 25,
      "tilePositionOfsets": [
        6231
      ],
      "shouldPause": false
    },
    {
      "itemType": 25,
      "tilePositionOfsets": [
        4432
      ],
      "shouldPause": false
    },
    {
      "itemType": 169,
      "tilePositionOfsets": [
        4473
      ],
      "shouldPause": false
    },
    {
      "itemType": 169,
      "tilePositionOfsets": [
        3673
      ],
      "shouldPause": false
    },
    {
      "itemType": 25,
      "tilePositionOfsets": [
        4730
      ],
      "shouldPause": false
    },
    {
      "itemType": 25,
      "tilePositionOfsets": [
        4036
      ],
      "shouldPause": false
    },
    {
      "itemType": 25,
      "tilePositionOfsets": [
        5629
      ],
      "shouldPause": false
    },
    {
      "itemType": 25,
      "tilePositionOfsets": [
        4060
      ],
      "shouldPause": false
    },
    {
      "itemType": 25,
      "tilePositionOfsets": [
        4161
      ],
      "shouldPause": false
    },
    {
      "itemType": 25,
      "tilePositionOfsets": [
        4262,
        4163
      ],
      "shouldPause": false
    },
    {
      "itemType": 110,
      "tilePositionOfsets": [
        7347
      ],
      "shouldPause": false
    },
    {
      "itemType": 26,
      "tilePositionOfsets": [
        6532
      ],
      "shouldPause": false
    },
    {
      "itemType": 26,
      "tilePositionOfsets": [
        6633
      ],
      "shouldPause": false
    },
    {
      "itemType": 26,
      "tilePositionOfsets": [
        6431,
        6331
      ],
      "shouldPause": false
    },
    {
      "itemType": 26,
      "tilePositionOfsets": [
        6230,
        6130
      ],
      "shouldPause": false
    },
    {
      "itemType": 26,
      "tilePositionOfsets": [
        6029,
        5929
      ],
      "shouldPause": false
    },
    {
      "itemType": 26,
      "tilePositionOfsets": [
        5828,
        5728
      ],
      "shouldPause": false
    },
    {
      "itemType": 26,
      "tilePositionOfsets": [
        5627,
        5527,
        5427,
        5327,
        5227,
        5127
      ],
      "shouldPause": false
    },
    {
      "itemType": 26,
      "tilePositionOfsets": [
        5028,
        4928,
        4828,
        4728
      ],
      "shouldPause": false
    },
    {
      "itemType": 26,
      "tilePositionOfsets": [
        4629
      ],
      "shouldPause": false
    },
    {
      "itemType": 26,
      "tilePositionOfsets": [
        4530,
        4430
      ],
      "shouldPause": false
    },
    {
      "itemType": 26,
      "tilePositionOfsets": [
        4034
      ],
      "shouldPause": false
    },
    {
      "itemType": 26,
      "tilePositionOfsets": [
        3935
      ],
      "shouldPause": false
    },
    {
      "itemType": 26,
      "tilePositionOfsets": [
        3836
      ],
      "shouldPause": false
    },
    {
      "itemType": 26,
      "tilePositionOfsets": [
        3737,
        3738
      ],
      "shouldPause": false
    },
    {
      "itemType": 26,
      "tilePositionOfsets": [
        3639,
        3640,
        3641
      ],
      "shouldPause": false
    },
    {
      "itemType": 26,
      "tilePositionOfsets": [
        3542,
        3543,
        3544,
        3545,
        3546,
        3547,
        3548,
        3549,
        3550,
        3551,
        3552
      ],
      "shouldPause": false
    },
    {
      "itemType": 26,
      "tilePositionOfsets": [
        3858,
        3859,
        3860
      ],
      "shouldPause": false
    },
    {
      "itemType": 26,
      "tilePositionOfsets": [
        3961
      ],
      "shouldPause": false
    },
    {
      "itemType": 26,
      "tilePositionOfsets": [
        4062,
        4063
      ],
      "shouldPause": false
    },
    {
      "itemType": 26,
      "tilePositionOfsets": [
        4264,
        4164
      ],
      "shouldPause": false
    },
    {
      "itemType": 26,
      "tilePositionOfsets": [
        4465,
        4365
      ],
      "shouldPause": false
    },
    {
      "itemType": 26,
      "tilePositionOfsets": [
        4666,
        4566
      ],
      "shouldPause": false
    },
    {
      "itemType": 26,
      "tilePositionOfsets": [
        4867,
        4767
      ],
      "shouldPause": false
    },
    {
      "itemType": 26,
      "tilePositionOfsets": [
        5568,
        5468,
        5368,
        5268,
        5168,
        5068
      ],
      "shouldPause": false
    },
    {
      "itemType": 26,
      "tilePositionOfsets": [
        5967,
        5867,
        5767,
        5667
      ],
      "shouldPause": false
    },
    {
      "itemType": 26,
      "tilePositionOfsets": [
        6266,
        6166,
        6066
      ],
      "shouldPause": false
    },
    {
      "itemType": 26,
      "tilePositionOfsets": [
        6365
      ],
      "shouldPause": false
    },
    {
      "itemType": 26,
      "tilePositionOfsets": [
        6564,
        6464
      ],
      "shouldPause": false
    },
    {
      "itemType": 26,
      "tilePositionOfsets": [
        6663
      ],
      "shouldPause": false
    },
    {
      "itemType": 26,
      "tilePositionOfsets": [
        6762
      ],
      "shouldPause": false
    },
    {
      "itemType": 26,
      "tilePositionOfsets": [
        7350,
        7351,
        7352,
        7353
      ],
      "shouldPause": false
    },
    {
      "itemType": 26,
      "tilePositionOfsets": [
        7254
      ],
      "shouldPause": false
    },
    {
      "itemType": 26,
      "tilePositionOfsets": [
        7155,
        7156
      ],
      "shouldPause": false
    },
    {
      "itemType": 26,
      "tilePositionOfsets": [
        7057,
        7058
      ],
      "shouldPause": false
    },
    {
      "itemType": 26,
      "tilePositionOfsets": [
        6959,
        6960
      ],
      "shouldPause": false
    },
    {
      "itemType": 26,
      "tilePositionOfsets": [
        6861
      ],
      "shouldPause": false
    },
    {
      "itemType": 26,
      "tilePositionOfsets": [
        7344,
        7345,
        7346
      ],
      "shouldPause": false
    },
    {
      "itemType": 26,
      "tilePositionOfsets": [
        7241,
        7242,
        7243
      ],
      "shouldPause": false
    },
    {
      "itemType": 26,
      "tilePositionOfsets": [
        6734
      ],
      "shouldPause": false
    },
    {
      "itemType": 26,
      "tilePositionOfsets": [
        6835
      ],
      "shouldPause": false
    },
    {
      "itemType": 26,
      "tilePositionOfsets": [
        6936
      ],
      "shouldPause": false
    },
    {
      "itemType": 26,
      "tilePositionOfsets": [
        7037,
        7038
      ],
      "shouldPause": false
    },
    {
      "itemType": 26,
      "tilePositionOfsets": [
        7139,
        7140
      ],
      "shouldPause": false
    },
    {
      "itemType": 26,
      "tilePositionOfsets": [
        4331
      ],
      "shouldPause": false
    },
    {
      "itemType": 26,
      "tilePositionOfsets": [
        4968
      ],
      "shouldPause": false
    },
    {
      "itemType": 175,
      "tilePositionOfsets": [
        6254
      ],
      "shouldPause": false
    }
  ],
  "miscItems": [
    {
      "positionOfset": 7248,
      "itemType": 14,
      "number": 0
    },
    {
      "positionOfset": 3643,
      "itemType": 14,
      "number": 1
    },
    {
      "positionOfset": 6131,
      "itemType": 14,
      "number": 2
    },
    {
      "positionOfset": 5567,
      "itemType": 14,
      "number": 3
    },
    {
      "positionOfset": 4233,
      "itemType": 14,
      "number": 4
    },
    {
      "positionOfset": 3755,
      "itemType": 14,
      "number": 5
    },
    {
      "positionOfset": 4337,
      "itemType": 18,
      "number": 0
    },
    {
      "positionOfset": 4850,
      "itemType": 18,
      "number": 1
    },
    {
      "positionOfset": 5761,
      "itemType": 18,
      "number": 2
    }
  ]
}