{
  "pauseDelayAmount": 100,
  "frames": [
    {
      "itemType": 61,
      "tilePositionOfsets": [
        5643
      ],
      "shouldPause": false
    },
    {
      "itemType": 80,
      "tilePositionOfsets": [
        6527
      ],
      "shouldPause": false
    },
    {
      "itemType": 77,
      "tilePositionOfsets": [
        6361
      ],
      "shouldPause": false
    },
    {
      "itemType": 52,
      "tilePositionOfsets": [
        5950
      ],
      "shouldPause": false
    },
    {
      "itemType": 52,
      "tilePositionOfsets": [
        5955
      ],
      "shouldPause": false
    },
    {
      "itemType": 54,
      "tilePositionOfsets": [
        7037
      ],
      "shouldPause": false
    },
    {
      "itemType": 54,
      "tilePositionOfsets": [
        7052
      ],
      "shouldPause": false
    },
    {
      "itemType": 54,
      "tilePositionOfsets": [
        7056
      ],
      "shouldPause": false
    },
    {
      "itemType": 54,
      "tilePositionOfsets": [
        7033
      ],
      "shouldPause": false
    },
    {
      "itemType": 54,
      "tilePositionOfsets": [
        7452
      ],
      "shouldPause": false
    },
    {
      "itemType": 54,
      "tilePositionOfsets": [
        7456
      ],
      "shouldPause": false
    },
    {
      "itemType": 54,
      "tilePositionOfsets": [
        7437
      ],
      "shouldPause": false
    },
    {
      "itemType": 54,
      "tilePositionOfsets": [
        7433
      ],
      "shouldPause": false
    },
    {
      "itemType": 54,
      "tilePositionOfsets": [
        7460
      ],
      "shouldPause": false
    },
    {
      "itemType": 54,
      "tilePositionOfsets": [
        7429
      ],
      "shouldPause": false
    },
    {
      "itemType": 86,
      "tilePositionOfsets": [
        5633
      ],
      "shouldPause": false
    },
    {
      "itemType": 74,
      "tilePositionOfsets": [
        5356
      ],
      "shouldPause": false
    },
    {
      "itemType": 75,
      "tilePositionOfsets": [
        6145
      ],
      "shouldPause": false
    },
    {
      "itemType": 75,
      "tilePositionOfsets": [
        6645
      ],
      "shouldPause": false
    },
    {
      "itemType": 75,
      "tilePositionOfsets": [
        6141
      ],
      "shouldPause": false
    },
    {
      "itemType": 75,
      "tilePositionOfsets": [
        6135
      ],
      "shouldPause": false
    },
    {
      "itemType": 75,
      "tilePositionOfsets": [
        6028
      ],
      "shouldPause": false
    },
    {
      "itemType": 75,
      "tilePositionOfsets": [
        4639
      ],
      "shouldPause": false
    },
    {
      "itemType": 75,
      "tilePositionOfsets": [
        4145
      ],
      "shouldPause": false
    },
    {
      "itemType": 75,
      "tilePositionOfsets": [
        4550
      ],
      "shouldPause": false
    },
    {
      "itemType": 25,
      "tilePositionOfsets": [
        7245,
        7145,
        7044,
        6944,
        6843,
        6743,
        6642,
        6542,
        6441,
        6341,
        6240
      ],
      "shouldPause": false
    },
    {
      "itemType": 25,
      "tilePositionOfsets": [
        7446,
        7346,
        7247,
        7147,
        7048,
        6948,
        6849,
        6749,
        6650,
        6550,
        6451,
        6351
      ],
      "shouldPause": false
    },
    {
      "itemType": 25,
      "tilePositionOfsets": [
        4831,
        4732,
        4633,
        4534,
        4435,
        4336,
        4237,
        4138,
        4039,
        3940,
        3841,
        3742,
        3643,
        3544,
        3445,
        3346
      ],
      "shouldPause": false
    },
    {
      "itemType": 25,
      "tilePositionOfsets": [
        4861,
        4760,
        4659,
        4558,
        4457,
        4356,
        4255,
        4154,
        4053,
        3952,
        3851,
        3750,
        3649,
        3548,
        3447
      ],
      "shouldPause": false
    },
    {
      "itemType": 25,
      "tilePositionOfsets": [
        6629,
        6630,
        6531,
        6532,
        6433,
        6434,
        6335,
        6336,
        6237,
        6238,
        6139,
        6140
      ],
      "shouldPause": false
    },
    {
      "itemType": 25,
      "tilePositionOfsets": [
        6920,
        6821,
        6721,
        6622,
        6522,
        6423,
        6323,
        6224,
        6124,
        6025,
        5925,
        5826,
        5726,
        4930
      ],
      "shouldPause": false
    },
    {
      "itemType": 25,
      "tilePositionOfsets": [
        7070,
        7071,
        7072,
        6968,
        6969,
        6866,
        6867,
        6764,
        6765,
        6662,
        6663,
        6560,
        6561,
        6458,
        6459,
        6356,
        6357,
        6254,
        6255,
        6152,
        6153
      ],
      "shouldPause": false
    },
    {
      "itemType": 25,
      "tilePositionOfsets": [
        6252
      ],
      "shouldPause": false
    },
    {
      "itemType": 25,
      "tilePositionOfsets": [
        6972,
        6871,
        6771,
        6670,
        6570,
        6469,
        6369,
        6268,
        6168,
        6067,
        5967,
        5866,
        5766,
        4962
      ],
      "shouldPause": false
    },
    {
      "itemType": 147,
      "tilePositionOfsets": [
        5661
      ],
      "shouldPause": false
    },
    {
      "itemType": 147,
      "tilePositionOfsets": [
        5625
      ],
      "shouldPause": false
    },
    {
      "itemType": 25,
      "tilePositionOfsets": [
        7021,
        7022,
        6923,
        6924,
        6825,
        6826,
        6727,
        6728
      ],
      "shouldPause": false
    },
    {
      "itemType": 25,
      "tilePositionOfsets": [
        7020
      ],
      "shouldPause": false
    },
    {
      "itemType": 88,
      "tilePositionOfsets": [
        4866
      ],
      "shouldPause": true
    },
    {
      "itemType": 74,
      "tilePositionOfsets": [
        4953
      ],
      "shouldPause": false
    },
    {
      "itemType": 75,
      "tilePositionOfsets": [
        5369
      ],
      "shouldPause": false
    },
    {
      "itemType": 75,
      "tilePositionOfsets": [
        5869
      ],
      "shouldPause": false
    },
    {
      "itemType": 75,
      "tilePositionOfsets": [
        5873
      ],
      "shouldPause": false
    },
    {
      "itemType": 75,
      "tilePositionOfsets": [
        5373
      ],
      "shouldPause": false
    },
    {
      "itemType": 75,
      "tilePositionOfsets": [
        5320
      ],
      "shouldPause": false
    },
    {
      "itemType": 75,
      "tilePositionOfsets": [
        5820
      ],
      "shouldPause": false
    },
    {
      "itemType": 75,
      "tilePositionOfsets": [
        5816
      ],
      "shouldPause": false
    },
    {
      "itemType": 75,
      "tilePositionOfsets": [
        5316
      ],
      "shouldPause": false
    },
    {
      "itemType": 93,
      "tilePositionOfsets": [
        4460
      ],
      "shouldPause": false
    },
    {
      "itemType": 25,
      "tilePositionOfsets": [
        6971,
        6870,
        6770,
        6669,
        6569,
        6468,
        6368,
        6267,
        6167,
        6066,
        5966,
        5865,
        5765
      ],
      "shouldPause": false
    },
    {
      "itemType": 25,
      "tilePositionOfsets": [
        6921,
        6822,
        6722,
        6623,
        6523,
        6424,
        6324,
        6225,
        6125,
        6026,
        5926,
        5827,
        5727
      ],
      "shouldPause": false
    },
    {
      "itemType": 25,
      "tilePositionOfsets": [
        4929,
        4830,
        4731,
        4632,
        4533,
        4434,
        4335,
        4236,
        4137,
        4038,
        3939,
        3840,
        3741,
        3642,
        3543,
        3444,
        3345
      ],
      "shouldPause": false
    },
    {
      "itemType": 25,
      "tilePositionOfsets": [
        4963,
        4862,
        4761,
        4660,
        4559,
        4458,
        4357,
        4256,
        4155,
        4054,
        3953,
        3852,
        3751,
        3650,
        3549,
        3448,
        3347,
        3246
      ],
      "shouldPause": false
    },
    {
      "itemType": 25,
      "tilePositionOfsets": [
        7121,
        7122,
        7024,
        6926,
        6827,
        6828,
        6729,
        6730,
        6631,
        6632,
        6533,
        6534,
        6435,
        6436,
        6337,
        6338,
        6239
      ],
      "shouldPause": false
    },
    {
      "itemType": 25,
      "tilePositionOfsets": [
        7023
      ],
      "shouldPause": false
    },
    {
      "itemType": 25,
      "tilePositionOfsets": [
        6925
      ],
      "shouldPause": false
    },
    {
      "itemType": 25,
      "tilePositionOfsets": [
        7445,
        7345,
        7244,
        7144,
        7043,
        6943,
        6842,
        6742,
        6641,
        6541,
        6440,
        6340
      ],
      "shouldPause": false
    },
    {
      "itemType": 25,
      "tilePositionOfsets": [
        7447,
        7347,
        7248,
        7148,
        7049,
        6949,
        6850,
        6750,
        6651,
        6551,
        6452,
        6352
      ],
      "shouldPause": false
    },
    {
      "itemType": 25,
      "tilePositionOfsets": [
        7172
      ],
      "shouldPause": false
    },
    {
      "itemType": 25,
      "tilePositionOfsets": [
        6253
      ],
      "shouldPause": false
    },
    {
      "itemType": 25,
      "tilePositionOfsets": [
        7170,
        7171,
        7068,
        7069,
        6966,
        6967,
        6864,
        6865,
        6762,
        6763,
        6660,
        6661,
        6558,
        6559,
        6456,
        6457,
        6354,
        6355
      ],
      "shouldPause": false
    },
    {
      "itemType": 25,
      "tilePositionOfsets": [
        7120
      ],
      "shouldPause": false
    },
    {
      "itemType": 25,
      "tilePositionOfsets": [
        7448,
        7348
      ],
      "shouldPause": false
    },
    {
      "itemType": 110,
      "tilePositionOfsets": [
        7542
      ],
      "shouldPause": false
    },
    {
      "itemType": 110,
      "tilePositionOfsets": [
        7549
      ],
      "shouldPause": false
    },
    {
      "itemType": 110,
      "tilePositionOfsets": [
        7470
      ],
      "shouldPause": false
    },
    {
      "itemType": 110,
      "tilePositionOfsets": [
        7173
      ],
      "shouldPause": false
    },
    {
      "itemType": 110,
      "tilePositionOfsets": [
        7420
      ],
      "shouldPause": false
    },
    {
      "itemType": 110,
      "tilePositionOfsets": [
        7117
      ],
      "shouldPause": false
    },
    {
      "itemType": 110,
      "tilePositionOfsets": [
        3242
      ],
      "shouldPause": false
    },
    {
      "itemType": 110,
      "tilePositionOfsets": [
        3247
      ],
      "shouldPause": false
    },
    {
      "itemType": 25,
      "tilePositionOfsets": [
        3245,
        3145,
        3045
      ],
      "shouldPause": false
    },
    {
      "itemType": 25,
      "tilePositionOfsets": [
        3146,
        3046
      ],
      "shouldPause": false
    },
    {
      "itemType": 25,
      "tilePositionOfsets": [
        2942,
        2943,
        2944,
        2945,
        2946,
        2947,
        2948,
        2949
      ],
      "shouldPause": false
    },
    {
      "itemType": 25,
      "tilePositionOfsets": [
        2842,
        2843,
        2844,
        2845,
        2846,
        2847,
        2848,
        2849
      ],
      "shouldPause": false
    },
    {
      "itemType": 25,
      "tilePositionOfsets": [
        7545,
        7546,
        7547,
        7548
      ],
      "shouldPause": false
    },
    {
      "itemType": 25,
      "tilePositionOfsets": [
        7642,
        7643,
        7644,
        7645,
        7646,
        7647,
        7648,
        7649,
        7650,
        7651
      ],
      "shouldPause": false
    },
    {
      "itemType": 25,
      "tilePositionOfsets": [
        7742,
        7743,
        7744,
        7745,
        7746,
        7747,
        7748,
        7749,
        7750,
        7751
      ],
      "shouldPause": false
    },
    {
      "itemType": 25,
      "tilePositionOfsets": [
        7474,
        7375
      ],
      "shouldPause": false
    },
    {
      "itemType": 25,
      "tilePositionOfsets": [
        7473,
        7373,
        7273
      ],
      "shouldPause": false
    },
    {
      "itemType": 25,
      "tilePositionOfsets": [
        7374,
        7275
      ],
      "shouldPause": false
    },
    {
      "itemType": 25,
      "tilePositionOfsets": [
        7274
      ],
      "shouldPause": false
    },
    {
      "itemType": 114,
      "tilePositionOfsets": [
        7975
      ],
      "shouldPause": false
    },
    {
      "itemType": 114,
      "tilePositionOfsets": [
        7912
      ],
      "shouldPause": false
    },
    {
      "itemType": 25,
      "tilePositionOfsets": [
        7974,
        7874,
        7774,
        7674,
        7574
      ],
      "shouldPause": false
    },
    {
      "itemType": 25,
      "tilePositionOfsets": [
        7973,
        7873,
        7773,
        7673,
        7573
      ],
      "shouldPause": false
    },
    {
      "itemType": 25,
      "tilePositionOfsets": [
        7376,
        7377,
        7378,
        7379,
        7380
      ],
      "shouldPause": false
    },
    {
      "itemType": 25,
      "tilePositionOfsets": [
        7276,
        7277,
        7278,
        7279,
        7280
      ],
      "shouldPause": false
    },
    {
      "itemType": 25,
      "tilePositionOfsets": [
        7918,
        7818,
        7718,
        7618,
        7518,
        7418
      ],
      "shouldPause": false
    },
    {
      "itemType": 25,
      "tilePositionOfsets": [
        7312,
        7313,
        7314,
        7315,
        7316,
        7317,
        7318
      ],
      "shouldPause": false
    },
    {
      "itemType": 25,
      "tilePositionOfsets": [
        7212,
        7213,
        7214,
        7215,
        7216,
        7217,
        7218
      ],
      "shouldPause": false
    },
    {
      "itemType": 25,
      "tilePositionOfsets": [
        7919,
        7819,
        7719,
        7619,
        7519,
        7419,
        7319,
        7219
      ],
      "shouldPause": false
    },
    {
      "itemType": 114,
      "tilePositionOfsets": [
        8344
      ],
      "shouldPause": false
    },
    {
      "itemType": 114,
      "tilePositionOfsets": [
        2743
      ],
      "shouldPause": false
    },
    {
      "itemType": 26,
      "tilePositionOfsets": [
        7123,
        7124,
        7025,
        7026,
        6927,
        6928,
        6829,
        6830,
        6731,
        6732,
        6633,
        6634,
        6535,
        6536,
        6437,
        6438
      ],
      "shouldPause": false
    },
    {
      "itemType": 26,
      "tilePositionOfsets": [
        7243,
        7143,
        7042,
        6942,
        6841,
        6741,
        6640,
        6540,
        6439,
        6339
      ],
      "shouldPause": false
    },
    {
      "itemType": 26,
      "tilePositionOfsets": [
        7249,
        7149,
        7050,
        6950,
        6851,
        6751,
        6652,
        6552,
        6453,
        6353
      ],
      "shouldPause": false
    },
    {
      "itemType": 26,
      "tilePositionOfsets": [
        7168,
        7169,
        7066,
        7067,
        6964,
        6965,
        6862,
        6863,
        6760,
        6761,
        6658,
        6659,
        6556,
        6557,
        6454,
        6455
      ],
      "shouldPause": false
    },
    {
      "itemType": 26,
      "tilePositionOfsets": [
        6872,
        6772,
        6671,
        6571,
        6470,
        6370,
        6269,
        6169,
        6068,
        5968,
        5867,
        5767
      ],
      "shouldPause": false
    },
    {
      "itemType": 26,
      "tilePositionOfsets": [
        4964,
        4863,
        4762,
        4661,
        4560,
        4459,
        4358,
        4257,
        4156,
        4055,
        3954,
        3853,
        3752,
        3651,
        3550,
        3449,
        3348
      ],
      "shouldPause": false
    },
    {
      "itemType": 26,
      "tilePositionOfsets": [
        4928,
        4829,
        4730,
        4631,
        4532,
        4433,
        4334,
        4235,
        4136,
        4037,
        3938,
        3839,
        3740,
        3641,
        3542,
        3443,
        3344
      ],
      "shouldPause": false
    },
    {
      "itemType": 26,
      "tilePositionOfsets": [
        6820,
        6720,
        6621,
        6521,
        6422,
        6322,
        6223,
        6123,
        6024,
        5924,
        5825,
        5725
      ],
      "shouldPause": false
    },
    {
      "itemType": 26,
      "tilePositionOfsets": [
        7311,
        7211
      ],
      "shouldPause": false
    },
    {
      "itemType": 26,
      "tilePositionOfsets": [
        7113,
        7114,
        7115,
        7116
      ],
      "shouldPause": false
    },
    {
      "itemType": 26,
      "tilePositionOfsets": [
        7111,
        7112
      ],
      "shouldPause": false
    },
    {
      "itemType": 26,
      "tilePositionOfsets": [
        8018,
        8019
      ],
      "shouldPause": false
    },
    {
      "itemType": 26,
      "tilePositionOfsets": [
        8020,
        7920,
        7820,
        7720,
        7620,
        7520
      ],
      "shouldPause": false
    },
    {
      "itemType": 26,
      "tilePositionOfsets": [
        7741,
        7641
      ],
      "shouldPause": false
    },
    {
      "itemType": 26,
      "tilePositionOfsets": [
        7841,
        7842,
        7843
      ],
      "shouldPause": false
    },
    {
      "itemType": 26,
      "tilePositionOfsets": [
        7850,
        7851
      ],
      "shouldPause": false
    },
    {
      "itemType": 26,
      "tilePositionOfsets": [
        7852,
        7752,
        7652
      ],
      "shouldPause": false
    },
    {
      "itemType": 26,
      "tilePositionOfsets": [
        7972,
        7872,
        7772,
        7672,
        7572
      ],
      "shouldPause": false
    },
    {
      "itemType": 26,
      "tilePositionOfsets": [
        8072,
        8073,
        8074
      ],
      "shouldPause": false
    },
    {
      "itemType": 26,
      "tilePositionOfsets": [
        7381,
        7281
      ],
      "shouldPause": false
    },
    {
      "itemType": 26,
      "tilePositionOfsets": [
        7176,
        7177,
        7178,
        7179,
        7180,
        7181
      ],
      "shouldPause": false
    },
    {
      "itemType": 26,
      "tilePositionOfsets": [
        2941,
        2841
      ],
      "shouldPause": false
    },
    {
      "itemType": 26,
      "tilePositionOfsets": [
        2741,
        2742
      ],
      "shouldPause": false
    },
    {
      "itemType": 26,
      "tilePositionOfsets": [
        2749
      ],
      "shouldPause": false
    },
    {
      "itemType": 26,
      "tilePositionOfsets": [
        2950,
        2850,
        2750
      ],
      "shouldPause": false
    },
    {
      "itemType": 181,
      "tilePositionOfsets": [
        3446
      ],
      "shouldPause": false
    },
    {
      "itemType": 182,
      "tilePositionOfsets": [
        3545
      ],
      "shouldPause": false
    },
    {
      "itemType": 183,
      "tilePositionOfsets": [
        3644
      ],
      "shouldPause": false
    },
    {
      "itemType": 184,
      "tilePositionOfsets": [
        3743
      ],
      "shouldPause": false
    },
    {
      "itemType": 185,
      "tilePositionOfsets": [
        3842
      ],
      "shouldPause": false
    },
    {
      "itemType": 181,
      "tilePositionOfsets": [
        7246
      ],
      "shouldPause": false
    },
    {
      "itemType": 182,
      "tilePositionOfsets": [
        7146
      ],
      "shouldPause": false
    },
    {
      "itemType": 183,
      "tilePositionOfsets": [
        7045
      ],
      "shouldPause": false
    },
    {
      "itemType": 184,
      "tilePositionOfsets": [
        6945
      ],
      "shouldPause": false
    },
    {
      "itemType": 185,
      "tilePositionOfsets": [
        6844
      ],
      "shouldPause": false
    },
    {
      "itemType": 181,
      "tilePositionOfsets": [
        6869
      ],
      "shouldPause": false
    },
    {
      "itemType": 182,
      "tilePositionOfsets": [
        6868
      ],
      "shouldPause": false
    },
    {
      "itemType": 183,
      "tilePositionOfsets": [
        6767
      ],
      "shouldPause": false
    },
    {
      "itemType": 184,
      "tilePositionOfsets": [
        6766
      ],
      "shouldPause": false
    },
    {
      "itemType": 185,
      "tilePositionOfsets": [
        6665
      ],
      "shouldPause": false
    },
    {
      "itemType": 25,
      "tilePositionOfsets": [
        6970
      ],
      "shouldPause": false
    },
    {
      "itemType": 25,
      "tilePositionOfsets": [
        6922
      ],
      "shouldPause": false
    },
    {
      "itemType": 181,
      "tilePositionOfsets": [
        6823
      ],
      "shouldPause": false
    },
    {
      "itemType": 182,
      "tilePositionOfsets": [
        6723
      ],
      "shouldPause": false
    },
    {
      "itemType": 183,
      "tilePositionOfsets": [
        6624
      ],
      "shouldPause": false
    },
    {
      "itemType": 184,
      "tilePositionOfsets": [
        6524
      ],
      "shouldPause": false
    },
    {
      "itemType": 185,
      "tilePositionOfsets": [
        6425
      ],
      "shouldPause": false
    },
    {
      "itemType": 99,
      "tilePositionOfsets": [
        7928,
        7930,
        7931,
        7932,
        7934,
        7935,
        7936,
        7937,
        7822,
        7823,
        7825
      ],
      "shouldPause": false
    },
    {
      "itemType": 99,
      "tilePositionOfsets": [
        7954,
        7958,
        7962,
        7964,
        7965,
        7966,
        7967,
        7968
      ],
      "shouldPause": false
    },
    {
      "itemType": 99,
      "tilePositionOfsets": [
        6376,
        6377,
        6379,
        6280,
        6181,
        6082,
        5884,
        5784,
        5684,
        5485,
        5285,
        4985,
        4785,
        4685,
        4385,
        4085,
        3885,
        3785,
        3684,
        3556,
        3583,
        3456,
        3457,
        3458,
        3482,
        3360,
        3363,
        3366,
        3367,
        3378,
        3380,
        3270,
        3271,
        3272,
        3275,
        3277
      ],
      "shouldPause": false
    },
    {
      "itemType": 99,
      "tilePositionOfsets": [
        6318,
        6319,
        6215,
        6216,
        6111,
        6112,
        6113,
        6009,
        5908,
        5909,
        5708,
        5607,
        5507,
        5306,
        5106,
        5005,
        4705,
        4505,
        4105,
        3905,
        3707,
        3607,
        3608,
        3609,
        3510,
        3511,
        3512,
        3531,
        3532,
        3533,
        3413,
        3414,
        3428,
        3429,
        3430,
        3317,
        3319,
        3321,
        3324,
        3326,
        3327
      ],
      "shouldPause": false
    },
    {
      "itemType": 99,
      "tilePositionOfsets": [
        8225,
        8226,
        8228,
        8230,
        8232,
        8234,
        8235,
        8236,
        8237,
        8122,
        8123,
        8124
      ],
      "shouldPause": false
    },
    {
      "itemType": 99,
      "tilePositionOfsets": [
        8253,
        8255,
        8257,
        8258,
        8259,
        8260,
        8261,
        8262,
        8265,
        8267,
        8269
      ],
      "shouldPause": false
    },
    {
      "itemType": 99,
      "tilePositionOfsets": [
        6777,
        6779,
        6680,
        6681,
        6682,
        6583,
        6483,
        6484,
        6384,
        6285,
        6286,
        6187,
        6087,
        5988,
        5888,
        5788,
        5488,
        5289,
        4889,
        4589,
        4389,
        4289,
        4089,
        3989,
        3889,
        3688,
        3588,
        3488,
        3387,
        3286,
        3155,
        3156,
        3157,
        3184,
        3058,
        3059,
        2961,
        2962,
        2965,
        2867,
        2868,
        2872,
        2873,
        2875,
        2877,
        2878,
        2879,
        2880
      ],
      "shouldPause": true
    },
    {
      "itemType": 99,
      "tilePositionOfsets": [
        5711,
        5712,
        5611
      ],
      "shouldPause": false
    },
    {
      "itemType": 99,
      "tilePositionOfsets": [
        5309,
        5108,
        4808,
        4708,
        4607,
        4507,
        4307,
        4207,
        4208,
        4108,
        4008
      ],
      "shouldPause": false
    },
    {
      "itemType": 99,
      "tilePositionOfsets": [
        3615,
        3617,
        3618,
        3620,
        3621,
        3622
      ],
      "shouldPause": false
    },
    {
      "itemType": 99,
      "tilePositionOfsets": [
        3538,
        3437,
        3336,
        3234,
        3235,
        3132
      ],
      "shouldPause": false
    },
    {
      "itemType": 99,
      "tilePositionOfsets": [
        6714,
        6715,
        6716,
        6613,
        6614,
        6512,
        6513,
        6411
      ],
      "shouldPause": false
    },
    {
      "itemType": 180,
      "tilePositionOfsets": [
        4823
      ],
      "shouldPause": false
    },
    {
      "itemType": 176,
      "tilePositionOfsets": [
        7926
      ],
      "shouldPause": false
    },
    {
      "itemType": 301,
      "tilePositionOfsets": [
        8338
      ],
      "shouldPause": false
    },
    {
      "itemType": 177,
      "tilePositionOfsets": [
        8250
      ],
      "shouldPause": false
    },
    {
      "itemType": 305,
      "tilePositionOfsets": [
        8155
      ],
      "shouldPause": false
    },
    {
      "itemType": 307,
      "tilePositionOfsets": [
        7182
      ],
      "shouldPause": false
    },
    {
      "itemType": 308,
      "tilePositionOfsets": [
        5785
      ],
      "shouldPause": false
    },
    {
      "itemType": 306,
      "tilePositionOfsets": [
        5185
      ],
      "shouldPause": false
    },
    {
      "itemType": 310,
      "tilePositionOfsets": [
        4886
      ],
      "shouldPause": false
    },
    {
      "itemType": 311,
      "tilePositionOfsets": [
        3081
      ],
      "shouldPause": false
    },
    {
      "itemType": 176,
      "tilePositionOfsets": [
        3273
      ],
      "shouldPause": false
    },
    {
      "itemType": 301,
      "tilePositionOfsets": [
        3051
      ],
      "shouldPause": false
    },
    {
      "itemType": 177,
      "tilePositionOfsets": [
        3431
      ],
      "shouldPause": false
    },
    {
      "itemType": 307,
      "tilePositionOfsets": [
        7008
      ],
      "shouldPause": false
    },
    {
      "itemType": 308,
      "tilePositionOfsets": [
        6308
      ],
      "shouldPause": false
    },
    {
      "itemType": 306,
      "tilePositionOfsets": [
        3422
      ],
      "shouldPause": false
    },
    {
      "itemType": 310,
      "tilePositionOfsets": [
        5604
      ],
      "shouldPause": false
    },
    {
      "itemType": 311,
      "tilePositionOfsets": [
        8570
      ],
      "shouldPause": false
    },
    {
      "itemType": 74,
      "tilePositionOfsets": [
        4957
      ],
      "shouldPause": false
    },
    {
      "itemType": 75,
      "tilePositionOfsets": [
        4873
      ],
      "shouldPause": false
    },
    {
      "itemType": 75,
      "tilePositionOfsets": [
        4373
      ],
      "shouldPause": false
    },
    {
      "itemType": 75,
      "tilePositionOfsets": [
        4816
      ],
      "shouldPause": false
    },
    {
      "itemType": 75,
      "tilePositionOfsets": [
        4316
      ],
      "shouldPause": false
    },
    {
      "itemType": 75,
      "tilePositionOfsets": [
        4877
      ],
      "shouldPause": false
    },
    {
      "itemType": 75,
      "tilePositionOfsets": [
        4377
      ],
      "shouldPause": false
    },
    {
      "itemType": 75,
      "tilePositionOfsets": [
        4812
      ],
      "shouldPause": false
    },
    {
      "itemType": 75,
      "tilePositionOfsets": [
        4312
      ],
      "shouldPause": false
    },
    {
      "itemType": 93,
      "tilePositionOfsets": [
        4427
      ],
      "shouldPause": false
    },
    {
      "itemType": 330,
      "tilePositionOfsets": [
        4141
      ],
      "shouldPause": false
    },
    {
      "itemType": 330,
      "tilePositionOfsets": [
        4636
      ],
      "shouldPause": false
    },
    {
      "itemType": 330,
      "tilePositionOfsets": [
        7525
      ],
      "shouldPause": false
    },
    {
      "itemType": 330,
      "tilePositionOfsets": [
        7565
      ],
      "shouldPause": false
    },
    {
      "itemType": 342,
      "tilePositionOfsets": [
        5377
      ],
      "shouldPause": false
    },
    {
      "itemType": 342,
      "tilePositionOfsets": [
        5312
      ],
      "shouldPause": false
    },
    {
      "itemType": 177,
      "tilePositionOfsets": [
        3069
      ],
      "shouldPause": false
    }
  ],
  "miscItems": [
    {
      "positionOfset": 7813,
      "itemType": 1,
      "number": 0
    },
    {
      "positionOfset": 8346,
      "itemType": 1,
      "number": 1
    },
    {
      "positionOfset": 7879,
      "itemType": 1,
      "number": 2
    },
    {
      "positionOfset": 5367,
      "itemType": 1,
      "number": 3
    },
    {
      "positionOfset": 5325,
      "itemType": 1,
      "number": 4
    },
    {
      "positionOfset": 2246,
      "itemType": 1,
      "number": 5
    },
    {
      "positionOfset": 7736,
      "itemType": 5,
      "number": 0
    },
    {
      "positionOfset": 6078,
      "itemType": 5,
      "number": 1
    },
    {
      "positionOfset": 3881,
      "itemType": 5,
      "number": 2
    },
    {
      "positionOfset": 3923,
      "itemType": 5,
      "number": 3
    },
    {
      "positionOfset": 5513,
      "itemType": 5,
      "number": 4
    },
    {
      "positionOfset": 7615,
      "itemType": 16,
      "number": 0
    },
    {
      "positionOfset": 8046,
      "itemType": 16,
      "number": 1
    },
    {
      "positionOfset": 7678,
      "itemType": 16,
      "number": 2
    },
    {
      "positionOfset": 5363,
      "itemType": 16,
      "number": 3
    },
    {
      "positionOfset": 5328,
      "itemType": 16,
      "number": 4
    },
    {
      "positionOfset": 2545,
      "itemType": 16,
      "number": 5
    },
    {
      "positionOfset": 3148,
      "itemType": 19,
      "number": 0
    },
    {
      "positionOfset": 3143,
      "itemType": 19,
      "number": 1
    },
    {
      "positionOfset": 7018,
      "itemType": 19,
      "number": 2
    },
    {
      "positionOfset": 7321,
      "itemType": 19,
      "number": 3
    },
    {
      "positionOfset": 7443,
      "itemType": 19,
      "number": 4
    },
    {
      "positionOfset": 7450,
      "itemType": 19,
      "number": 5
    },
    {
      "positionOfset": 7371,
      "itemType": 19,
      "number": 6
    },
    {
      "positionOfset": 7074,
      "itemType": 19,
      "number": 7
    },
    {
      "positionOfset": 2345,
      "itemType": 20,
      "number": 0
    },
    {
      "positionOfset": 7714,
      "itemType": 20,
      "number": 1
    },
    {
      "positionOfset": 8247,
      "itemType": 20,
      "number": 2
    },
    {
      "positionOfset": 7778,
      "itemType": 20,
      "number": 3
    },
    {
      "positionOfset": 5365,
      "itemType": 20,
      "number": 4
    },
    {
      "positionOfset": 5326,
      "itemType": 20,
      "number": 5
    },
    {
      "positionOfset": 7513,
      "itemType": 20,
      "number": 6
    },
    {
      "positionOfset": 7876,
      "itemType": 20,
      "number": 7
    },
    {
      "positionOfset": 2447,
      "itemType": 20,
      "number": 8
    },
    {
      "positionOfset": 7945,
      "itemType": 20,
      "number": 9
    }
  ]
}