{
  "pauseDelayAmount": 100,
  "frames": [
    {
      "itemType": 61,
      "tilePositionOfsets": [
        5643
      ],
      "shouldPause": false
    },
    {
      "itemType": 80,
      "tilePositionOfsets": [
        4439
      ],
      "shouldPause": false
    },
    {
      "itemType": 77,
      "tilePositionOfsets": [
        4933
      ],
      "shouldPause": false
    },
    {
      "itemType": 52,
      "tilePositionOfsets": [
        4950
      ],
      "shouldPause": false
    },
    {
      "itemType": 52,
      "tilePositionOfsets": [
        4955
      ],
      "shouldPause": false
    },
    {
      "itemType": 54,
      "tilePositionOfsets": [
        6838
      ],
      "shouldPause": false
    },
    {
      "itemType": 54,
      "tilePositionOfsets": [
        6852
      ],
      "shouldPause": false
    },
    {
      "itemType": 54,
      "tilePositionOfsets": [
        7238
      ],
      "shouldPause": false
    },
    {
      "itemType": 54,
      "tilePositionOfsets": [
        7252
      ],
      "shouldPause": false
    },
    {
      "itemType": 54,
      "tilePositionOfsets": [
        7638
      ],
      "shouldPause": false
    },
    {
      "itemType": 54,
      "tilePositionOfsets": [
        7652
      ],
      "shouldPause": false
    },
    {
      "itemType": 54,
      "tilePositionOfsets": [
        8040
      ],
      "shouldPause": false
    },
    {
      "itemType": 54,
      "tilePositionOfsets": [
        8050
      ],
      "shouldPause": false
    },
    {
      "itemType": 54,
      "tilePositionOfsets": [
        8036
      ],
      "shouldPause": false
    },
    {
      "itemType": 54,
      "tilePositionOfsets": [
        8054
      ],
      "shouldPause": false
    },
    {
      "itemType": 86,
      "tilePositionOfsets": [
        6628
      ],
      "shouldPause": false
    },
    {
      "itemType": 74,
      "tilePositionOfsets": [
        4351
      ],
      "shouldPause": false
    },
    {
      "itemType": 75,
      "tilePositionOfsets": [
        4938
      ],
      "shouldPause": false
    },
    {
      "itemType": 75,
      "tilePositionOfsets": [
        5439
      ],
      "shouldPause": false
    },
    {
      "itemType": 75,
      "tilePositionOfsets": [
        6144
      ],
      "shouldPause": false
    },
    {
      "itemType": 75,
      "tilePositionOfsets": [
        3342
      ],
      "shouldPause": false
    },
    {
      "itemType": 75,
      "tilePositionOfsets": [
        3347
      ],
      "shouldPause": false
    },
    {
      "itemType": 75,
      "tilePositionOfsets": [
        3338
      ],
      "shouldPause": false
    },
    {
      "itemType": 75,
      "tilePositionOfsets": [
        3351
      ],
      "shouldPause": false
    },
    {
      "itemType": 75,
      "tilePositionOfsets": [
        2842
      ],
      "shouldPause": false
    },
    {
      "itemType": 25,
      "tilePositionOfsets": [
        7047,
        6947,
        6848,
        6748,
        6649,
        6549,
        6450,
        6350,
        6251,
        6151,
        6052,
        5952,
        5853,
        5753,
        5654,
        5554,
        5455,
        5355,
        5256
      ],
      "shouldPause": false
    },
    {
      "itemType": 25,
      "tilePositionOfsets": [
        7246,
        7146,
        7045,
        6945,
        6844,
        6744,
        6643,
        6543,
        6442,
        6342,
        6241,
        6141,
        6040,
        5940,
        5839,
        5739,
        5638,
        5538,
        5437,
        5337,
        5236
      ],
      "shouldPause": false
    },
    {
      "itemType": 25,
      "tilePositionOfsets": [
        5156,
        5157,
        5058,
        5059,
        4960,
        4961,
        4862,
        4863,
        4764,
        4765
      ],
      "shouldPause": false
    },
    {
      "itemType": 25,
      "tilePositionOfsets": [
        5135,
        5136,
        5033,
        5034,
        4931,
        4932,
        4829,
        4830,
        4727,
        4728
      ],
      "shouldPause": false
    },
    {
      "itemType": 25,
      "tilePositionOfsets": [
        4625,
        4626,
        4527,
        4528,
        4429,
        4430,
        4331,
        4332,
        4233,
        4234
      ],
      "shouldPause": false
    },
    {
      "itemType": 25,
      "tilePositionOfsets": [
        4666,
        4667,
        4564,
        4565,
        4462,
        4463,
        4360,
        4361,
        4258,
        4259
      ],
      "shouldPause": false
    },
    {
      "itemType": 146,
      "tilePositionOfsets": [
        4143
      ],
      "shouldPause": false
    },
    {
      "itemType": 25,
      "tilePositionOfsets": [
        4135,
        4136,
        4037,
        4038,
        3939,
        3940,
        3841,
        3842
      ],
      "shouldPause": false
    },
    {
      "itemType": 25,
      "tilePositionOfsets": [
        4156,
        4157,
        4054,
        4055,
        3952,
        3953,
        3850,
        3851
      ],
      "shouldPause": false
    },
    {
      "itemType": 88,
      "tilePositionOfsets": [
        6656
      ],
      "shouldPause": true
    },
    {
      "itemType": 74,
      "tilePositionOfsets": [
        6049
      ],
      "shouldPause": false
    },
    {
      "itemType": 75,
      "tilePositionOfsets": [
        2847
      ],
      "shouldPause": false
    },
    {
      "itemType": 75,
      "tilePositionOfsets": [
        2851
      ],
      "shouldPause": false
    },
    {
      "itemType": 75,
      "tilePositionOfsets": [
        2838
      ],
      "shouldPause": false
    },
    {
      "itemType": 75,
      "tilePositionOfsets": [
        3356
      ],
      "shouldPause": false
    },
    {
      "itemType": 75,
      "tilePositionOfsets": [
        2856
      ],
      "shouldPause": false
    },
    {
      "itemType": 75,
      "tilePositionOfsets": [
        3333
      ],
      "shouldPause": false
    },
    {
      "itemType": 75,
      "tilePositionOfsets": [
        2833
      ],
      "shouldPause": false
    },
    {
      "itemType": 75,
      "tilePositionOfsets": [
        3856
      ],
      "shouldPause": false
    },
    {
      "itemType": 93,
      "tilePositionOfsets": [
        7331
      ],
      "shouldPause": false
    },
    {
      "itemType": 25,
      "tilePositionOfsets": [
        7247,
        7147,
        7048,
        6948,
        6849,
        6749,
        6650,
        6550,
        6451,
        6351,
        6252,
        6152,
        6053,
        5953,
        5854,
        5754,
        5655,
        5555,
        5456,
        5356,
        5257
      ],
      "shouldPause": false
    },
    {
      "itemType": 25,
      "tilePositionOfsets": [
        5158,
        5159,
        5060,
        5061,
        4962,
        4963,
        4864,
        4865,
        4766,
        4767
      ],
      "shouldPause": false
    },
    {
      "itemType": 25,
      "tilePositionOfsets": [
        4664,
        4665,
        4562,
        4563,
        4460,
        4461,
        4358,
        4359,
        4256,
        4257,
        4154,
        4155,
        4052,
        4053,
        3950,
        3951
      ],
      "shouldPause": false
    },
    {
      "itemType": 25,
      "tilePositionOfsets": [
        7046,
        6946,
        6845,
        6745,
        6644,
        6544,
        6443,
        6343,
        6242,
        6142,
        6041,
        5941,
        5840,
        5740,
        5639,
        5539
      ],
      "shouldPause": false
    },
    {
      "itemType": 25,
      "tilePositionOfsets": [
        5537
      ],
      "shouldPause": false
    },
    {
      "itemType": 25,
      "tilePositionOfsets": [
        5436,
        5336,
        5235
      ],
      "shouldPause": false
    },
    {
      "itemType": 25,
      "tilePositionOfsets": [
        5133,
        5134,
        5031,
        5032,
        4929,
        4930,
        4827,
        4828,
        4725,
        4726
      ],
      "shouldPause": false
    },
    {
      "itemType": 25,
      "tilePositionOfsets": [
        4627,
        4628,
        4529,
        4530,
        4431,
        4432,
        4333,
        4334,
        4235,
        4236,
        4137,
        4138,
        4039,
        4040,
        3941,
        3942
      ],
      "shouldPause": false
    },
    {
      "itemType": 25,
      "tilePositionOfsets": [
        5438
      ],
      "shouldPause": false
    },
    {
      "itemType": 110,
      "tilePositionOfsets": [
        7343
      ],
      "shouldPause": false
    },
    {
      "itemType": 110,
      "tilePositionOfsets": [
        7348
      ],
      "shouldPause": false
    },
    {
      "itemType": 110,
      "tilePositionOfsets": [
        5066
      ],
      "shouldPause": false
    },
    {
      "itemType": 110,
      "tilePositionOfsets": [
        4566
      ],
      "shouldPause": false
    },
    {
      "itemType": 110,
      "tilePositionOfsets": [
        5024
      ],
      "shouldPause": false
    },
    {
      "itemType": 110,
      "tilePositionOfsets": [
        4524
      ],
      "shouldPause": false
    },
    {
      "itemType": 25,
      "tilePositionOfsets": [
        7346
      ],
      "shouldPause": false
    },
    {
      "itemType": 25,
      "tilePositionOfsets": [
        7347
      ],
      "shouldPause": false
    },
    {
      "itemType": 25,
      "tilePositionOfsets": [
        7443,
        7444,
        7445,
        7446,
        7447,
        7448,
        7449,
        7450
      ],
      "shouldPause": false
    },
    {
      "itemType": 25,
      "tilePositionOfsets": [
        4724,
        4624
      ],
      "shouldPause": false
    },
    {
      "itemType": 25,
      "tilePositionOfsets": [
        5023,
        4923,
        4823,
        4723,
        4623,
        4523,
        4423,
        4323
      ],
      "shouldPause": false
    },
    {
      "itemType": 25,
      "tilePositionOfsets": [
        7543,
        7544,
        7545,
        7546,
        7547,
        7548,
        7549,
        7550
      ],
      "shouldPause": false
    },
    {
      "itemType": 25,
      "tilePositionOfsets": [
        5022,
        4922,
        4822,
        4722,
        4622,
        4522,
        4422,
        4322
      ],
      "shouldPause": false
    },
    {
      "itemType": 25,
      "tilePositionOfsets": [
        4768,
        4668
      ],
      "shouldPause": false
    },
    {
      "itemType": 25,
      "tilePositionOfsets": [
        5069,
        4969,
        4869,
        4769,
        4669,
        4569,
        4469,
        4369
      ],
      "shouldPause": false
    },
    {
      "itemType": 25,
      "tilePositionOfsets": [
        5070,
        4970,
        4870,
        4770,
        4670,
        4570,
        4470,
        4370
      ],
      "shouldPause": false
    },
    {
      "itemType": 114,
      "tilePositionOfsets": [
        8144
      ],
      "shouldPause": false
    },
    {
      "itemType": 114,
      "tilePositionOfsets": [
        4971
      ],
      "shouldPause": false
    },
    {
      "itemType": 114,
      "tilePositionOfsets": [
        4916
      ],
      "shouldPause": false
    },
    {
      "itemType": 181,
      "tilePositionOfsets": [
        6847
      ],
      "shouldPause": false
    },
    {
      "itemType": 182,
      "tilePositionOfsets": [
        6747
      ],
      "shouldPause": false
    },
    {
      "itemType": 183,
      "tilePositionOfsets": [
        6648
      ],
      "shouldPause": false
    },
    {
      "itemType": 184,
      "tilePositionOfsets": [
        6548
      ],
      "shouldPause": false
    },
    {
      "itemType": 185,
      "tilePositionOfsets": [
        6449
      ],
      "shouldPause": false
    },
    {
      "itemType": 181,
      "tilePositionOfsets": [
        4663
      ],
      "shouldPause": false
    },
    {
      "itemType": 182,
      "tilePositionOfsets": [
        4662
      ],
      "shouldPause": false
    },
    {
      "itemType": 183,
      "tilePositionOfsets": [
        4561
      ],
      "shouldPause": false
    },
    {
      "itemType": 184,
      "tilePositionOfsets": [
        4560
      ],
      "shouldPause": false
    },
    {
      "itemType": 185,
      "tilePositionOfsets": [
        4459
      ],
      "shouldPause": false
    },
    {
      "itemType": 181,
      "tilePositionOfsets": [
        4629
      ],
      "shouldPause": false
    },
    {
      "itemType": 182,
      "tilePositionOfsets": [
        4630
      ],
      "shouldPause": false
    },
    {
      "itemType": 183,
      "tilePositionOfsets": [
        4531
      ],
      "shouldPause": false
    },
    {
      "itemType": 184,
      "tilePositionOfsets": [
        4532
      ],
      "shouldPause": false
    },
    {
      "itemType": 185,
      "tilePositionOfsets": [
        4433
      ],
      "shouldPause": false
    },
    {
      "itemType": 26,
      "tilePositionOfsets": [
        7044,
        6944,
        6843,
        6743,
        6642,
        6542,
        6441,
        6341,
        6240,
        6140,
        6039,
        5939,
        5838,
        5738,
        5637,
        5536,
        5435
      ],
      "shouldPause": false
    },
    {
      "itemType": 26,
      "tilePositionOfsets": [
        5335
      ],
      "shouldPause": false
    },
    {
      "itemType": 26,
      "tilePositionOfsets": [
        5233,
        5234,
        5131,
        5132,
        5029,
        5030,
        4927,
        4928
      ],
      "shouldPause": false
    },
    {
      "itemType": 26,
      "tilePositionOfsets": [
        4427,
        4428,
        4329,
        4330,
        4231,
        4232,
        4133,
        4134,
        4035,
        4036,
        3937,
        3938,
        3839,
        3840,
        3741,
        3742
      ],
      "shouldPause": false
    },
    {
      "itemType": 26,
      "tilePositionOfsets": [
        4464,
        4465,
        4362,
        4363,
        4260,
        4261,
        4158,
        4159,
        4056,
        4057,
        3954,
        3955,
        3852,
        3853,
        3750,
        3751
      ],
      "shouldPause": false
    },
    {
      "itemType": 26,
      "tilePositionOfsets": [
        7049,
        6949,
        6850,
        6750,
        6651,
        6551,
        6452,
        6352,
        6253,
        6153,
        6054,
        5954,
        5855,
        5755,
        5656,
        5556,
        5457,
        5357,
        5258
      ],
      "shouldPause": false
    },
    {
      "itemType": 26,
      "tilePositionOfsets": [
        5259
      ],
      "shouldPause": false
    },
    {
      "itemType": 26,
      "tilePositionOfsets": [
        5160,
        5161,
        5062,
        5063,
        4964,
        4965
      ],
      "shouldPause": false
    },
    {
      "itemType": 26,
      "tilePositionOfsets": [
        7642,
        7542,
        7442
      ],
      "shouldPause": false
    },
    {
      "itemType": 26,
      "tilePositionOfsets": [
        7643
      ],
      "shouldPause": false
    },
    {
      "itemType": 26,
      "tilePositionOfsets": [
        7650
      ],
      "shouldPause": false
    },
    {
      "itemType": 26,
      "tilePositionOfsets": [
        7651,
        7551,
        7451
      ],
      "shouldPause": false
    },
    {
      "itemType": 26,
      "tilePositionOfsets": [
        5169,
        5170,
        5171
      ],
      "shouldPause": false
    },
    {
      "itemType": 26,
      "tilePositionOfsets": [
        5071
      ],
      "shouldPause": false
    },
    {
      "itemType": 26,
      "tilePositionOfsets": [
        4371
      ],
      "shouldPause": false
    },
    {
      "itemType": 26,
      "tilePositionOfsets": [
        4269,
        4270,
        4271
      ],
      "shouldPause": false
    },
    {
      "itemType": 26,
      "tilePositionOfsets": [
        4321
      ],
      "shouldPause": false
    },
    {
      "itemType": 26,
      "tilePositionOfsets": [
        4221,
        4222,
        4223
      ],
      "shouldPause": false
    },
    {
      "itemType": 26,
      "tilePositionOfsets": [
        5021
      ],
      "shouldPause": false
    },
    {
      "itemType": 26,
      "tilePositionOfsets": [
        5121,
        5122,
        5123
      ],
      "shouldPause": false
    },
    {
      "itemType": 99,
      "tilePositionOfsets": [
        8636,
        8637,
        8639,
        8643,
        8647,
        8650,
        8534,
        8535,
        8553,
        8555,
        8557,
        8432,
        8459,
        8460,
        8330,
        8331,
        8362,
        8229,
        8263,
        8264,
        8164,
        8028,
        8065,
        7927,
        7826,
        7865,
        7726,
        7766,
        7666,
        7525,
        7567,
        7424,
        7468,
        7324,
        7224,
        7269,
        7124,
        7170,
        7071,
        6924,
        6824,
        6871,
        6724,
        6771,
        6624,
        6524,
        6571,
        6424,
        6471,
        6324,
        6372,
        6224,
        6124,
        6172,
        6024,
        6072,
        5924,
        5972,
        5824,
        5723,
        5724,
        5773,
        5622,
        5521,
        5421,
        5473,
        5474,
        5319,
        5320,
        5376,
        5377,
        5219,
        5278,
        5115,
        5117,
        5118,
        5014,
        5015,
        4913,
        4978,
        4813,
        4778,
        4613,
        4513,
        4578,
        4414,
        4478,
        4314,
        4372,
        4373,
        4374,
        4375,
        4377,
        4216,
        4217,
        4118,
        4169,
        4020,
        4022,
        4069,
        3822,
        3823,
        3869,
        3723,
        3669,
        3523,
        3569,
        3423,
        3368,
        3223,
        3268,
        3122,
        3123,
        3168,
        3068,
        2822,
        2868,
        2723,
        2623,
        2668,
        2524,
        2424,
        2468,
        2325,
        2367,
        2267,
        2127,
        2167,
        2027,
        2028,
        2066,
        1929,
        1964,
        1966,
        1831,
        1833,
        1862,
        1735,
        1758,
        1759,
        1760,
        1637,
        1639,
        1640,
        1642,
        1657,
        1543,
        1544,
        1547,
        1549,
        1552,
        1555
      ],
      "shouldPause": false
    },
    {
      "itemType": 99,
      "tilePositionOfsets": [
        7123
      ],
      "shouldPause": false
    },
    {
      "itemType": 99,
      "tilePositionOfsets": [
        9131,
        9135,
        9136,
        9139,
        9141,
        9143,
        9145,
        9147,
        9149,
        9151,
        9154,
        9156,
        9157,
        9028,
        9029,
        9058,
        9060,
        8927,
        8962,
        8963,
        8827,
        8864,
        8766,
        8625,
        8667,
        8524,
        8567,
        8568,
        8424,
        8469,
        8322,
        8370,
        8222,
        8270,
        8120,
        8121,
        8171,
        7919,
        7819,
        7873,
        7719,
        7674,
        7518,
        7575,
        7318,
        7375,
        7218,
        7275,
        7119,
        7176,
        7019,
        7020,
        7077,
        6820,
        6821,
        6720,
        6721,
        6777,
        6677,
        6420,
        6478,
        6320,
        6220,
        6278,
        6120,
        6178,
        6019,
        5818,
        5879,
        5717,
        5780,
        5781,
        5616,
        5682,
        5514,
        5515,
        5583,
        5584,
        5413,
        5484,
        5311,
        5384,
        5209,
        5285,
        5108,
        5008,
        5085,
        4985,
        4808,
        4708,
        4608,
        4584,
        4409,
        4484,
        4383,
        4209,
        4210,
        4281,
        4110,
        4111,
        4180,
        4181,
        4011,
        4012,
        4079,
        3913,
        3976,
        3977,
        3814,
        3875,
        3876,
        3715,
        3716,
        3775,
        3617,
        3675,
        3517,
        3417,
        3475,
        3217,
        3275,
        3175,
        3017,
        2975,
        2818,
        2675,
        2518,
        2575,
        2319,
        2220,
        2274,
        2121,
        2122,
        2022,
        2072,
        2074,
        1923,
        1971,
        1824,
        1869,
        1870,
        1725,
        1768,
        1667,
        1527,
        1529,
        1430,
        1431,
        1466,
        1332,
        1365,
        1232,
        1234,
        1265,
        1135,
        1137,
        1163,
        1038,
        1039,
        1040,
        1043,
        1045,
        1047,
        1050,
        1053,
        1055,
        1057,
        1059,
        1060,
        1061,
        1062
      ],
      "shouldPause": false
    },
    {
      "itemType": 99,
      "tilePositionOfsets": [
        8938,
        8940,
        8942,
        8944,
        8945,
        8951,
        8953,
        8955,
        8836,
        8837,
        8857,
        8859,
        8862,
        8734,
        8762,
        8632,
        8663,
        8664,
        8528,
        8530,
        8425,
        8426,
        8467,
        8325,
        8367,
        8224,
        8123,
        8168,
        7922,
        7822,
        7868,
        7722,
        7723,
        7522,
        7568,
        7423,
        7471,
        7372,
        7223,
        7272,
        7073,
        6723,
        6774,
        6423,
        6474,
        6223,
        6122,
        6174,
        5919,
        5875,
        5716,
        5777,
        5614,
        5678,
        5412,
        5479,
        5211,
        5282,
        5182,
        5011,
        4810,
        4882,
        4682,
        4411,
        4312,
        4117,
        4175,
        3973,
        3819,
        3872,
        3719,
        3771,
        3571,
        3471,
        3321,
        3221,
        3170,
        2921,
        2870,
        2522,
        2569,
        2322,
        2223,
        2269,
        2168,
        2024,
        1926,
        1830,
        1864,
        1732,
        1532,
        1561,
        1433,
        1461,
        1335,
        1338,
        1360,
        1239,
        1243,
        1245,
        1249,
        1253,
        1257
      ],
      "shouldPause": false
    },
    {
      "itemType": 180,
      "tilePositionOfsets": [
        5961
      ],
      "shouldPause": true
    },
    {
      "itemType": 176,
      "tilePositionOfsets": [
        1645
      ],
      "shouldPause": false
    },
    {
      "itemType": 301,
      "tilePositionOfsets": [
        2770
      ],
      "shouldPause": false
    },
    {
      "itemType": 177,
      "tilePositionOfsets": [
        8844
      ],
      "shouldPause": false
    },
    {
      "itemType": 305,
      "tilePositionOfsets": [
        8840
      ],
      "shouldPause": false
    },
    {
      "itemType": 307,
      "tilePositionOfsets": [
        6915
      ],
      "shouldPause": false
    },
    {
      "itemType": 308,
      "tilePositionOfsets": [
        3619
      ],
      "shouldPause": false
    },
    {
      "itemType": 306,
      "tilePositionOfsets": [
        1653
      ],
      "shouldPause": false
    },
    {
      "itemType": 310,
      "tilePositionOfsets": [
        5774
      ],
      "shouldPause": false
    },
    {
      "itemType": 311,
      "tilePositionOfsets": [
        8372
      ],
      "shouldPause": false
    },
    {
      "itemType": 176,
      "tilePositionOfsets": [
        8651
      ],
      "shouldPause": false
    },
    {
      "itemType": 301,
      "tilePositionOfsets": [
        4885
      ],
      "shouldPause": false
    },
    {
      "itemType": 177,
      "tilePositionOfsets": [
        7769
      ],
      "shouldPause": false
    },
    {
      "itemType": 305,
      "tilePositionOfsets": [
        8124
      ],
      "shouldPause": false
    },
    {
      "itemType": 307,
      "tilePositionOfsets": [
        2913
      ],
      "shouldPause": false
    },
    {
      "itemType": 308,
      "tilePositionOfsets": [
        1826
      ],
      "shouldPause": false
    },
    {
      "itemType": 306,
      "tilePositionOfsets": [
        5112
      ],
      "shouldPause": false
    },
    {
      "itemType": 310,
      "tilePositionOfsets": [
        3772
      ],
      "shouldPause": false
    },
    {
      "itemType": 311,
      "tilePositionOfsets": [
        9122
      ],
      "shouldPause": false
    },
    {
      "itemType": 74,
      "tilePositionOfsets": [
        6545
      ],
      "shouldPause": false
    },
    {
      "itemType": 75,
      "tilePositionOfsets": [
        3833
      ],
      "shouldPause": false
    },
    {
      "itemType": 75,
      "tilePositionOfsets": [
        3860
      ],
      "shouldPause": false
    },
    {
      "itemType": 75,
      "tilePositionOfsets": [
        3360
      ],
      "shouldPause": false
    },
    {
      "itemType": 75,
      "tilePositionOfsets": [
        2860
      ],
      "shouldPause": false
    },
    {
      "itemType": 75,
      "tilePositionOfsets": [
        3829
      ],
      "shouldPause": false
    },
    {
      "itemType": 75,
      "tilePositionOfsets": [
        3329
      ],
      "shouldPause": false
    },
    {
      "itemType": 75,
      "tilePositionOfsets": [
        2829
      ],
      "shouldPause": false
    },
    {
      "itemType": 75,
      "tilePositionOfsets": [
        2344
      ],
      "shouldPause": false
    },
    {
      "itemType": 93,
      "tilePositionOfsets": [
        7357
      ],
      "shouldPause": false
    },
    {
      "itemType": 93,
      "tilePositionOfsets": [
        6662
      ],
      "shouldPause": false
    },
    {
      "itemType": 342,
      "tilePositionOfsets": [
        2336
      ],
      "shouldPause": false
    },
    {
      "itemType": 342,
      "tilePositionOfsets": [
        2353
      ],
      "shouldPause": false
    },
    {
      "itemType": 330,
      "tilePositionOfsets": [
        5530
      ],
      "shouldPause": false
    },
    {
      "itemType": 330,
      "tilePositionOfsets": [
        5966
      ],
      "shouldPause": false
    }
  ],
  "miscItems": [
    {
      "positionOfset": 8147,
      "itemType": 1,
      "number": 0
    },
    {
      "positionOfset": 4716,
      "itemType": 1,
      "number": 1
    },
    {
      "positionOfset": 3646,
      "itemType": 1,
      "number": 2
    },
    {
      "positionOfset": 4776,
      "itemType": 1,
      "number": 3
    },
    {
      "positionOfset": 5424,
      "itemType": 5,
      "number": 0
    },
    {
      "positionOfset": 8336,
      "itemType": 5,
      "number": 1
    },
    {
      "positionOfset": 8061,
      "itemType": 5,
      "number": 2
    },
    {
      "positionOfset": 3265,
      "itemType": 5,
      "number": 3
    },
    {
      "positionOfset": 2131,
      "itemType": 5,
      "number": 4
    },
    {
      "positionOfset": 7846,
      "itemType": 16,
      "number": 0
    },
    {
      "positionOfset": 4773,
      "itemType": 16,
      "number": 1
    },
    {
      "positionOfset": 3846,
      "itemType": 16,
      "number": 2
    },
    {
      "positionOfset": 4718,
      "itemType": 16,
      "number": 3
    },
    {
      "positionOfset": 4425,
      "itemType": 19,
      "number": 0
    },
    {
      "positionOfset": 4925,
      "itemType": 19,
      "number": 1
    },
    {
      "positionOfset": 7244,
      "itemType": 19,
      "number": 2
    },
    {
      "positionOfset": 7249,
      "itemType": 19,
      "number": 3
    },
    {
      "positionOfset": 4967,
      "itemType": 19,
      "number": 4
    },
    {
      "positionOfset": 4467,
      "itemType": 19,
      "number": 5
    },
    {
      "positionOfset": 3648,
      "itemType": 20,
      "number": 0
    },
    {
      "positionOfset": 4517,
      "itemType": 20,
      "number": 1
    },
    {
      "positionOfset": 8045,
      "itemType": 20,
      "number": 2
    },
    {
      "positionOfset": 4675,
      "itemType": 20,
      "number": 3
    },
    {
      "positionOfset": 3644,
      "itemType": 20,
      "number": 4
    },
    {
      "positionOfset": 8048,
      "itemType": 20,
      "number": 5
    },
    {
      "positionOfset": 4919,
      "itemType": 20,
      "number": 6
    },
    {
      "positionOfset": 4972,
      "itemType": 20,
      "number": 7
    },
    {
      "positionOfset": 4917,
      "itemType": 20,
      "number": 8
    },
    {
      "positionOfset": 4975,
      "itemType": 20,
      "number": 9
    }
  ]
}