{
  "pauseDelayAmount": 100,
  "frames": [
    {
      "itemType": 61,
      "tilePositionOfsets": [
        5643
      ],
      "shouldPause": false
    },
    {
      "itemType": 80,
      "tilePositionOfsets": [
        5038
      ],
      "shouldPause": false
    },
    {
      "itemType": 77,
      "tilePositionOfsets": [
        6331
      ],
      "shouldPause": false
    },
    {
      "itemType": 52,
      "tilePositionOfsets": [
        5950
      ],
      "shouldPause": false
    },
    {
      "itemType": 52,
      "tilePositionOfsets": [
        5955
      ],
      "shouldPause": false
    },
    {
      "itemType": 54,
      "tilePositionOfsets": [
        7430
      ],
      "shouldPause": false
    },
    {
      "itemType": 54,
      "tilePositionOfsets": [
        7434
      ],
      "shouldPause": false
    },
    {
      "itemType": 54,
      "tilePositionOfsets": [
        7034
      ],
      "shouldPause": false
    },
    {
      "itemType": 54,
      "tilePositionOfsets": [
        7459
      ],
      "shouldPause": false
    },
    {
      "itemType": 54,
      "tilePositionOfsets": [
        7455
      ],
      "shouldPause": false
    },
    {
      "itemType": 54,
      "tilePositionOfsets": [
        7055
      ],
      "shouldPause": false
    },
    {
      "itemType": 54,
      "tilePositionOfsets": [
        7038
      ],
      "shouldPause": false
    },
    {
      "itemType": 54,
      "tilePositionOfsets": [
        7438
      ],
      "shouldPause": false
    },
    {
      "itemType": 54,
      "tilePositionOfsets": [
        7451
      ],
      "shouldPause": false
    },
    {
      "itemType": 54,
      "tilePositionOfsets": [
        7051
      ],
      "shouldPause": false
    },
    {
      "itemType": 86,
      "tilePositionOfsets": [
        4032
      ],
      "shouldPause": false
    },
    {
      "itemType": 74,
      "tilePositionOfsets": [
        4851
      ],
      "shouldPause": false
    },
    {
      "itemType": 75,
      "tilePositionOfsets": [
        6459
      ],
      "shouldPause": false
    },
    {
      "itemType": 75,
      "tilePositionOfsets": [
        5538
      ],
      "shouldPause": false
    },
    {
      "itemType": 75,
      "tilePositionOfsets": [
        6038
      ],
      "shouldPause": false
    },
    {
      "itemType": 75,
      "tilePositionOfsets": [
        5564
      ],
      "shouldPause": false
    },
    {
      "itemType": 75,
      "tilePositionOfsets": [
        5568
      ],
      "shouldPause": false
    },
    {
      "itemType": 75,
      "tilePositionOfsets": [
        5064
      ],
      "shouldPause": false
    },
    {
      "itemType": 75,
      "tilePositionOfsets": [
        5068
      ],
      "shouldPause": false
    },
    {
      "itemType": 25,
      "tilePositionOfsets": [
        5846
      ],
      "shouldPause": false
    },
    {
      "itemType": 25,
      "tilePositionOfsets": [
        6729,
        6630,
        6631,
        6532,
        6533,
        6434,
        6435,
        6336,
        6337,
        6238,
        6239,
        6140,
        6141,
        6042,
        6043,
        5944,
        5945
      ],
      "shouldPause": false
    },
    {
      "itemType": 25,
      "tilePositionOfsets": [
        6728
      ],
      "shouldPause": false
    },
    {
      "itemType": 25,
      "tilePositionOfsets": [
        6827
      ],
      "shouldPause": false
    },
    {
      "itemType": 25,
      "tilePositionOfsets": [
        6826,
        6726,
        6627,
        6527,
        6428,
        6328,
        6229,
        6129,
        6030,
        5930,
        5831,
        5731,
        5632,
        5532
      ],
      "shouldPause": false
    },
    {
      "itemType": 25,
      "tilePositionOfsets": [
        6763,
        6764,
        6661,
        6662,
        6559,
        6560,
        6457,
        6458,
        6355,
        6356,
        6253,
        6254,
        6151,
        6152,
        6049,
        6050,
        5947,
        5948
      ],
      "shouldPause": false
    },
    {
      "itemType": 25,
      "tilePositionOfsets": [
        6865
      ],
      "shouldPause": false
    },
    {
      "itemType": 25,
      "tilePositionOfsets": [
        6866,
        6766,
        6665,
        6565,
        6464,
        6364,
        6263,
        6163,
        6062,
        5962,
        5861,
        5761,
        5660,
        5560,
        4755,
        4654,
        4553,
        4452,
        4351,
        4250,
        4149,
        4048,
        3947
      ],
      "shouldPause": false
    },
    {
      "itemType": 25,
      "tilePositionOfsets": [
        4737,
        4638,
        4539,
        4440,
        4341,
        4242,
        4143,
        4044,
        3945,
        3846
      ],
      "shouldPause": false
    },
    {
      "itemType": 147,
      "tilePositionOfsets": [
        5456
      ],
      "shouldPause": false
    },
    {
      "itemType": 147,
      "tilePositionOfsets": [
        5430
      ],
      "shouldPause": false
    },
    {
      "itemType": 88,
      "tilePositionOfsets": [
        4051
      ],
      "shouldPause": true
    },
    {
      "itemType": 74,
      "tilePositionOfsets": [
        5834
      ],
      "shouldPause": false
    },
    {
      "itemType": 75,
      "tilePositionOfsets": [
        5525
      ],
      "shouldPause": false
    },
    {
      "itemType": 75,
      "tilePositionOfsets": [
        5521
      ],
      "shouldPause": false
    },
    {
      "itemType": 75,
      "tilePositionOfsets": [
        5025
      ],
      "shouldPause": false
    },
    {
      "itemType": 75,
      "tilePositionOfsets": [
        5021
      ],
      "shouldPause": false
    },
    {
      "itemType": 75,
      "tilePositionOfsets": [
        4521
      ],
      "shouldPause": false
    },
    {
      "itemType": 75,
      "tilePositionOfsets": [
        4525
      ],
      "shouldPause": false
    },
    {
      "itemType": 75,
      "tilePositionOfsets": [
        4564
      ],
      "shouldPause": false
    },
    {
      "itemType": 75,
      "tilePositionOfsets": [
        4568
      ],
      "shouldPause": false
    },
    {
      "itemType": 93,
      "tilePositionOfsets": [
        4057
      ],
      "shouldPause": false
    },
    {
      "itemType": 25,
      "tilePositionOfsets": [
        4736,
        4637,
        4538,
        4439,
        4340,
        4241,
        4142,
        4043,
        3944,
        3845
      ],
      "shouldPause": false
    },
    {
      "itemType": 25,
      "tilePositionOfsets": [
        4756,
        4655,
        4554,
        4453,
        4352,
        4251,
        4150,
        4049,
        3948,
        3847,
        3746
      ],
      "shouldPause": false
    },
    {
      "itemType": 25,
      "tilePositionOfsets": [
        6867,
        6767,
        6666,
        6566,
        6465,
        6365,
        6264,
        6164,
        6063,
        5963,
        5862,
        5762,
        5661,
        5561
      ],
      "shouldPause": false
    },
    {
      "itemType": 25,
      "tilePositionOfsets": [
        6825,
        6725,
        6626,
        6526,
        6427,
        6327,
        6228,
        6128,
        6029,
        5929,
        5830,
        5730,
        5631,
        5531
      ],
      "shouldPause": false
    },
    {
      "itemType": 25,
      "tilePositionOfsets": [
        6926,
        6927,
        6828,
        6829,
        6730,
        6731,
        6632,
        6633,
        6534,
        6535,
        6436,
        6437,
        6338,
        6339,
        6240,
        6241,
        6142,
        6143,
        6044,
        6045,
        5946
      ],
      "shouldPause": false
    },
    {
      "itemType": 25,
      "tilePositionOfsets": [
        6965,
        6966,
        6863,
        6864,
        6761,
        6762,
        6659,
        6660,
        6557,
        6558,
        6455,
        6456,
        6353,
        6354,
        6251,
        6252,
        6149,
        6150,
        6047,
        6048
      ],
      "shouldPause": false
    },
    {
      "itemType": 26,
      "tilePositionOfsets": [
        4735,
        4636,
        4537,
        4438,
        4339,
        4240,
        4141,
        4042,
        3943
      ],
      "shouldPause": false
    },
    {
      "itemType": 26,
      "tilePositionOfsets": [
        4757,
        4656,
        4555,
        4454,
        4353,
        4252,
        4151,
        4050,
        3949
      ],
      "shouldPause": false
    },
    {
      "itemType": 26,
      "tilePositionOfsets": [
        6625,
        6525,
        6426,
        6326,
        6227,
        6127,
        6028,
        5928,
        5829,
        5729,
        5630,
        5530
      ],
      "shouldPause": false
    },
    {
      "itemType": 26,
      "tilePositionOfsets": [
        6928,
        6929,
        6830,
        6831,
        6732,
        6733,
        6634,
        6635,
        6536,
        6537,
        6438,
        6439,
        6340,
        6341,
        6242,
        6243,
        6144,
        6145,
        6046
      ],
      "shouldPause": false
    },
    {
      "itemType": 26,
      "tilePositionOfsets": [
        6963,
        6964,
        6861,
        6862,
        6759,
        6760,
        6657,
        6658,
        6555,
        6556,
        6453,
        6454,
        6351,
        6352,
        6249,
        6250,
        6147,
        6148
      ],
      "shouldPause": false
    },
    {
      "itemType": 26,
      "tilePositionOfsets": [
        6667,
        6567,
        6466,
        6366,
        6265,
        6165,
        6064,
        5964,
        5863,
        5763,
        5662,
        5562
      ],
      "shouldPause": false
    },
    {
      "itemType": 110,
      "tilePositionOfsets": [
        7264
      ],
      "shouldPause": false
    },
    {
      "itemType": 110,
      "tilePositionOfsets": [
        6868
      ],
      "shouldPause": false
    },
    {
      "itemType": 110,
      "tilePositionOfsets": [
        7226
      ],
      "shouldPause": false
    },
    {
      "itemType": 110,
      "tilePositionOfsets": [
        6822
      ],
      "shouldPause": false
    },
    {
      "itemType": 110,
      "tilePositionOfsets": [
        3842
      ],
      "shouldPause": false
    },
    {
      "itemType": 110,
      "tilePositionOfsets": [
        3848
      ],
      "shouldPause": false
    },
    {
      "itemType": 114,
      "tilePositionOfsets": [
        7669
      ],
      "shouldPause": false
    },
    {
      "itemType": 114,
      "tilePositionOfsets": [
        7618
      ],
      "shouldPause": false
    },
    {
      "itemType": 114,
      "tilePositionOfsets": [
        3344
      ],
      "shouldPause": false
    },
    {
      "itemType": 25,
      "tilePositionOfsets": [
        7225,
        7125,
        7025,
        6925
      ],
      "shouldPause": false
    },
    {
      "itemType": 25,
      "tilePositionOfsets": [
        7324
      ],
      "shouldPause": false
    },
    {
      "itemType": 25,
      "tilePositionOfsets": [
        6922,
        6923,
        6924
      ],
      "shouldPause": false
    },
    {
      "itemType": 25,
      "tilePositionOfsets": [
        7021
      ],
      "shouldPause": false
    },
    {
      "itemType": 25,
      "tilePositionOfsets": [
        7022,
        7023
      ],
      "shouldPause": false
    },
    {
      "itemType": 25,
      "tilePositionOfsets": [
        7224,
        7124,
        7024
      ],
      "shouldPause": false
    },
    {
      "itemType": 25,
      "tilePositionOfsets": [
        7267,
        7167,
        7067,
        6967
      ],
      "shouldPause": false
    },
    {
      "itemType": 25,
      "tilePositionOfsets": [
        7367
      ],
      "shouldPause": false
    },
    {
      "itemType": 25,
      "tilePositionOfsets": [
        7468,
        7368,
        7268,
        7168
      ],
      "shouldPause": false
    },
    {
      "itemType": 25,
      "tilePositionOfsets": [
        6968,
        6969,
        6970,
        6971
      ],
      "shouldPause": false
    },
    {
      "itemType": 25,
      "tilePositionOfsets": [
        7068,
        7069,
        7070,
        7071,
        7072
      ],
      "shouldPause": false
    },
    {
      "itemType": 25,
      "tilePositionOfsets": [
        7020,
        6921
      ],
      "shouldPause": false
    },
    {
      "itemType": 25,
      "tilePositionOfsets": [
        7424,
        7325
      ],
      "shouldPause": false
    },
    {
      "itemType": 25,
      "tilePositionOfsets": [
        3444,
        3445,
        3446,
        3447,
        3448,
        3449
      ],
      "shouldPause": false
    },
    {
      "itemType": 25,
      "tilePositionOfsets": [
        3544,
        3545,
        3546,
        3547,
        3548,
        3549
      ],
      "shouldPause": false
    },
    {
      "itemType": 25,
      "tilePositionOfsets": [
        3745,
        3645
      ],
      "shouldPause": false
    },
    {
      "itemType": 25,
      "tilePositionOfsets": [
        3646
      ],
      "shouldPause": false
    },
    {
      "itemType": 25,
      "tilePositionOfsets": [
        3647
      ],
      "shouldPause": false
    },
    {
      "itemType": 25,
      "tilePositionOfsets": [
        3747
      ],
      "shouldPause": false
    },
    {
      "itemType": 25,
      "tilePositionOfsets": [
        3543,
        3443,
        3343,
        3243,
        3143,
        3043,
        2943,
        2843
      ],
      "shouldPause": false
    },
    {
      "itemType": 26,
      "tilePositionOfsets": [
        7524,
        7425,
        7326
      ],
      "shouldPause": false
    },
    {
      "itemType": 26,
      "tilePositionOfsets": [
        7019,
        6920,
        6821
      ],
      "shouldPause": false
    },
    {
      "itemType": 26,
      "tilePositionOfsets": [
        7568,
        7467,
        7366
      ],
      "shouldPause": false
    },
    {
      "itemType": 26,
      "tilePositionOfsets": [
        7073,
        6972,
        6871
      ],
      "shouldPause": false
    },
    {
      "itemType": 26,
      "tilePositionOfsets": [
        3550,
        3450
      ],
      "shouldPause": false
    },
    {
      "itemType": 26,
      "tilePositionOfsets": [
        3542,
        3442,
        3342,
        3242,
        3142,
        3042,
        2942,
        2842
      ],
      "shouldPause": false
    },
    {
      "itemType": 26,
      "tilePositionOfsets": [
        2743
      ],
      "shouldPause": false
    },
    {
      "itemType": 99,
      "tilePositionOfsets": [
        8123,
        8125,
        8126,
        8127,
        8128,
        8019,
        8030,
        8034,
        7916,
        7971,
        7973,
        7974,
        7976,
        7834,
        7836,
        7840,
        7841,
        7842,
        7854,
        7855,
        7859,
        7866,
        7870,
        7877,
        7613,
        7513,
        7545,
        7546,
        7413,
        7313,
        7314,
        7377,
        7213,
        7214,
        7114,
        7177,
        7014,
        7078,
        6914,
        6979,
        6813,
        6881,
        6713,
        6781,
        6613,
        6180,
        6079,
        5914,
        5978,
        3877,
        3878,
        3721,
        3776,
        3621,
        3675,
        3521,
        3523,
        3524,
        3471,
        3371,
        3229,
        3270,
        3129,
        3063,
        3065,
        2929,
        2830,
        2732,
        2733,
        2756,
        2637,
        2638,
        2652,
        2653,
        2654,
        2538,
        2539,
        2546,
        2548,
        2440,
        2442,
        2444
      ],
      "shouldPause": false
    },
    {
      "itemType": 99,
      "tilePositionOfsets": [
        6213,
        6113,
        6013,
        5913
      ],
      "shouldPause": false
    },
    {
      "itemType": 99,
      "tilePositionOfsets": [
        3522
      ],
      "shouldPause": false
    },
    {
      "itemType": 99,
      "tilePositionOfsets": [
        3525,
        3425
      ],
      "shouldPause": false
    },
    {
      "itemType": 99,
      "tilePositionOfsets": [
        3029,
        2827,
        2828,
        2829,
        2729,
        2730,
        2731
      ],
      "shouldPause": false
    },
    {
      "itemType": 99,
      "tilePositionOfsets": [
        2540,
        2544,
        2545,
        2441,
        2443
      ],
      "shouldPause": false
    },
    {
      "itemType": 99,
      "tilePositionOfsets": [
        2547
      ],
      "shouldPause": false
    },
    {
      "itemType": 99,
      "tilePositionOfsets": [
        2755,
        2757,
        2655
      ],
      "shouldPause": true
    },
    {
      "itemType": 99,
      "tilePositionOfsets": [
        3064,
        3066
      ],
      "shouldPause": false
    },
    {
      "itemType": 99,
      "tilePositionOfsets": [
        3271
      ],
      "shouldPause": false
    },
    {
      "itemType": 99,
      "tilePositionOfsets": [
        3777,
        3676,
        3575
      ],
      "shouldPause": false
    },
    {
      "itemType": 99,
      "tilePositionOfsets": [
        5079,
        4979,
        4879
      ],
      "shouldPause": false
    },
    {
      "itemType": 99,
      "tilePositionOfsets": [
        6080,
        6081,
        5979,
        5980,
        5879,
        5779
      ],
      "shouldPause": false
    },
    {
      "itemType": 99,
      "tilePositionOfsets": [
        7477,
        7277,
        7278,
        7178,
        7179,
        7079,
        6980,
        6880,
        6681
      ],
      "shouldPause": false
    },
    {
      "itemType": 99,
      "tilePositionOfsets": [
        7970,
        7972,
        7975,
        7977
      ],
      "shouldPause": false
    },
    {
      "itemType": 99,
      "tilePositionOfsets": [
        7860,
        7861,
        7862,
        7863,
        7864,
        7865
      ],
      "shouldPause": false
    },
    {
      "itemType": 99,
      "tilePositionOfsets": [
        7843,
        7852,
        7853,
        7645,
        7646,
        7547
      ],
      "shouldPause": false
    },
    {
      "itemType": 99,
      "tilePositionOfsets": [
        7934,
        7835
      ],
      "shouldPause": false
    },
    {
      "itemType": 99,
      "tilePositionOfsets": [
        8129,
        8029
      ],
      "shouldPause": false
    },
    {
      "itemType": 99,
      "tilePositionOfsets": [
        8124,
        8023
      ],
      "shouldPause": false
    },
    {
      "itemType": 99,
      "tilePositionOfsets": [
        8018,
        7915,
        7917,
        7918
      ],
      "shouldPause": false
    },
    {
      "itemType": 180,
      "tilePositionOfsets": [
        4064
      ],
      "shouldPause": false
    },
    {
      "itemType": 74,
      "tilePositionOfsets": [
        3357
      ],
      "shouldPause": false
    },
    {
      "itemType": 99,
      "tilePositionOfsets": [
        6913
      ],
      "shouldPause": false
    },
    {
      "itemType": 99,
      "tilePositionOfsets": [
        7745
      ],
      "shouldPause": false
    },
    {
      "itemType": 75,
      "tilePositionOfsets": [
        4559
      ],
      "shouldPause": false
    },
    {
      "itemType": 99,
      "tilePositionOfsets": [
        8529,
        8530,
        8531,
        8532,
        8432,
        8433,
        8434
      ],
      "shouldPause": false
    },
    {
      "itemType": 99,
      "tilePositionOfsets": [
        8236,
        8237,
        8238,
        8239
      ],
      "shouldPause": false
    },
    {
      "itemType": 99,
      "tilePositionOfsets": [
        8248,
        8249,
        8250,
        8251,
        8147,
        8148
      ],
      "shouldPause": false
    },
    {
      "itemType": 99,
      "tilePositionOfsets": [
        8255,
        8256,
        8257,
        8258
      ],
      "shouldPause": false
    },
    {
      "itemType": 99,
      "tilePositionOfsets": [
        8266,
        8267,
        8268,
        8269
      ],
      "shouldPause": false
    },
    {
      "itemType": 99,
      "tilePositionOfsets": [
        7881,
        7781,
        7681,
        7581,
        7481,
        7482
      ],
      "shouldPause": false
    },
    {
      "itemType": 99,
      "tilePositionOfsets": [
        6685,
        6585,
        6485,
        6385,
        6284,
        6285,
        6184,
        6084
      ],
      "shouldPause": false
    },
    {
      "itemType": 99,
      "tilePositionOfsets": [
        5682,
        5582,
        5482,
        5382,
        5282,
        5182,
        5082
      ],
      "shouldPause": false
    },
    {
      "itemType": 99,
      "tilePositionOfsets": [
        4382,
        4282,
        4182,
        4082,
        3982,
        3881,
        3882,
        3781
      ],
      "shouldPause": false
    },
    {
      "itemType": 99,
      "tilePositionOfsets": [
        3477,
        3376,
        3377,
        3276,
        3277,
        3174,
        3175,
        3176
      ],
      "shouldPause": false
    },
    {
      "itemType": 99,
      "tilePositionOfsets": [
        2970,
        2971,
        2868,
        2869,
        2870,
        2766,
        2767,
        2768
      ],
      "shouldPause": false
    },
    {
      "itemType": 99,
      "tilePositionOfsets": [
        2662,
        2663,
        2560,
        2561,
        2562,
        2563,
        2564,
        2565
      ],
      "shouldPause": false
    },
    {
      "itemType": 99,
      "tilePositionOfsets": [
        2569,
        2570,
        2468,
        2469,
        2470,
        2367,
        2368,
        2267
      ],
      "shouldPause": false
    },
    {
      "itemType": 99,
      "tilePositionOfsets": [
        2354,
        2249,
        2250,
        2251,
        2252,
        2253,
        2254,
        2147,
        2148,
        2149
      ],
      "shouldPause": false
    },
    {
      "itemType": 99,
      "tilePositionOfsets": [
        2432,
        2434,
        2332,
        2333,
        2334,
        2234,
        2235,
        2134,
        2135,
        2136
      ],
      "shouldPause": false
    },
    {
      "itemType": 99,
      "tilePositionOfsets": [
        3121,
        3122,
        3022,
        3023,
        2923,
        2823
      ],
      "shouldPause": false
    },
    {
      "itemType": 99,
      "tilePositionOfsets": [
        3717,
        3617,
        3618,
        3518,
        3418,
        3419
      ],
      "shouldPause": false
    },
    {
      "itemType": 99,
      "tilePositionOfsets": [
        4211,
        4111,
        4011,
        3911,
        3912,
        3811,
        3812,
        3712,
        3713
      ],
      "shouldPause": false
    },
    {
      "itemType": 99,
      "tilePositionOfsets": [
        5310,
        5210,
        5109,
        5110,
        5009,
        4909,
        4910
      ],
      "shouldPause": false
    },
    {
      "itemType": 99,
      "tilePositionOfsets": [
        6609,
        6610,
        6510,
        6409,
        6410,
        6309,
        6209,
        6109
      ],
      "shouldPause": false
    },
    {
      "itemType": 99,
      "tilePositionOfsets": [
        8112,
        8011,
        8012,
        7910,
        7911,
        7809,
        7810
      ],
      "shouldPause": false
    },
    {
      "itemType": 99,
      "tilePositionOfsets": [
        8418,
        8419,
        8420,
        8421,
        8422,
        8423,
        8424,
        8318,
        8319
      ],
      "shouldPause": false
    },
    {
      "itemType": 176,
      "tilePositionOfsets": [
        8218
      ],
      "shouldPause": false
    },
    {
      "itemType": 301,
      "tilePositionOfsets": [
        2555
      ],
      "shouldPause": false
    },
    {
      "itemType": 177,
      "tilePositionOfsets": [
        8252
      ],
      "shouldPause": false
    },
    {
      "itemType": 305,
      "tilePositionOfsets": [
        8167
      ],
      "shouldPause": false
    },
    {
      "itemType": 307,
      "tilePositionOfsets": [
        3324
      ],
      "shouldPause": false
    },
    {
      "itemType": 308,
      "tilePositionOfsets": [
        3814
      ],
      "shouldPause": false
    },
    {
      "itemType": 306,
      "tilePositionOfsets": [
        6411
      ],
      "shouldPause": false
    },
    {
      "itemType": 310,
      "tilePositionOfsets": [
        7710
      ],
      "shouldPause": false
    },
    {
      "itemType": 311,
      "tilePositionOfsets": [
        8340
      ],
      "shouldPause": false
    },
    {
      "itemType": 176,
      "tilePositionOfsets": [
        6082
      ],
      "shouldPause": false
    },
    {
      "itemType": 301,
      "tilePositionOfsets": [
        4880
      ],
      "shouldPause": false
    },
    {
      "itemType": 177,
      "tilePositionOfsets": [
        3572
      ],
      "shouldPause": false
    },
    {
      "itemType": 305,
      "tilePositionOfsets": [
        2963
      ],
      "shouldPause": false
    },
    {
      "itemType": 307,
      "tilePositionOfsets": [
        5809
      ],
      "shouldPause": false
    },
    {
      "itemType": 308,
      "tilePositionOfsets": [
        8425
      ],
      "shouldPause": false
    },
    {
      "itemType": 306,
      "tilePositionOfsets": [
        8334
      ],
      "shouldPause": false
    },
    {
      "itemType": 310,
      "tilePositionOfsets": [
        7778
      ],
      "shouldPause": false
    },
    {
      "itemType": 311,
      "tilePositionOfsets": [
        2337
      ],
      "shouldPause": false
    },
    {
      "itemType": 75,
      "tilePositionOfsets": [
        4530
      ],
      "shouldPause": false
    },
    {
      "itemType": 75,
      "tilePositionOfsets": [
        5572
      ],
      "shouldPause": false
    },
    {
      "itemType": 75,
      "tilePositionOfsets": [
        5072
      ],
      "shouldPause": false
    },
    {
      "itemType": 75,
      "tilePositionOfsets": [
        4572
      ],
      "shouldPause": false
    },
    {
      "itemType": 75,
      "tilePositionOfsets": [
        5517
      ],
      "shouldPause": false
    },
    {
      "itemType": 75,
      "tilePositionOfsets": [
        5017
      ],
      "shouldPause": false
    },
    {
      "itemType": 75,
      "tilePositionOfsets": [
        4517
      ],
      "shouldPause": false
    },
    {
      "itemType": 93,
      "tilePositionOfsets": [
        6219
      ],
      "shouldPause": false
    },
    {
      "itemType": 93,
      "tilePositionOfsets": [
        6268
      ],
      "shouldPause": false
    },
    {
      "itemType": 342,
      "tilePositionOfsets": [
        4027
      ],
      "shouldPause": false
    },
    {
      "itemType": 342,
      "tilePositionOfsets": [
        4069
      ],
      "shouldPause": false
    },
    {
      "itemType": 342,
      "tilePositionOfsets": [
        6744
      ],
      "shouldPause": false
    },
    {
      "itemType": 342,
      "tilePositionOfsets": [
        6773
      ],
      "shouldPause": false
    },
    {
      "itemType": 342,
      "tilePositionOfsets": [
        6716
      ],
      "shouldPause": false
    }
  ],
  "miscItems": [
    {
      "positionOfset": 5031,
      "itemType": 1,
      "number": 0
    },
    {
      "positionOfset": 5061,
      "itemType": 1,
      "number": 1
    },
    {
      "positionOfset": 2847,
      "itemType": 1,
      "number": 2
    },
    {
      "positionOfset": 7519,
      "itemType": 1,
      "number": 3
    },
    {
      "positionOfset": 7573,
      "itemType": 1,
      "number": 4
    },
    {
      "positionOfset": 8121,
      "itemType": 5,
      "number": 0
    },
    {
      "positionOfset": 8038,
      "itemType": 5,
      "number": 1
    },
    {
      "positionOfset": 7676,
      "itemType": 5,
      "number": 2
    },
    {
      "positionOfset": 2852,
      "itemType": 5,
      "number": 3
    },
    {
      "positionOfset": 3824,
      "itemType": 5,
      "number": 4
    },
    {
      "positionOfset": 7321,
      "itemType": 16,
      "number": 0
    },
    {
      "positionOfset": 7471,
      "itemType": 16,
      "number": 1
    },
    {
      "positionOfset": 5133,
      "itemType": 16,
      "number": 2
    },
    {
      "positionOfset": 5159,
      "itemType": 16,
      "number": 3
    },
    {
      "positionOfset": 3146,
      "itemType": 16,
      "number": 4
    },
    {
      "positionOfset": 6723,
      "itemType": 19,
      "number": 0
    },
    {
      "positionOfset": 7127,
      "itemType": 19,
      "number": 1
    },
    {
      "positionOfset": 7165,
      "itemType": 19,
      "number": 2
    },
    {
      "positionOfset": 6769,
      "itemType": 19,
      "number": 3
    },
    {
      "positionOfset": 3743,
      "itemType": 19,
      "number": 4
    },
    {
      "positionOfset": 3749,
      "itemType": 19,
      "number": 5
    },
    {
      "positionOfset": 4832,
      "itemType": 20,
      "number": 0
    },
    {
      "positionOfset": 5230,
      "itemType": 20,
      "number": 1
    },
    {
      "positionOfset": 5262,
      "itemType": 20,
      "number": 2
    },
    {
      "positionOfset": 4859,
      "itemType": 20,
      "number": 3
    },
    {
      "positionOfset": 3044,
      "itemType": 20,
      "number": 4
    },
    {
      "positionOfset": 7373,
      "itemType": 20,
      "number": 5
    },
    {
      "positionOfset": 3149,
      "itemType": 20,
      "number": 6
    },
    {
      "positionOfset": 7318,
      "itemType": 20,
      "number": 7
    },
    {
      "positionOfset": 7621,
      "itemType": 20,
      "number": 8
    },
    {
      "positionOfset": 7672,
      "itemType": 20,
      "number": 9
    }
  ]
}