{
  "pauseDelayAmount": 30,
  "frames": [
    {
      "itemType": 61,
      "tilePositionOfsets": [
        5643
      ],
      "shouldPause": false
    },
    {
      "itemType": 52,
      "tilePositionOfsets": [
        4950
      ],
      "shouldPause": false
    },
    {
      "itemType": 80,
      "tilePositionOfsets": [
        4350
      ],
      "shouldPause": false
    },
    {
      "itemType": 87,
      "tilePositionOfsets": [
        3435
      ],
      "shouldPause": false
    },
    {
      "itemType": 86,
      "tilePositionOfsets": [
        3445
      ],
      "shouldPause": false
    },
    {
      "itemType": 88,
      "tilePositionOfsets": [
        3455
      ],
      "shouldPause": false
    },
    {
      "itemType": 77,
      "tilePositionOfsets": [
        5537
      ],
      "shouldPause": false
    },
    {
      "itemType": 54,
      "tilePositionOfsets": [
        4167
      ],
      "shouldPause": false
    },
    {
      "itemType": 54,
      "tilePositionOfsets": [
        4567
      ],
      "shouldPause": false
    },
    {
      "itemType": 54,
      "tilePositionOfsets": [
        4563
      ],
      "shouldPause": false
    },
    {
      "itemType": 54,
      "tilePositionOfsets": [
        4963
      ],
      "shouldPause": false
    },
    {
      "itemType": 54,
      "tilePositionOfsets": [
        4967
      ],
      "shouldPause": false
    },
    {
      "itemType": 54,
      "tilePositionOfsets": [
        5367
      ],
      "shouldPause": false
    },
    {
      "itemType": 54,
      "tilePositionOfsets": [
        5363
      ],
      "shouldPause": false
    },
    {
      "itemType": 54,
      "tilePositionOfsets": [
        5763
      ],
      "shouldPause": false
    },
    {
      "itemType": 54,
      "tilePositionOfsets": [
        5767
      ],
      "shouldPause": false
    },
    {
      "itemType": 54,
      "tilePositionOfsets": [
        5771
      ],
      "shouldPause": false
    },
    {
      "itemType": 96,
      "tilePositionOfsets": [
        5625
      ],
      "shouldPause": false
    },
    {
      "itemType": 81,
      "tilePositionOfsets": [
        5951
      ],
      "shouldPause": false
    },
    {
      "itemType": 82,
      "tilePositionOfsets": [
        5456
      ],
      "shouldPause": false
    },
    {
      "itemType": 50,
      "tilePositionOfsets": [
        5056
      ],
      "shouldPause": false
    },
    {
      "itemType": 83,
      "tilePositionOfsets": [
        4656
      ],
      "shouldPause": false
    },
    {
      "itemType": 85,
      "tilePositionOfsets": [
        4256
      ],
      "shouldPause": false
    },
    {
      "itemType": 25,
      "tilePositionOfsets": [
        5956,
        5957,
        5958,
        5959
      ],
      "shouldPause": false
    },
    {
      "itemType": 25,
      "tilePositionOfsets": [
        5960,
        5860,
        5760,
        5660,
        5560,
        5460,
        5360,
        5260,
        5160,
        5060,
        4960,
        4860,
        4760,
        4660,
        4560,
        4460,
        4360,
        4260,
        4160,
        4060,
        3960,
        3860
      ],
      "shouldPause": false
    },
    {
      "itemType": 25,
      "tilePositionOfsets": [
        3849,
        3850,
        3851,
        3852,
        3853,
        3854,
        3855,
        3856,
        3857,
        3858,
        3859
      ],
      "shouldPause": false
    },
    {
      "itemType": 144,
      "tilePositionOfsets": [
        4144
      ],
      "shouldPause": false
    },
    {
      "itemType": 144,
      "tilePositionOfsets": [
        6137
      ],
      "shouldPause": false
    },
    {
      "itemType": 84,
      "tilePositionOfsets": [
        5856
      ],
      "shouldPause": false
    },
    {
      "itemType": 25,
      "tilePositionOfsets": [
        5936,
        5836,
        5736,
        5636,
        5536,
        5436,
        5336,
        5236,
        5136,
        5036,
        4936,
        4836,
        4736,
        4136,
        4036,
        3936,
        3836
      ],
      "shouldPause": false
    },
    {
      "itemType": 25,
      "tilePositionOfsets": [
        3837,
        3838,
        3839,
        3840,
        3841,
        3842,
        3843
      ],
      "shouldPause": false
    },
    {
      "itemType": 145,
      "tilePositionOfsets": [
        4634
      ],
      "shouldPause": false
    },
    {
      "itemType": 76,
      "tilePositionOfsets": [
        5037
      ],
      "shouldPause": false
    },
    {
      "itemType": 25,
      "tilePositionOfsets": [
        6263,
        6162,
        6061
      ],
      "shouldPause": false
    },
    {
      "itemType": 25,
      "tilePositionOfsets": [
        6963,
        6863,
        6763,
        6663,
        6563,
        6463,
        6363
      ],
      "shouldPause": false
    },
    {
      "itemType": 25,
      "tilePositionOfsets": [
        6964,
        6965,
        6966,
        6967,
        6968,
        6969,
        6970
      ],
      "shouldPause": false
    },
    {
      "itemType": 25,
      "tilePositionOfsets": [
        6870,
        6770,
        6670,
        6570,
        6470,
        6370,
        6270
      ],
      "shouldPause": false
    },
    {
      "itemType": 25,
      "tilePositionOfsets": [
        6264,
        6265,
        6266,
        6267,
        6268,
        6269
      ],
      "shouldPause": false
    },
    {
      "itemType": 113,
      "tilePositionOfsets": [
        6864
      ],
      "shouldPause": false
    },
    {
      "itemType": 25,
      "tilePositionOfsets": [
        7172,
        7071
      ],
      "shouldPause": false
    },
    {
      "itemType": 25,
      "tilePositionOfsets": [
        7572,
        7472,
        7372,
        7272
      ],
      "shouldPause": false
    },
    {
      "itemType": 25,
      "tilePositionOfsets": [
        7672,
        7673,
        7674,
        7675,
        7676
      ],
      "shouldPause": false
    },
    {
      "itemType": 25,
      "tilePositionOfsets": [
        7677,
        7577,
        7477,
        7377,
        7277,
        7177
      ],
      "shouldPause": false
    },
    {
      "itemType": 25,
      "tilePositionOfsets": [
        7173,
        7174,
        7175,
        7176
      ],
      "shouldPause": false
    },
    {
      "itemType": 111,
      "tilePositionOfsets": [
        7573
      ],
      "shouldPause": false
    },
    {
      "itemType": 25,
      "tilePositionOfsets": [
        6332,
        6233,
        6134,
        6035
      ],
      "shouldPause": false
    },
    {
      "itemType": 25,
      "tilePositionOfsets": [
        6328,
        6329,
        6330,
        6331
      ],
      "shouldPause": false
    },
    {
      "itemType": 113,
      "tilePositionOfsets": [
        6422
      ],
      "shouldPause": false
    },
    {
      "itemType": 25,
      "tilePositionOfsets": [
        6528,
        6428
      ],
      "shouldPause": false
    },
    {
      "itemType": 25,
      "tilePositionOfsets": [
        6521,
        6522,
        6523,
        6524,
        6525,
        6526,
        6527
      ],
      "shouldPause": false
    },
    {
      "itemType": 25,
      "tilePositionOfsets": [
        6421,
        6321,
        6221,
        6121,
        6021,
        5921,
        5821
      ],
      "shouldPause": false
    },
    {
      "itemType": 25,
      "tilePositionOfsets": [
        5822,
        5823,
        5824,
        5825,
        5826,
        5827,
        5828
      ],
      "shouldPause": false
    },
    {
      "itemType": 25,
      "tilePositionOfsets": [
        6228,
        6128,
        6028,
        5928
      ],
      "shouldPause": false
    },
    {
      "itemType": 25,
      "tilePositionOfsets": [
        6042,
        6043,
        6044,
        6045,
        6046,
        6047,
        6048,
        6049,
        6050,
        6051,
        6052,
        6053,
        6054,
        6055,
        6056,
        6057,
        6058,
        6059,
        6060
      ],
      "shouldPause": false
    },
    {
      "itemType": 25,
      "tilePositionOfsets": [
        5961,
        5861,
        5761,
        5661,
        5561,
        5461,
        5361,
        5261,
        5161,
        5061,
        4961,
        4861,
        4761,
        4661,
        4561,
        4461,
        4361,
        4261,
        4161,
        4061,
        3961,
        3861
      ],
      "shouldPause": false
    },
    {
      "itemType": 25,
      "tilePositionOfsets": [
        6036
      ],
      "shouldPause": false
    },
    {
      "itemType": 25,
      "tilePositionOfsets": [
        5935,
        5835,
        5735,
        5635,
        5535,
        5435,
        5335,
        5235,
        5135,
        5035,
        4935,
        4835,
        4735
      ],
      "shouldPause": false
    },
    {
      "itemType": 25,
      "tilePositionOfsets": [
        4135,
        4035,
        3935,
        3835
      ],
      "shouldPause": false
    },
    {
      "itemType": 26,
      "tilePositionOfsets": [
        4134,
        4034,
        3934
      ],
      "shouldPause": false
    },
    {
      "itemType": 26,
      "tilePositionOfsets": [
        3736,
        3737,
        3738,
        3739,
        3740,
        3741,
        3742,
        3743
      ],
      "shouldPause": false
    },
    {
      "itemType": 26,
      "tilePositionOfsets": [
        3749,
        3750,
        3751,
        3752,
        3753,
        3754,
        3755,
        3756,
        3757,
        3758,
        3759,
        3760,
        3761
      ],
      "shouldPause": false
    },
    {
      "itemType": 330,
      "tilePositionOfsets": [
        2764
      ],
      "shouldPause": false
    },
    {
      "itemType": 25,
      "tilePositionOfsets": [
        6029,
        6030,
        6031,
        6032,
        6033,
        6034
      ],
      "shouldPause": false
    },
    {
      "itemType": 25,
      "tilePositionOfsets": [
        6129,
        6130,
        6131,
        6132,
        6133
      ],
      "shouldPause": false
    },
    {
      "itemType": 25,
      "tilePositionOfsets": [
        6229,
        6230,
        6231,
        6232
      ],
      "shouldPause": false
    },
    {
      "itemType": 26,
      "tilePositionOfsets": [
        6135,
        6136
      ],
      "shouldPause": false
    },
    {
      "itemType": 26,
      "tilePositionOfsets": [
        6432,
        6333,
        6234
      ],
      "shouldPause": false
    },
    {
      "itemType": 26,
      "tilePositionOfsets": [
        6429,
        6430,
        6431
      ],
      "shouldPause": false
    },
    {
      "itemType": 26,
      "tilePositionOfsets": [
        6629,
        6529
      ],
      "shouldPause": false
    },
    {
      "itemType": 26,
      "tilePositionOfsets": [
        6620,
        6621,
        6622,
        6623,
        6624,
        6625,
        6626,
        6627,
        6628
      ],
      "shouldPause": false
    },
    {
      "itemType": 330,
      "tilePositionOfsets": [
        5577
      ],
      "shouldPause": false
    },
    {
      "itemType": 330,
      "tilePositionOfsets": [
        4028
      ],
      "shouldPause": false
    },
    {
      "itemType": 26,
      "tilePositionOfsets": [
        6520,
        6420,
        6320,
        6220,
        6120,
        6020,
        5920,
        5820,
        5720
      ],
      "shouldPause": false
    },
    {
      "itemType": 26,
      "tilePositionOfsets": [
        5721,
        5722,
        5723,
        5724,
        5725,
        5726,
        5727,
        5728,
        5729
      ],
      "shouldPause": false
    },
    {
      "itemType": 26,
      "tilePositionOfsets": [
        5929,
        5829
      ],
      "shouldPause": false
    },
    {
      "itemType": 26,
      "tilePositionOfsets": [
        5930,
        5931,
        5932,
        5933,
        5934
      ],
      "shouldPause": false
    },
    {
      "itemType": 26,
      "tilePositionOfsets": [
        5834,
        5734,
        5634,
        5534,
        5434,
        5334,
        5234,
        5134,
        5034,
        4934,
        4834,
        4734
      ],
      "shouldPause": false
    },
    {
      "itemType": 25,
      "tilePositionOfsets": [
        6262,
        6161
      ],
      "shouldPause": false
    },
    {
      "itemType": 25,
      "tilePositionOfsets": [
        6163,
        6062
      ],
      "shouldPause": false
    },
    {
      "itemType": 25,
      "tilePositionOfsets": [
        7171,
        7070
      ],
      "shouldPause": false
    },
    {
      "itemType": 25,
      "tilePositionOfsets": [
        7072,
        6971
      ],
      "shouldPause": false
    },
    {
      "itemType": 26,
      "tilePositionOfsets": [
        6142,
        6143,
        6144,
        6145,
        6146,
        6147,
        6148,
        6149,
        6150,
        6151,
        6152,
        6153,
        6154,
        6155,
        6156,
        6157,
        6158,
        6159,
        6160
      ],
      "shouldPause": false
    },
    {
      "itemType": 26,
      "tilePositionOfsets": [
        6362,
        6261
      ],
      "shouldPause": false
    },
    {
      "itemType": 26,
      "tilePositionOfsets": [
        7062,
        6962,
        6862,
        6762,
        6662,
        6562,
        6462
      ],
      "shouldPause": false
    },
    {
      "itemType": 26,
      "tilePositionOfsets": [
        7063,
        7064,
        7065,
        7066,
        7067,
        7068,
        7069
      ],
      "shouldPause": false
    },
    {
      "itemType": 26,
      "tilePositionOfsets": [
        7271,
        7170
      ],
      "shouldPause": false
    },
    {
      "itemType": 26,
      "tilePositionOfsets": [
        7771,
        7671,
        7571,
        7471,
        7371
      ],
      "shouldPause": false
    },
    {
      "itemType": 26,
      "tilePositionOfsets": [
        7772,
        7773,
        7774,
        7775,
        7776,
        7777,
        7778
      ],
      "shouldPause": false
    },
    {
      "itemType": 26,
      "tilePositionOfsets": [
        7678,
        7578,
        7478,
        7378,
        7278,
        7178,
        7078
      ],
      "shouldPause": false
    },
    {
      "itemType": 26,
      "tilePositionOfsets": [
        7073,
        7074,
        7075,
        7076,
        7077
      ],
      "shouldPause": false
    },
    {
      "itemType": 26,
      "tilePositionOfsets": [
        6972,
        6871
      ],
      "shouldPause": false
    },
    {
      "itemType": 26,
      "tilePositionOfsets": [
        6771,
        6671,
        6571,
        6471,
        6371,
        6271,
        6171
      ],
      "shouldPause": false
    },
    {
      "itemType": 26,
      "tilePositionOfsets": [
        6164,
        6165,
        6166,
        6167,
        6168,
        6169,
        6170
      ],
      "shouldPause": false
    },
    {
      "itemType": 26,
      "tilePositionOfsets": [
        6063,
        5962
      ],
      "shouldPause": false
    },
    {
      "itemType": 26,
      "tilePositionOfsets": [
        5862,
        5762,
        5662,
        5562,
        5462,
        5362,
        5262,
        5162,
        5062,
        4962,
        4862,
        4762,
        4662,
        4562,
        4462,
        4362,
        4262,
        4162,
        4062,
        3962
      ],
      "shouldPause": false
    },
    {
      "itemType": 330,
      "tilePositionOfsets": [
        4540
      ],
      "shouldPause": false
    },
    {
      "itemType": 92,
      "tilePositionOfsets": [
        4626
      ],
      "shouldPause": false
    },
    {
      "itemType": 330,
      "tilePositionOfsets": [
        4240
      ],
      "shouldPause": false
    },
    {
      "itemType": 176,
      "tilePositionOfsets": [
        5830
      ],
      "shouldPause": false
    },
    {
      "itemType": 176,
      "tilePositionOfsets": [
        5832
      ],
      "shouldPause": false
    },
    {
      "itemType": 176,
      "tilePositionOfsets": [
        4163
      ],
      "shouldPause": false
    },
    {
      "itemType": 176,
      "tilePositionOfsets": [
        4165
      ],
      "shouldPause": false
    },
    {
      "itemType": 176,
      "tilePositionOfsets": [
        3965
      ],
      "shouldPause": false
    },
    {
      "itemType": 176,
      "tilePositionOfsets": [
        3769
      ],
      "shouldPause": false
    },
    {
      "itemType": 176,
      "tilePositionOfsets": [
        3767
      ],
      "shouldPause": false
    },
    {
      "itemType": 177,
      "tilePositionOfsets": [
        5622
      ],
      "shouldPause": false
    },
    {
      "itemType": 177,
      "tilePositionOfsets": [
        5322
      ],
      "shouldPause": false
    },
    {
      "itemType": 177,
      "tilePositionOfsets": [
        5022
      ],
      "shouldPause": false
    },
    {
      "itemType": 177,
      "tilePositionOfsets": [
        4722
      ],
      "shouldPause": true
    },
    {
      "itemType": 177,
      "tilePositionOfsets": [
        4422
      ],
      "shouldPause": false
    },
    {
      "itemType": 176,
      "tilePositionOfsets": [
        3322
      ],
      "shouldPause": false
    },
    {
      "itemType": 176,
      "tilePositionOfsets": [
        3324
      ],
      "shouldPause": false
    },
    {
      "itemType": 176,
      "tilePositionOfsets": [
        3164
      ],
      "shouldPause": false
    },
    {
      "itemType": 176,
      "tilePositionOfsets": [
        3166
      ],
      "shouldPause": false
    },
    {
      "itemType": 176,
      "tilePositionOfsets": [
        2964
      ],
      "shouldPause": false
    },
    {
      "itemType": 176,
      "tilePositionOfsets": [
        2966
      ],
      "shouldPause": false
    },
    {
      "itemType": 105,
      "tilePositionOfsets": [
        6637
      ],
      "shouldPause": false
    },
    {
      "itemType": 106,
      "tilePositionOfsets": [
        6630,
        6631,
        6632,
        6633,
        6634,
        6635,
        6636,
        6530,
        6531,
        6532,
        6533,
        6534,
        6535,
        6536,
        6433,
        6434,
        6435,
        6436,
        6334,
        6335,
        6336,
        6235,
        6236
      ],
      "shouldPause": false
    },
    {
      "itemType": 106,
      "tilePositionOfsets": [
        6642,
        6643,
        6644,
        6645,
        6646,
        6647,
        6648,
        6649,
        6650,
        6651,
        6652,
        6653,
        6654,
        6655,
        6656,
        6657,
        6658,
        6659,
        6660,
        6661,
        6542,
        6543,
        6544,
        6545,
        6546,
        6547,
        6548,
        6549,
        6550,
        6551,
        6552,
        6553,
        6554,
        6555,
        6556,
        6557,
        6558,
        6559,
        6560,
        6561,
        6442,
        6443,
        6444,
        6445,
        6446,
        6447,
        6448,
        6449,
        6450,
        6451,
        6452,
        6453,
        6454,
        6455,
        6456,
        6457,
        6458,
        6459,
        6460,
        6461,
        6342,
        6343,
        6344,
        6345,
        6346,
        6347,
        6348,
        6349,
        6350,
        6351,
        6352,
        6353,
        6354,
        6355,
        6356,
        6357,
        6358,
        6359,
        6360,
        6361,
        6242,
        6243,
        6244,
        6245,
        6246,
        6247,
        6248,
        6249,
        6250,
        6251,
        6252,
        6253,
        6254,
        6255,
        6256,
        6257,
        6258,
        6259,
        6260
      ],
      "shouldPause": false
    },
    {
      "itemType": 25,
      "tilePositionOfsets": [
        3762,
        3663,
        3564,
        3465,
        3366
      ],
      "shouldPause": false
    },
    {
      "itemType": 25,
      "tilePositionOfsets": [
        3367,
        3368,
        3369,
        3370
      ],
      "shouldPause": false
    },
    {
      "itemType": 25,
      "tilePositionOfsets": [
        3875,
        3774,
        3673,
        3572,
        3471
      ],
      "shouldPause": false
    },
    {
      "itemType": 25,
      "tilePositionOfsets": [
        4676,
        4576,
        4476,
        4376,
        4276,
        4176,
        4076,
        3976,
        3876
      ],
      "shouldPause": false
    },
    {
      "itemType": 25,
      "tilePositionOfsets": [
        3271
      ],
      "shouldPause": false
    },
    {
      "itemType": 25,
      "tilePositionOfsets": [
        3877,
        3778,
        3679,
        3580,
        3481,
        3382
      ],
      "shouldPause": false
    },
    {
      "itemType": 113,
      "tilePositionOfsets": [
        5272
      ],
      "shouldPause": false
    },
    {
      "itemType": 111,
      "tilePositionOfsets": [
        3281
      ],
      "shouldPause": false
    },
    {
      "itemType": 112,
      "tilePositionOfsets": [
        3070
      ],
      "shouldPause": false
    },
    {
      "itemType": 25,
      "tilePositionOfsets": [
        3170,
        3171,
        3172,
        3173,
        3174
      ],
      "shouldPause": false
    },
    {
      "itemType": 25,
      "tilePositionOfsets": [
        3662,
        3563,
        3464,
        3365
      ],
      "shouldPause": false
    },
    {
      "itemType": 25,
      "tilePositionOfsets": [
        3862,
        3763,
        3664,
        3565
      ],
      "shouldPause": false
    },
    {
      "itemType": 25,
      "tilePositionOfsets": [
        3466,
        3467,
        3468,
        3469,
        3470
      ],
      "shouldPause": false
    },
    {
      "itemType": 25,
      "tilePositionOfsets": [
        3270
      ],
      "shouldPause": false
    },
    {
      "itemType": 25,
      "tilePositionOfsets": [
        3975,
        3874,
        3773,
        3672,
        3571
      ],
      "shouldPause": false
    },
    {
      "itemType": 25,
      "tilePositionOfsets": [
        3775,
        3674,
        3573,
        3472,
        3371
      ],
      "shouldPause": false
    },
    {
      "itemType": 25,
      "tilePositionOfsets": [
        3272
      ],
      "shouldPause": false
    },
    {
      "itemType": 25,
      "tilePositionOfsets": [
        3776,
        3675,
        3574,
        3473,
        3372
      ],
      "shouldPause": false
    },
    {
      "itemType": 25,
      "tilePositionOfsets": [
        3373,
        3273
      ],
      "shouldPause": false
    },
    {
      "itemType": 25,
      "tilePositionOfsets": [
        4675,
        4575,
        4475,
        4375,
        4275,
        4175,
        4075
      ],
      "shouldPause": false
    },
    {
      "itemType": 25,
      "tilePositionOfsets": [
        4674,
        4574,
        4474,
        4374,
        4274,
        4174,
        4074,
        3974
      ],
      "shouldPause": false
    },
    {
      "itemType": 25,
      "tilePositionOfsets": [
        3977,
        3878,
        3779,
        3680,
        3581,
        3482,
        3383
      ],
      "shouldPause": false
    },
    {
      "itemType": 25,
      "tilePositionOfsets": [
        4673,
        4573,
        4473,
        4373,
        4273,
        4173,
        4073,
        3973,
        3873
      ],
      "shouldPause": false
    },
    {
      "itemType": 25,
      "tilePositionOfsets": [
        3777
      ],
      "shouldPause": false
    },
    {
      "itemType": 25,
      "tilePositionOfsets": [
        3175
      ],
      "shouldPause": false
    },
    {
      "itemType": 25,
      "tilePositionOfsets": [
        3075,
        2975,
        2875,
        2775,
        2675,
        2575
      ],
      "shouldPause": false
    },
    {
      "itemType": 25,
      "tilePositionOfsets": [
        2570,
        2571,
        2572,
        2573,
        2574
      ],
      "shouldPause": false
    },
    {
      "itemType": 25,
      "tilePositionOfsets": [
        3269,
        3169,
        3069,
        2969,
        2869,
        2769,
        2669,
        2569
      ],
      "shouldPause": false
    },
    {
      "itemType": 26,
      "tilePositionOfsets": [
        3863,
        3764,
        3665,
        3566
      ],
      "shouldPause": false
    },
    {
      "itemType": 26,
      "tilePositionOfsets": [
        3567,
        3568,
        3569,
        3570
      ],
      "shouldPause": false
    },
    {
      "itemType": 26,
      "tilePositionOfsets": [
        3772,
        3671
      ],
      "shouldPause": false
    },
    {
      "itemType": 26,
      "tilePositionOfsets": [
        4672,
        4572,
        4472,
        4372,
        4272,
        4172,
        4072,
        3972,
        3872
      ],
      "shouldPause": false
    },
    {
      "itemType": 26,
      "tilePositionOfsets": [
        4677,
        4577,
        4477,
        4377,
        4277,
        4177,
        4077
      ],
      "shouldPause": false
    },
    {
      "itemType": 26,
      "tilePositionOfsets": [
        3978,
        3879,
        3780,
        3681,
        3582,
        3483,
        3384
      ],
      "shouldPause": false
    },
    {
      "itemType": 26,
      "tilePositionOfsets": [
        3678,
        3579,
        3480,
        3381
      ],
      "shouldPause": false
    },
    {
      "itemType": 26,
      "tilePositionOfsets": [
        3676,
        3677
      ],
      "shouldPause": false
    },
    {
      "itemType": 26,
      "tilePositionOfsets": [
        3575,
        3474
      ],
      "shouldPause": false
    },
    {
      "itemType": 26,
      "tilePositionOfsets": [
        3374,
        3274
      ],
      "shouldPause": false
    },
    {
      "itemType": 26,
      "tilePositionOfsets": [
        3275,
        3276
      ],
      "shouldPause": false
    },
    {
      "itemType": 26,
      "tilePositionOfsets": [
        3176,
        3076,
        2976,
        2876,
        2776,
        2676,
        2576
      ],
      "shouldPause": false
    },
    {
      "itemType": 92,
      "tilePositionOfsets": [
        4983
      ],
      "shouldPause": false
    },
    {
      "itemType": 25,
      "tilePositionOfsets": [
        3734,
        3633,
        3532,
        3431,
        3330,
        3229,
        3128,
        3027
      ],
      "shouldPause": false
    },
    {
      "itemType": 25,
      "tilePositionOfsets": [
        3834,
        3733,
        3632,
        3531,
        3430,
        3329,
        3228,
        3127,
        3026
      ],
      "shouldPause": false
    },
    {
      "itemType": 25,
      "tilePositionOfsets": [
        3735,
        3634,
        3533,
        3432,
        3331,
        3230,
        3129,
        3028,
        2927
      ],
      "shouldPause": false
    },
    {
      "itemType": 112,
      "tilePositionOfsets": [
        2922
      ],
      "shouldPause": false
    },
    {
      "itemType": 25,
      "tilePositionOfsets": [
        3022,
        3023,
        3024,
        3025
      ],
      "shouldPause": false
    },
    {
      "itemType": 25,
      "tilePositionOfsets": [
        2827,
        2727,
        2627,
        2527,
        2427
      ],
      "shouldPause": false
    },
    {
      "itemType": 25,
      "tilePositionOfsets": [
        2421,
        2422,
        2423,
        2424,
        2425,
        2426
      ],
      "shouldPause": false
    },
    {
      "itemType": 25,
      "tilePositionOfsets": [
        3021,
        2921,
        2821,
        2721,
        2621,
        2521
      ],
      "shouldPause": false
    },
    {
      "itemType": 25,
      "tilePositionOfsets": [
        2328,
        2229,
        2130
      ],
      "shouldPause": false
    },
    {
      "itemType": 25,
      "tilePositionOfsets": [
        2131,
        2132,
        2133,
        2134,
        2135,
        2136,
        2137,
        2138,
        2139,
        2140,
        2141,
        2142,
        2143,
        2144,
        2145,
        2146,
        2147,
        2148,
        2149,
        2150,
        2151,
        2152,
        2153,
        2154,
        2155,
        2156,
        2157,
        2158,
        2159,
        2160,
        2161,
        2162,
        2163,
        2164,
        2165
      ],
      "shouldPause": false
    },
    {
      "itemType": 25,
      "tilePositionOfsets": [
        2468,
        2367,
        2266
      ],
      "shouldPause": false
    },
    {
      "itemType": 25,
      "tilePositionOfsets": [
        2568,
        2467,
        2366,
        2265
      ],
      "shouldPause": false
    },
    {
      "itemType": 25,
      "tilePositionOfsets": [
        2469,
        2368,
        2267,
        2166,
        2065
      ],
      "shouldPause": false
    },
    {
      "itemType": 25,
      "tilePositionOfsets": [
        2428,
        2329,
        2230
      ],
      "shouldPause": false
    },
    {
      "itemType": 25,
      "tilePositionOfsets": [
        2327,
        2228,
        2129,
        2030
      ],
      "shouldPause": false
    },
    {
      "itemType": 25,
      "tilePositionOfsets": [
        2031,
        2032,
        2033,
        2034,
        2035,
        2036,
        2037,
        2038,
        2039,
        2040,
        2041,
        2042,
        2043,
        2044,
        2045,
        2046,
        2047,
        2048,
        2049,
        2050,
        2051,
        2052,
        2053,
        2054,
        2055,
        2056,
        2057,
        2058,
        2059,
        2060,
        2061,
        2062,
        2063,
        2064
      ],
      "shouldPause": false
    },
    {
      "itemType": 25,
      "tilePositionOfsets": [
        2231,
        2232,
        2233,
        2234,
        2235,
        2236,
        2237,
        2238,
        2239,
        2240,
        2241,
        2242,
        2243,
        2244,
        2245,
        2246,
        2247,
        2248,
        2249,
        2250,
        2251,
        2252,
        2253,
        2254,
        2255,
        2256,
        2257,
        2258,
        2259,
        2260,
        2261,
        2262,
        2263,
        2264
      ],
      "shouldPause": false
    },
    {
      "itemType": 26,
      "tilePositionOfsets": [
        2470,
        2471,
        2472,
        2473,
        2474,
        2475,
        2476
      ],
      "shouldPause": false
    },
    {
      "itemType": 26,
      "tilePositionOfsets": [
        2369,
        2268,
        2167,
        2066,
        1965
      ],
      "shouldPause": false
    },
    {
      "itemType": 26,
      "tilePositionOfsets": [
        1930,
        1931,
        1932,
        1933,
        1934,
        1935,
        1936,
        1937,
        1938,
        1939,
        1940,
        1941,
        1942,
        1943,
        1944,
        1945,
        1946,
        1947,
        1948,
        1949,
        1950,
        1951,
        1952,
        1953,
        1954,
        1955,
        1956,
        1957,
        1958,
        1959,
        1960,
        1961,
        1962,
        1963,
        1964
      ],
      "shouldPause": false
    },
    {
      "itemType": 26,
      "tilePositionOfsets": [
        2326,
        2227,
        2128,
        2029
      ],
      "shouldPause": false
    },
    {
      "itemType": 26,
      "tilePositionOfsets": [
        2320,
        2321,
        2322,
        2323,
        2324,
        2325
      ],
      "shouldPause": false
    },
    {
      "itemType": 26,
      "tilePositionOfsets": [
        3020,
        2920,
        2820,
        2720,
        2620,
        2520,
        2420
      ],
      "shouldPause": false
    },
    {
      "itemType": 26,
      "tilePositionOfsets": [
        3120,
        3121,
        3122,
        3123,
        3124,
        3125,
        3126
      ],
      "shouldPause": false
    },
    {
      "itemType": 26,
      "tilePositionOfsets": [
        3833,
        3732,
        3631,
        3530,
        3429,
        3328,
        3227
      ],
      "shouldPause": false
    },
    {
      "itemType": 26,
      "tilePositionOfsets": [
        3635,
        3534,
        3433,
        3332,
        3231,
        3130,
        3029,
        2928
      ],
      "shouldPause": false
    },
    {
      "itemType": 26,
      "tilePositionOfsets": [
        2828,
        2728,
        2628,
        2528
      ],
      "shouldPause": false
    },
    {
      "itemType": 26,
      "tilePositionOfsets": [
        2429,
        2330
      ],
      "shouldPause": false
    },
    {
      "itemType": 26,
      "tilePositionOfsets": [
        2331,
        2332,
        2333,
        2334,
        2335,
        2336,
        2337,
        2338,
        2339,
        2340,
        2341,
        2342,
        2343,
        2344,
        2345,
        2346,
        2347,
        2348,
        2349,
        2350,
        2351,
        2352,
        2353,
        2354,
        2355,
        2356,
        2357,
        2358,
        2359,
        2360,
        2361,
        2362,
        2363,
        2364,
        2365
      ],
      "shouldPause": false
    },
    {
      "itemType": 26,
      "tilePositionOfsets": [
        2668,
        2567,
        2466
      ],
      "shouldPause": false
    },
    {
      "itemType": 26,
      "tilePositionOfsets": [
        3268,
        3168,
        3068,
        2968,
        2868,
        2768
      ],
      "shouldPause": false
    },
    {
      "itemType": 26,
      "tilePositionOfsets": [
        3265,
        3266,
        3267
      ],
      "shouldPause": true
    },
    {
      "itemType": 26,
      "tilePositionOfsets": [
        3661,
        3562,
        3463,
        3364
      ],
      "shouldPause": false
    },
    {
      "itemType": 95,
      "tilePositionOfsets": [
        4022
      ],
      "shouldPause": false
    },
    {
      "itemType": 180,
      "tilePositionOfsets": [
        3260
      ],
      "shouldPause": false
    },
    {
      "itemType": 46,
      "tilePositionOfsets": [
        7260,
        7160,
        7060,
        6960,
        6860,
        6760
      ],
      "shouldPause": false
    },
    {
      "itemType": 46,
      "tilePositionOfsets": [
        7261,
        7262,
        7263,
        7264,
        7265,
        7266,
        7267,
        7268
      ],
      "shouldPause": false
    },
    {
      "itemType": 46,
      "tilePositionOfsets": [
        7968,
        7868,
        7768,
        7668,
        7568,
        7468,
        7368
      ],
      "shouldPause": false
    },
    {
      "itemType": 46,
      "tilePositionOfsets": [
        7969,
        7970,
        7971,
        7972,
        7973,
        7974,
        7975,
        7976,
        7977,
        7978,
        7979,
        7980
      ],
      "shouldPause": false
    },
    {
      "itemType": 46,
      "tilePositionOfsets": [
        7880,
        7780,
        7680,
        7580,
        7480,
        7380,
        7280,
        7180,
        7080,
        6980,
        6880
      ],
      "shouldPause": false
    },
    {
      "itemType": 46,
      "tilePositionOfsets": [
        6773,
        6774,
        6775,
        6776,
        6777,
        6778,
        6779,
        6780
      ],
      "shouldPause": false
    },
    {
      "itemType": 46,
      "tilePositionOfsets": [
        6673,
        6573,
        6473,
        6373,
        6273,
        6173,
        6073,
        5973
      ],
      "shouldPause": false
    },
    {
      "itemType": 46,
      "tilePositionOfsets": [
        5963,
        5964,
        5965,
        5966,
        5967,
        5968,
        5969,
        5970,
        5971,
        5972
      ],
      "shouldPause": false
    },
    {
      "itemType": 35,
      "tilePositionOfsets": [
        5863,
        5864,
        5865,
        5866,
        5867,
        5868,
        5869,
        5870,
        5871,
        5872,
        5873,
        5874
      ],
      "shouldPause": false
    },
    {
      "itemType": 35,
      "tilePositionOfsets": [
        6674,
        6574,
        6474,
        6374,
        6274,
        6174,
        6074,
        5974
      ],
      "shouldPause": false
    },
    {
      "itemType": 35,
      "tilePositionOfsets": [
        6675,
        6676,
        6677,
        6678,
        6679,
        6680
      ],
      "shouldPause": false
    },
    {
      "itemType": 35,
      "tilePositionOfsets": [
        8081,
        7981,
        7881,
        7781,
        7681,
        7581,
        7481,
        7381,
        7281,
        7181,
        7081,
        6981,
        6881,
        6781,
        6681
      ],
      "shouldPause": false
    },
    {
      "itemType": 35,
      "tilePositionOfsets": [
        8068,
        8069,
        8070,
        8071,
        8072,
        8073,
        8074,
        8075,
        8076,
        8077,
        8078,
        8079,
        8080
      ],
      "shouldPause": false
    },
    {
      "itemType": 35,
      "tilePositionOfsets": [
        8067,
        7967,
        7867,
        7767,
        7667,
        7567,
        7467,
        7367
      ],
      "shouldPause": false
    },
    {
      "itemType": 35,
      "tilePositionOfsets": [
        7359,
        7360,
        7361,
        7362,
        7363,
        7364,
        7365,
        7366
      ],
      "shouldPause": false
    },
    {
      "itemType": 35,
      "tilePositionOfsets": [
        7259,
        7159,
        7059,
        6959,
        6859,
        6759
      ],
      "shouldPause": false
    },
    {
      "itemType": 46,
      "tilePositionOfsets": [
        2224,
        2125,
        2026,
        1927,
        1828,
        1729
      ],
      "shouldPause": false
    },
    {
      "itemType": 46,
      "tilePositionOfsets": [
        1730,
        1731,
        1732,
        1733,
        1734,
        1735,
        1736,
        1737,
        1738,
        1739,
        1740,
        1741,
        1742,
        1743,
        1744,
        1745,
        1746,
        1747,
        1748,
        1749,
        1750,
        1751,
        1752,
        1753,
        1754,
        1755,
        1756,
        1757,
        1758,
        1759,
        1760,
        1761,
        1762,
        1763,
        1764,
        1765,
        1766
      ],
      "shouldPause": false
    },
    {
      "itemType": 46,
      "tilePositionOfsets": [
        2372,
        2271,
        2170,
        2069,
        1968,
        1867
      ],
      "shouldPause": false
    },
    {
      "itemType": 35,
      "tilePositionOfsets": [
        2373,
        2272,
        2171,
        2070,
        1969,
        1868,
        1767,
        1666
      ],
      "shouldPause": false
    },
    {
      "itemType": 35,
      "tilePositionOfsets": [
        1630,
        1631,
        1632,
        1633,
        1634,
        1635,
        1636,
        1637,
        1638,
        1639,
        1640,
        1641,
        1642,
        1643,
        1644,
        1645,
        1646,
        1647,
        1648,
        1649,
        1650,
        1651,
        1652,
        1653,
        1654,
        1655,
        1656,
        1657,
        1658,
        1659,
        1660,
        1661,
        1662,
        1663,
        1664,
        1665
      ],
      "shouldPause": false
    },
    {
      "itemType": 35,
      "tilePositionOfsets": [
        2223,
        2124,
        2025,
        1926,
        1827,
        1728,
        1629
      ],
      "shouldPause": false
    },
    {
      "itemType": 46,
      "tilePositionOfsets": [
        5178,
        5079,
        4980
      ],
      "shouldPause": false
    },
    {
      "itemType": 46,
      "tilePositionOfsets": [
        4880,
        4780,
        4680,
        4580,
        4480,
        4380,
        4280,
        4180,
        4080
      ],
      "shouldPause": false
    },
    {
      "itemType": 46,
      "tilePositionOfsets": [
        3981,
        3882,
        3783
      ],
      "shouldPause": false
    },
    {
      "itemType": 46,
      "tilePositionOfsets": [
        3683,
        3583
      ],
      "shouldPause": false
    },
    {
      "itemType": 35,
      "tilePositionOfsets": [
        3784,
        3684,
        3584,
        3484
      ],
      "shouldPause": false
    },
    {
      "itemType": 35,
      "tilePositionOfsets": [
        4081,
        3982,
        3883
      ],
      "shouldPause": false
    },
    {
      "itemType": 35,
      "tilePositionOfsets": [
        4981,
        4881,
        4781,
        4681,
        4581,
        4481,
        4381,
        4281,
        4181
      ],
      "shouldPause": false
    },
    {
      "itemType": 35,
      "tilePositionOfsets": [
        5278,
        5179,
        5080
      ],
      "shouldPause": false
    },
    {
      "itemType": 46,
      "tilePositionOfsets": [
        5621,
        5521,
        5421,
        5321,
        5221,
        5121,
        5021,
        4921,
        4821,
        4721,
        4621,
        4521,
        4421,
        4321,
        4221,
        4121,
        4021,
        3921,
        3821,
        3721,
        3621,
        3521,
        3421,
        3321,
        3221
      ],
      "shouldPause": false
    },
    {
      "itemType": 35,
      "tilePositionOfsets": [
        5620,
        5520,
        5420,
        5320,
        5220,
        5120,
        5020,
        4920,
        4820,
        4720,
        4620,
        4520,
        4420,
        4320,
        4220,
        4120,
        4020,
        3920,
        3820,
        3720,
        3620,
        3520,
        3420,
        3320,
        3220
      ],
      "shouldPause": false
    },
    {
      "itemType": 46,
      "tilePositionOfsets": [
        6376,
        6377
      ],
      "shouldPause": false
    },
    {
      "itemType": 46,
      "tilePositionOfsets": [
        6278,
        6179,
        6080,
        5981,
        5882
      ],
      "shouldPause": false
    },
    {
      "itemType": 46,
      "tilePositionOfsets": [
        5782
      ],
      "shouldPause": false
    },
    {
      "itemType": 35,
      "tilePositionOfsets": [
        5883,
        5783
      ],
      "shouldPause": false
    },
    {
      "itemType": 35,
      "tilePositionOfsets": [
        6378,
        6279,
        6180,
        6081,
        5982
      ],
      "shouldPause": false
    },
    {
      "itemType": 92,
      "tilePositionOfsets": [
        2930
      ],
      "shouldPause": false
    },
    {
      "itemType": 35,
      "tilePositionOfsets": [
        6476,
        6477
      ],
      "shouldPause": false
    },
    {
      "itemType": 176,
      "tilePositionOfsets": [
        4278
      ],
      "shouldPause": false
    },
    {
      "itemType": 176,
      "tilePositionOfsets": [
        4478
      ],
      "shouldPause": false
    },
    {
      "itemType": 176,
      "tilePositionOfsets": [
        4678
      ],
      "shouldPause": false
    },
    {
      "itemType": 176,
      "tilePositionOfsets": [
        4878
      ],
      "shouldPause": false
    },
    {
      "itemType": 176,
      "tilePositionOfsets": [
        6974
      ],
      "shouldPause": false
    },
    {
      "itemType": 176,
      "tilePositionOfsets": [
        6976
      ],
      "shouldPause": false
    },
    {
      "itemType": 176,
      "tilePositionOfsets": [
        6978
      ],
      "shouldPause": false
    },
    {
      "itemType": 176,
      "tilePositionOfsets": [
        7469
      ],
      "shouldPause": false
    },
    {
      "itemType": 176,
      "tilePositionOfsets": [
        7669
      ],
      "shouldPause": false
    },
    {
      "itemType": 176,
      "tilePositionOfsets": [
        7869
      ],
      "shouldPause": false
    },
    {
      "itemType": 98,
      "tilePositionOfsets": [
        5581
      ],
      "shouldPause": false
    },
    {
      "itemType": 98,
      "tilePositionOfsets": [
        5582
      ],
      "shouldPause": false
    },
    {
      "itemType": 98,
      "tilePositionOfsets": [
        5583
      ],
      "shouldPause": false
    },
    {
      "itemType": 98,
      "tilePositionOfsets": [
        5682
      ],
      "shouldPause": false
    },
    {
      "itemType": 99,
      "tilePositionOfsets": [
        4286,
        4186,
        4187,
        4188,
        4088,
        4089,
        3987,
        3989,
        3887,
        3891,
        3787,
        3690,
        3691,
        3589,
        3188,
        3189,
        3192,
        2986,
        2987,
        2989,
        2886,
        2780,
        2782,
        2784,
        2679,
        2680,
        2683,
        2579,
        2581,
        2584,
        2586,
        2588,
        2479,
        2380,
        2383,
        2282,
        2287
      ],
      "shouldPause": false
    },
    {
      "itemType": 99,
      "tilePositionOfsets": [
        4483,
        4386,
        4183,
        4085,
        3994,
        3895,
        3788,
        3793,
        3687,
        3692,
        3587,
        3590,
        3595,
        3490,
        3491,
        3388,
        3187,
        2990,
        2791,
        2591,
        2592,
        2391,
        2277,
        2289,
        2177,
        2187,
        2188,
        2074,
        2075,
        2082,
        2085,
        1975,
        1979,
        1982,
        1874,
        1881,
        1776,
        1675,
        1676
      ],
      "shouldPause": false
    },
    {
      "itemType": 99,
      "tilePositionOfsets": [
        7090,
        6887,
        6789,
        6684,
        6686,
        6688,
        6584,
        6388,
        6185,
        6086
      ],
      "shouldPause": false
    },
    {
      "itemType": 99,
      "tilePositionOfsets": [
        8773,
        8675,
        8676,
        8678,
        8680,
        8681,
        8683,
        8571,
        8585,
        8466,
        8475,
        8486,
        8363,
        8365,
        8370,
        8376,
        8386,
        8261,
        8266,
        8268,
        8270,
        8271,
        8164,
        8060,
        8065,
        7963,
        7988,
        7855,
        7755,
        7760,
        7762,
        7763,
        7657,
        7661,
        7662,
        7686,
        7558,
        7562,
        7486,
        7387,
        7388,
        7284,
        7185,
        7186
      ],
      "shouldPause": false
    },
    {
      "itemType": 99,
      "tilePositionOfsets": [
        8868,
        8771,
        8778,
        8665,
        8670,
        8671,
        8684,
        8565,
        8572,
        8573,
        8574,
        8577,
        8584,
        8461,
        8472,
        8489,
        8360,
        8367,
        8369,
        8375,
        8387,
        8263,
        8286,
        8189,
        7961,
        7986,
        7861,
        7589,
        7187,
        6985,
        6884
      ],
      "shouldPause": false
    },
    {
      "itemType": 99,
      "tilePositionOfsets": [
        8040,
        8043,
        8045,
        8046,
        8049,
        8050,
        8055,
        7935,
        7945,
        7948,
        7949,
        7954,
        7957,
        7835,
        7838,
        7841,
        7844,
        7851,
        7854,
        7740,
        7743,
        7747,
        7753,
        7635,
        7639,
        7648,
        7650,
        7653,
        7655,
        7530,
        7535,
        7549,
        7551,
        7430,
        7435,
        7442,
        7444,
        7449,
        7452,
        7457,
        7330,
        7332,
        7244,
        7245,
        7250,
        7253,
        7256,
        7150,
        7153,
        7156,
        7030,
        7050
      ],
      "shouldPause": false
    },
    {
      "itemType": 99,
      "tilePositionOfsets": [
        7725,
        7727,
        7732,
        7626,
        7629,
        7632,
        7525,
        7528,
        7424,
        7425,
        7427,
        7317,
        7219,
        7119,
        7120,
        7125,
        7017,
        6918,
        6814,
        6816,
        6514,
        6515,
        6415,
        6114,
        6012,
        5815,
        5816,
        5714
      ],
      "shouldPause": false
    },
    {
      "itemType": 99,
      "tilePositionOfsets": [
        3414,
        3415,
        3213,
        3113,
        3115,
        3016,
        2917,
        2812,
        2815,
        2816,
        2715,
        2716,
        2616,
        2512,
        2414,
        2215,
        2218,
        2116,
        2018,
        1914,
        1918,
        1919,
        1921,
        1923,
        1815,
        1816,
        1818,
        1820,
        1718,
        1719,
        1722,
        1621,
        1624,
        1625,
        1521,
        1523
      ],
      "shouldPause": false
    },
    {
      "itemType": 99,
      "tilePositionOfsets": [
        5716,
        5614,
        5616,
        5512,
        5515,
        5414,
        5415,
        5309,
        5313,
        5314,
        5210,
        5216,
        5110,
        5114,
        5013,
        5016,
        4812,
        4713,
        4715,
        4611,
        4613,
        4614,
        4314,
        4316,
        4212,
        4216,
        4114,
        4115,
        4011,
        3912,
        3812,
        3815,
        3714,
        3716,
        3612,
        3614,
        3615,
        3513,
        3515,
        3416
      ],
      "shouldPause": false
    },
    {
      "itemType": 99,
      "tilePositionOfsets": [
        1527,
        1528,
        1568,
        1426,
        1427,
        1429,
        1436,
        1440,
        1443,
        1449,
        1454,
        1457,
        1460,
        1466,
        1468,
        1325,
        1328,
        1329,
        1331,
        1333,
        1335,
        1339,
        1348,
        1353,
        1357,
        1367,
        1368,
        1223,
        1239,
        1245,
        1262,
        1263,
        1268,
        1124,
        1125,
        1128,
        1129,
        1131,
        1136,
        1143,
        1144,
        1156,
        1166,
        1029,
        1030,
        1033,
        1039,
        1042,
        1043,
        1050,
        1051,
        1055,
        1060,
        1061,
        1062,
        1065,
        934,
        951,
        960,
        848,
        860,
        868,
        761,
        765
      ],
      "shouldPause": false
    },
    {
      "itemType": 99,
      "tilePositionOfsets": [
        2481,
        2278,
        2076,
        2077,
        1976,
        1872,
        1875,
        1876,
        1771,
        1775,
        1777,
        1572,
        1576,
        1470,
        1473,
        1475,
        1370,
        1375,
        1272,
        1174
      ],
      "shouldPause": false
    },
    {
      "itemType": 98,
      "tilePositionOfsets": [
        5481
      ],
      "shouldPause": false
    },
    {
      "itemType": 98,
      "tilePositionOfsets": [
        5380
      ],
      "shouldPause": false
    },
    {
      "itemType": 98,
      "tilePositionOfsets": [
        5482
      ],
      "shouldPause": false
    },
    {
      "itemType": 98,
      "tilePositionOfsets": [
        5280
      ],
      "shouldPause": false
    },
    {
      "itemType": 98,
      "tilePositionOfsets": [
        5181
      ],
      "shouldPause": false
    },
    {
      "itemType": 98,
      "tilePositionOfsets": [
        5081
      ],
      "shouldPause": false
    },
    {
      "itemType": 98,
      "tilePositionOfsets": [
        5180
      ],
      "shouldPause": false
    },
    {
      "itemType": 98,
      "tilePositionOfsets": [
        5281
      ],
      "shouldPause": false
    },
    {
      "itemType": 98,
      "tilePositionOfsets": [
        5279
      ],
      "shouldPause": false
    },
    {
      "itemType": 98,
      "tilePositionOfsets": [
        5381
      ],
      "shouldPause": false
    },
    {
      "itemType": 98,
      "tilePositionOfsets": [
        5382
      ],
      "shouldPause": false
    },
    {
      "itemType": 98,
      "tilePositionOfsets": [
        5282
      ],
      "shouldPause": false
    },
    {
      "itemType": 98,
      "tilePositionOfsets": [
        5182
      ],
      "shouldPause": false
    },
    {
      "itemType": 98,
      "tilePositionOfsets": [
        5384
      ],
      "shouldPause": false
    },
    {
      "itemType": 98,
      "tilePositionOfsets": [
        5484
      ],
      "shouldPause": false
    },
    {
      "itemType": 98,
      "tilePositionOfsets": [
        5683
      ],
      "shouldPause": false
    },
    {
      "itemType": 98,
      "tilePositionOfsets": [
        5584
      ],
      "shouldPause": false
    },
    {
      "itemType": 98,
      "tilePositionOfsets": [
        5684
      ],
      "shouldPause": false
    },
    {
      "itemType": 98,
      "tilePositionOfsets": [
        5383
      ],
      "shouldPause": false
    },
    {
      "itemType": 98,
      "tilePositionOfsets": [
        5483
      ],
      "shouldPause": false
    },
    {
      "itemType": 98,
      "tilePositionOfsets": [
        6578
      ],
      "shouldPause": false
    },
    {
      "itemType": 98,
      "tilePositionOfsets": [
        6479
      ],
      "shouldPause": false
    },
    {
      "itemType": 98,
      "tilePositionOfsets": [
        6379
      ],
      "shouldPause": false
    },
    {
      "itemType": 98,
      "tilePositionOfsets": [
        6480
      ],
      "shouldPause": false
    },
    {
      "itemType": 98,
      "tilePositionOfsets": [
        6380
      ],
      "shouldPause": false
    },
    {
      "itemType": 98,
      "tilePositionOfsets": [
        6580
      ],
      "shouldPause": false
    },
    {
      "itemType": 98,
      "tilePositionOfsets": [
        6280
      ],
      "shouldPause": false
    },
    {
      "itemType": 98,
      "tilePositionOfsets": [
        6579
      ],
      "shouldPause": false
    },
    {
      "itemType": 98,
      "tilePositionOfsets": [
        6478
      ],
      "shouldPause": false
    },
    {
      "itemType": 98,
      "tilePositionOfsets": [
        6576
      ],
      "shouldPause": false
    },
    {
      "itemType": 98,
      "tilePositionOfsets": [
        6575
      ],
      "shouldPause": false
    },
    {
      "itemType": 98,
      "tilePositionOfsets": [
        6577
      ],
      "shouldPause": false
    },
    {
      "itemType": 98,
      "tilePositionOfsets": [
        6475
      ],
      "shouldPause": false
    },
    {
      "itemType": 98,
      "tilePositionOfsets": [
        6738
      ],
      "shouldPause": false
    },
    {
      "itemType": 98,
      "tilePositionOfsets": [
        6739
      ],
      "shouldPause": false
    },
    {
      "itemType": 98,
      "tilePositionOfsets": [
        6740
      ],
      "shouldPause": false
    },
    {
      "itemType": 98,
      "tilePositionOfsets": [
        6742
      ],
      "shouldPause": false
    },
    {
      "itemType": 98,
      "tilePositionOfsets": [
        6744
      ],
      "shouldPause": false
    },
    {
      "itemType": 98,
      "tilePositionOfsets": [
        6741
      ],
      "shouldPause": false
    },
    {
      "itemType": 98,
      "tilePositionOfsets": [
        6743
      ],
      "shouldPause": false
    },
    {
      "itemType": 98,
      "tilePositionOfsets": [
        6745
      ],
      "shouldPause": false
    },
    {
      "itemType": 98,
      "tilePositionOfsets": [
        6746
      ],
      "shouldPause": false
    },
    {
      "itemType": 98,
      "tilePositionOfsets": [
        6747
      ],
      "shouldPause": false
    },
    {
      "itemType": 98,
      "tilePositionOfsets": [
        6749
      ],
      "shouldPause": false
    },
    {
      "itemType": 98,
      "tilePositionOfsets": [
        6748
      ],
      "shouldPause": false
    },
    {
      "itemType": 98,
      "tilePositionOfsets": [
        6751
      ],
      "shouldPause": false
    },
    {
      "itemType": 98,
      "tilePositionOfsets": [
        6750
      ],
      "shouldPause": false
    },
    {
      "itemType": 98,
      "tilePositionOfsets": [
        6752
      ],
      "shouldPause": false
    },
    {
      "itemType": 98,
      "tilePositionOfsets": [
        6753
      ],
      "shouldPause": false
    },
    {
      "itemType": 98,
      "tilePositionOfsets": [
        6754
      ],
      "shouldPause": false
    },
    {
      "itemType": 98,
      "tilePositionOfsets": [
        6755
      ],
      "shouldPause": false
    },
    {
      "itemType": 98,
      "tilePositionOfsets": [
        6756
      ],
      "shouldPause": false
    },
    {
      "itemType": 98,
      "tilePositionOfsets": [
        6757
      ],
      "shouldPause": false
    },
    {
      "itemType": 98,
      "tilePositionOfsets": [
        6758
      ],
      "shouldPause": false
    },
    {
      "itemType": 98,
      "tilePositionOfsets": [
        6737
      ],
      "shouldPause": false
    },
    {
      "itemType": 98,
      "tilePositionOfsets": [
        6736
      ],
      "shouldPause": false
    },
    {
      "itemType": 98,
      "tilePositionOfsets": [
        6735
      ],
      "shouldPause": false
    },
    {
      "itemType": 98,
      "tilePositionOfsets": [
        6734
      ],
      "shouldPause": false
    },
    {
      "itemType": 98,
      "tilePositionOfsets": [
        6733
      ],
      "shouldPause": false
    },
    {
      "itemType": 98,
      "tilePositionOfsets": [
        6732
      ],
      "shouldPause": false
    },
    {
      "itemType": 98,
      "tilePositionOfsets": [
        6730
      ],
      "shouldPause": false
    },
    {
      "itemType": 98,
      "tilePositionOfsets": [
        6731
      ],
      "shouldPause": false
    },
    {
      "itemType": 98,
      "tilePositionOfsets": [
        6729
      ],
      "shouldPause": false
    },
    {
      "itemType": 98,
      "tilePositionOfsets": [
        6728
      ],
      "shouldPause": false
    },
    {
      "itemType": 98,
      "tilePositionOfsets": [
        6858
      ],
      "shouldPause": false
    },
    {
      "itemType": 98,
      "tilePositionOfsets": [
        6857
      ],
      "shouldPause": false
    },
    {
      "itemType": 98,
      "tilePositionOfsets": [
        6856
      ],
      "shouldPause": false
    },
    {
      "itemType": 98,
      "tilePositionOfsets": [
        6854
      ],
      "shouldPause": false
    },
    {
      "itemType": 98,
      "tilePositionOfsets": [
        6853
      ],
      "shouldPause": false
    },
    {
      "itemType": 98,
      "tilePositionOfsets": [
        6855
      ],
      "shouldPause": false
    },
    {
      "itemType": 98,
      "tilePositionOfsets": [
        6852
      ],
      "shouldPause": false
    },
    {
      "itemType": 98,
      "tilePositionOfsets": [
        6851
      ],
      "shouldPause": false
    },
    {
      "itemType": 98,
      "tilePositionOfsets": [
        6850
      ],
      "shouldPause": false
    },
    {
      "itemType": 98,
      "tilePositionOfsets": [
        6849
      ],
      "shouldPause": false
    },
    {
      "itemType": 98,
      "tilePositionOfsets": [
        6847
      ],
      "shouldPause": false
    },
    {
      "itemType": 98,
      "tilePositionOfsets": [
        6848
      ],
      "shouldPause": false
    },
    {
      "itemType": 98,
      "tilePositionOfsets": [
        6845
      ],
      "shouldPause": false
    },
    {
      "itemType": 98,
      "tilePositionOfsets": [
        6846
      ],
      "shouldPause": false
    },
    {
      "itemType": 98,
      "tilePositionOfsets": [
        6842
      ],
      "shouldPause": false
    },
    {
      "itemType": 98,
      "tilePositionOfsets": [
        6844
      ],
      "shouldPause": false
    },
    {
      "itemType": 98,
      "tilePositionOfsets": [
        6843
      ],
      "shouldPause": false
    },
    {
      "itemType": 98,
      "tilePositionOfsets": [
        6841
      ],
      "shouldPause": false
    },
    {
      "itemType": 98,
      "tilePositionOfsets": [
        6840
      ],
      "shouldPause": false
    },
    {
      "itemType": 98,
      "tilePositionOfsets": [
        6839
      ],
      "shouldPause": false
    },
    {
      "itemType": 98,
      "tilePositionOfsets": [
        6838
      ],
      "shouldPause": false
    },
    {
      "itemType": 98,
      "tilePositionOfsets": [
        6837
      ],
      "shouldPause": false
    },
    {
      "itemType": 98,
      "tilePositionOfsets": [
        6836
      ],
      "shouldPause": false
    },
    {
      "itemType": 98,
      "tilePositionOfsets": [
        6834
      ],
      "shouldPause": false
    },
    {
      "itemType": 98,
      "tilePositionOfsets": [
        6835
      ],
      "shouldPause": false
    },
    {
      "itemType": 98,
      "tilePositionOfsets": [
        6833
      ],
      "shouldPause": false
    },
    {
      "itemType": 98,
      "tilePositionOfsets": [
        6831
      ],
      "shouldPause": false
    },
    {
      "itemType": 98,
      "tilePositionOfsets": [
        6832
      ],
      "shouldPause": false
    },
    {
      "itemType": 98,
      "tilePositionOfsets": [
        6830
      ],
      "shouldPause": false
    },
    {
      "itemType": 98,
      "tilePositionOfsets": [
        6829
      ],
      "shouldPause": false
    },
    {
      "itemType": 98,
      "tilePositionOfsets": [
        6828
      ],
      "shouldPause": false
    },
    {
      "itemType": 98,
      "tilePositionOfsets": [
        4633
      ],
      "shouldPause": false
    },
    {
      "itemType": 98,
      "tilePositionOfsets": [
        4433
      ],
      "shouldPause": false
    },
    {
      "itemType": 98,
      "tilePositionOfsets": [
        4333
      ],
      "shouldPause": false
    },
    {
      "itemType": 98,
      "tilePositionOfsets": [
        4533
      ],
      "shouldPause": false
    },
    {
      "itemType": 98,
      "tilePositionOfsets": [
        4532
      ],
      "shouldPause": false
    },
    {
      "itemType": 98,
      "tilePositionOfsets": [
        4632
      ],
      "shouldPause": false
    },
    {
      "itemType": 98,
      "tilePositionOfsets": [
        4332
      ],
      "shouldPause": false
    },
    {
      "itemType": 98,
      "tilePositionOfsets": [
        4232
      ],
      "shouldPause": false
    },
    {
      "itemType": 98,
      "tilePositionOfsets": [
        4132
      ],
      "shouldPause": false
    },
    {
      "itemType": 98,
      "tilePositionOfsets": [
        4133
      ],
      "shouldPause": false
    },
    {
      "itemType": 98,
      "tilePositionOfsets": [
        4233
      ],
      "shouldPause": false
    },
    {
      "itemType": 98,
      "tilePositionOfsets": [
        4033
      ],
      "shouldPause": false
    },
    {
      "itemType": 98,
      "tilePositionOfsets": [
        3933
      ],
      "shouldPause": false
    },
    {
      "itemType": 98,
      "tilePositionOfsets": [
        3932
      ],
      "shouldPause": false
    },
    {
      "itemType": 98,
      "tilePositionOfsets": [
        4032
      ],
      "shouldPause": false
    },
    {
      "itemType": 98,
      "tilePositionOfsets": [
        4432
      ],
      "shouldPause": false
    },
    {
      "itemType": 98,
      "tilePositionOfsets": [
        3649
      ],
      "shouldPause": false
    },
    {
      "itemType": 98,
      "tilePositionOfsets": [
        3648
      ],
      "shouldPause": false
    },
    {
      "itemType": 98,
      "tilePositionOfsets": [
        3647
      ],
      "shouldPause": false
    },
    {
      "itemType": 98,
      "tilePositionOfsets": [
        3645
      ],
      "shouldPause": false
    },
    {
      "itemType": 98,
      "tilePositionOfsets": [
        3646
      ],
      "shouldPause": false
    },
    {
      "itemType": 98,
      "tilePositionOfsets": [
        3644
      ],
      "shouldPause": false
    },
    {
      "itemType": 98,
      "tilePositionOfsets": [
        3643
      ],
      "shouldPause": false
    },
    {
      "itemType": 98,
      "tilePositionOfsets": [
        3519
      ],
      "shouldPause": false
    },
    {
      "itemType": 98,
      "tilePositionOfsets": [
        3319
      ],
      "shouldPause": false
    },
    {
      "itemType": 98,
      "tilePositionOfsets": [
        3219
      ],
      "shouldPause": false
    },
    {
      "itemType": 98,
      "tilePositionOfsets": [
        3419
      ],
      "shouldPause": false
    },
    {
      "itemType": 98,
      "tilePositionOfsets": [
        3318
      ],
      "shouldPause": false
    },
    {
      "itemType": 98,
      "tilePositionOfsets": [
        3418
      ],
      "shouldPause": false
    },
    {
      "itemType": 98,
      "tilePositionOfsets": [
        3718
      ],
      "shouldPause": false
    },
    {
      "itemType": 98,
      "tilePositionOfsets": [
        4019
      ],
      "shouldPause": false
    },
    {
      "itemType": 98,
      "tilePositionOfsets": [
        3218
      ],
      "shouldPause": false
    },
    {
      "itemType": 98,
      "tilePositionOfsets": [
        3518
      ],
      "shouldPause": false
    },
    {
      "itemType": 98,
      "tilePositionOfsets": [
        3618
      ],
      "shouldPause": false
    },
    {
      "itemType": 98,
      "tilePositionOfsets": [
        3619
      ],
      "shouldPause": false
    },
    {
      "itemType": 98,
      "tilePositionOfsets": [
        3719
      ],
      "shouldPause": false
    },
    {
      "itemType": 98,
      "tilePositionOfsets": [
        3818
      ],
      "shouldPause": false
    },
    {
      "itemType": 98,
      "tilePositionOfsets": [
        3918
      ],
      "shouldPause": false
    },
    {
      "itemType": 98,
      "tilePositionOfsets": [
        4218
      ],
      "shouldPause": false
    },
    {
      "itemType": 98,
      "tilePositionOfsets": [
        4618
      ],
      "shouldPause": false
    },
    {
      "itemType": 98,
      "tilePositionOfsets": [
        4718
      ],
      "shouldPause": false
    },
    {
      "itemType": 98,
      "tilePositionOfsets": [
        4818
      ],
      "shouldPause": false
    },
    {
      "itemType": 98,
      "tilePositionOfsets": [
        5318
      ],
      "shouldPause": false
    },
    {
      "itemType": 98,
      "tilePositionOfsets": [
        4119
      ],
      "shouldPause": false
    },
    {
      "itemType": 98,
      "tilePositionOfsets": [
        4118
      ],
      "shouldPause": false
    },
    {
      "itemType": 98,
      "tilePositionOfsets": [
        4018
      ],
      "shouldPause": false
    },
    {
      "itemType": 98,
      "tilePositionOfsets": [
        3819
      ],
      "shouldPause": false
    },
    {
      "itemType": 98,
      "tilePositionOfsets": [
        3919
      ],
      "shouldPause": false
    },
    {
      "itemType": 98,
      "tilePositionOfsets": [
        4219
      ],
      "shouldPause": false
    },
    {
      "itemType": 98,
      "tilePositionOfsets": [
        4419
      ],
      "shouldPause": false
    },
    {
      "itemType": 98,
      "tilePositionOfsets": [
        4519
      ],
      "shouldPause": false
    },
    {
      "itemType": 98,
      "tilePositionOfsets": [
        4619
      ],
      "shouldPause": false
    },
    {
      "itemType": 98,
      "tilePositionOfsets": [
        4719
      ],
      "shouldPause": false
    },
    {
      "itemType": 98,
      "tilePositionOfsets": [
        4418
      ],
      "shouldPause": false
    },
    {
      "itemType": 98,
      "tilePositionOfsets": [
        4318
      ],
      "shouldPause": false
    },
    {
      "itemType": 98,
      "tilePositionOfsets": [
        4518
      ],
      "shouldPause": false
    },
    {
      "itemType": 98,
      "tilePositionOfsets": [
        4319
      ],
      "shouldPause": false
    },
    {
      "itemType": 98,
      "tilePositionOfsets": [
        4919
      ],
      "shouldPause": false
    },
    {
      "itemType": 98,
      "tilePositionOfsets": [
        4819
      ],
      "shouldPause": false
    },
    {
      "itemType": 98,
      "tilePositionOfsets": [
        4918
      ],
      "shouldPause": false
    },
    {
      "itemType": 98,
      "tilePositionOfsets": [
        5118
      ],
      "shouldPause": false
    },
    {
      "itemType": 98,
      "tilePositionOfsets": [
        5218
      ],
      "shouldPause": false
    },
    {
      "itemType": 98,
      "tilePositionOfsets": [
        5018
      ],
      "shouldPause": false
    },
    {
      "itemType": 98,
      "tilePositionOfsets": [
        5019
      ],
      "shouldPause": false
    },
    {
      "itemType": 98,
      "tilePositionOfsets": [
        5119
      ],
      "shouldPause": false
    },
    {
      "itemType": 98,
      "tilePositionOfsets": [
        5219
      ],
      "shouldPause": false
    },
    {
      "itemType": 98,
      "tilePositionOfsets": [
        5419
      ],
      "shouldPause": false
    },
    {
      "itemType": 98,
      "tilePositionOfsets": [
        5519
      ],
      "shouldPause": false
    },
    {
      "itemType": 98,
      "tilePositionOfsets": [
        5619
      ],
      "shouldPause": false
    },
    {
      "itemType": 98,
      "tilePositionOfsets": [
        5618
      ],
      "shouldPause": false
    },
    {
      "itemType": 98,
      "tilePositionOfsets": [
        5518
      ],
      "shouldPause": false
    },
    {
      "itemType": 98,
      "tilePositionOfsets": [
        5418
      ],
      "shouldPause": false
    },
    {
      "itemType": 98,
      "tilePositionOfsets": [
        5319
      ],
      "shouldPause": false
    }
  ],
  "miscItems": [
    {
      "positionOfset": 5940,
      "itemType": 1,
      "number": 0
    },
    {
      "positionOfset": 3946,
      "itemType": 1,
      "number": 1
    },
    {
      "positionOfset": 6567,
      "itemType": 2,
      "number": 0
    },
    {
      "positionOfset": 4975,
      "itemType": 2,
      "number": 1
    },
    {
      "positionOfset": 6223,
      "itemType": 2,
      "number": 2
    },
    {
      "positionOfset": 6077,
      "itemType": 4,
      "number": 0
    },
    {
      "positionOfset": 5779,
      "itemType": 4,
      "number": 1
    },
    {
      "positionOfset": 5843,
      "itemType": 4,
      "number": 2
    },
    {
      "positionOfset": 5846,
      "itemType": 4,
      "number": 3
    },
    {
      "positionOfset": 5849,
      "itemType": 4,
      "number": 4
    },
    {
      "positionOfset": 6823,
      "itemType": 5,
      "number": 0
    },
    {
      "positionOfset": 6217,
      "itemType": 5,
      "number": 1
    },
    {
      "positionOfset": 6939,
      "itemType": 5,
      "number": 2
    },
    {
      "positionOfset": 8280,
      "itemType": 5,
      "number": 3
    },
    {
      "positionOfset": 7983,
      "itemType": 5,
      "number": 4
    },
    {
      "positionOfset": 7474,
      "itemType": 6,
      "number": 0
    },
    {
      "positionOfset": 3083,
      "itemType": 6,
      "number": 1
    },
    {
      "positionOfset": 2724,
      "itemType": 6,
      "number": 2
    },
    {
      "positionOfset": 3858,
      "itemType": 6,
      "number": 3
    },
    {
      "positionOfset": 4961,
      "itemType": 6,
      "number": 4
    },
    {
      "positionOfset": 6051,
      "itemType": 6,
      "number": 5
    },
    {
      "positionOfset": 5335,
      "itemType": 6,
      "number": 6
    },
    {
      "positionOfset": 6767,
      "itemType": 6,
      "number": 7
    },
    {
      "positionOfset": 5076,
      "itemType": 6,
      "number": 8
    },
    {
      "positionOfset": 2973,
      "itemType": 6,
      "number": 9
    },
    {
      "positionOfset": 6665,
      "itemType": 7,
      "number": 0
    },
    {
      "positionOfset": 4973,
      "itemType": 7,
      "number": 1
    },
    {
      "positionOfset": 6125,
      "itemType": 7,
      "number": 2
    },
    {
      "positionOfset": 2872,
      "itemType": 7,
      "number": 3
    },
    {
      "positionOfset": 7374,
      "itemType": 7,
      "number": 4
    },
    {
      "positionOfset": 6038,
      "itemType": 7,
      "number": 5
    },
    {
      "positionOfset": 5546,
      "itemType": 7,
      "number": 6
    },
    {
      "positionOfset": 5346,
      "itemType": 13,
      "number": 0
    },
    {
      "positionOfset": 4437,
      "itemType": 13,
      "number": 1
    },
    {
      "positionOfset": 5840,
      "itemType": 13,
      "number": 2
    },
    {
      "positionOfset": 3947,
      "itemType": 13,
      "number": 3
    },
    {
      "positionOfset": 2773,
      "itemType": 16,
      "number": 0
    },
    {
      "positionOfset": 2162,
      "itemType": 16,
      "number": 1
    },
    {
      "positionOfset": 2135,
      "itemType": 16,
      "number": 2
    },
    {
      "positionOfset": 2625,
      "itemType": 16,
      "number": 3
    },
    {
      "positionOfset": 6043,
      "itemType": 16,
      "number": 4
    },
    {
      "positionOfset": 3945,
      "itemType": 16,
      "number": 5
    },
    {
      "positionOfset": 4436,
      "itemType": 16,
      "number": 6
    },
    {
      "positionOfset": 6056,
      "itemType": 16,
      "number": 7
    },
    {
      "positionOfset": 6325,
      "itemType": 16,
      "number": 8
    },
    {
      "positionOfset": 7475,
      "itemType": 16,
      "number": 9
    },
    {
      "positionOfset": 3183,
      "itemType": 19,
      "number": 0
    },
    {
      "positionOfset": 2823,
      "itemType": 19,
      "number": 1
    },
    {
      "positionOfset": 6040,
      "itemType": 19,
      "number": 2
    },
    {
      "positionOfset": 2149,
      "itemType": 19,
      "number": 3
    },
    {
      "positionOfset": 3845,
      "itemType": 19,
      "number": 4
    },
    {
      "positionOfset": 6423,
      "itemType": 19,
      "number": 5
    },
    {
      "positionOfset": 5175,
      "itemType": 19,
      "number": 6
    },
    {
      "positionOfset": 2623,
      "itemType": 20,
      "number": 0
    },
    {
      "positionOfset": 3082,
      "itemType": 20,
      "number": 1
    },
    {
      "positionOfset": 7375,
      "itemType": 20,
      "number": 2
    },
    {
      "positionOfset": 5839,
      "itemType": 20,
      "number": 3
    },
    {
      "positionOfset": 3847,
      "itemType": 20,
      "number": 4
    },
    {
      "positionOfset": 4435,
      "itemType": 20,
      "number": 5
    }
  ]
}